state,action,reward,next_state,done
0,3,0.4,1,False
31,1,0.4,41,False
22,3,0.4,23,False
89,1,20.0,99,True
1,3,0.4,2,False
42,2,-2.0,42,False
89,1,20.0,99,True
11,1,0.4,21,False
11,3,0.4,12,False
12,3,0.4,13,False
23,2,-0.30000000000000004,22,False
10,1,0.4,20,False
1,0,-0.30000000000000004,1,False
73,2,-1.3,72,False
1,1,0.4,11,False
24,3,0.4,25,False
10,1,0.4,20,False
12,3,0.4,13,False
63,1,-3.0,63,False
51,3,0.4,52,False
1,1,0.4,11,False
1,2,-0.30000000000000004,0,False
22,1,0.4,32,False
0,3,0.4,1,False
0,3,-2.0,0,False
0,0,-0.30000000000000004,0,False
65,3,0.4,66,False
23,3,0.4,24,False
0,0,-0.30000000000000004,0,False
1,0,-0.30000000000000004,1,False
13,3,0.4,14,False
12,1,-2.0,12,False
2,1,-2.0,2,False
11,1,0.4,21,False
12,3,-2.0,12,False
10,3,0.4,11,False
23,0,-0.30000000000000004,13,False
62,3,-3.0,62,False
0,1,0.4,10,False
30,3,-2.0,30,False
1,1,0.4,11,False
10,1,0.4,20,False
10,1,0.4,20,False
10,1,0.4,20,False
11,2,-0.30000000000000004,10,False
23,1,0.4,33,False
10,3,0.4,11,False
0,3,0.4,1,False
0,2,-0.30000000000000004,0,False
13,3,-2.0,13,False
11,3,0.4,12,False
1,1,0.4,11,False
98,3,20.0,99,True
0,2,-0.30000000000000004,0,False
10,1,0.4,20,False
10,1,0.4,20,False
23,1,0.4,33,False
20,3,-2.0,20,False
10,1,0.4,20,False
20,2,-0.30000000000000004,20,False
30,1,0.4,40,False
89,1,20.0,99,True
13,0,-0.30000000000000004,3,False
42,0,-0.30000000000000004,32,False
1,1,0.4,11,False
20,1,-0.6,30,False
0,1,0.4,10,False
89,1,20.0,99,True
89,1,20.0,99,True
44,2,-0.30000000000000004,43,False
1,1,0.4,11,False
98,3,20.0,99,True
34,3,-3.0,34,False
27,2,-1.3,26,False
10,1,0.4,20,False
2,2,-0.30000000000000004,1,False
30,3,0.4,31,False
20,1,0.4,30,False
1,0,-0.30000000000000004,1,False
44,1,0.4,54,False
12,0,-2.0,12,False
2,0,-0.30000000000000004,2,False
0,1,0.4,10,False
35,3,0.4,36,False
31,3,0.4,32,False
10,3,0.4,11,False
53,2,-1.3,52,False
11,1,0.4,21,False
32,3,0.4,33,False
13,3,0.4,14,False
89,1,20.0,99,True
20,3,0.4,21,False
16,0,-0.30000000000000004,6,False
0,2,-0.30000000000000004,0,False
63,1,-3.0,63,False
20,1,0.4,30,False
2,0,-0.30000000000000004,2,False
2,0,-1.3,2,False
0,0,-0.30000000000000004,0,False
34,3,0.4,35,False
20,1,0.4,30,False
13,0,-0.30000000000000004,3,False
36,0,-1.3,26,False
12,0,-0.30000000000000004,2,False
22,1,0.4,32,False
43,1,-2.0,43,False
0,1,0.4,10,False
11,3,0.4,12,False
2,3,0.4,3,False
30,2,-0.30000000000000004,30,False
20,1,0.4,30,False
43,2,-0.30000000000000004,42,False
32,3,0.4,33,False
41,3,-0.6,42,False
3,3,0.4,4,False
1,1,0.4,11,False
20,2,-0.30000000000000004,20,False
70,2,-0.30000000000000004,70,False
31,2,-1.3,30,False
32,0,-1.3,22,False
41,0,-0.30000000000000004,31,False
0,2,-0.30000000000000004,0,False
25,3,0.4,26,False
89,1,20.0,99,True
25,0,-0.30000000000000004,15,False
23,2,-0.30000000000000004,22,False
0,3,0.4,1,False
98,3,20.0,99,True
20,0,-0.30000000000000004,10,False
10,3,0.4,11,False
14,1,-0.6,24,False
41,3,0.4,42,False
3,3,0.4,4,False
13,2,-0.30000000000000004,12,False
89,1,20.0,99,True
12,1,-2.0,12,False
2,2,-0.30000000000000004,1,False
43,3,0.4,44,False
89,1,20.0,99,True
12,1,0.4,22,False
35,1,0.4,45,False
22,3,0.4,23,False
0,2,-0.30000000000000004,0,False
0,1,0.4,10,False
1,3,0.4,2,False
1,3,0.4,2,False
22,2,-0.30000000000000004,21,False
1,1,0.4,11,False
0,2,-0.30000000000000004,0,False
20,2,-0.30000000000000004,20,False
0,2,-0.30000000000000004,0,False
11,2,-0.30000000000000004,10,False
10,3,-0.6,11,False
43,3,0.4,44,False
21,0,-1.3,11,False
12,0,-0.30000000000000004,2,False
20,0,-0.30000000000000004,10,False
57,3,-0.6,58,False
31,3,0.4,32,False
0,1,0.4,10,False
22,2,-0.30000000000000004,21,False
31,1,0.4,41,False
35,0,-0.30000000000000004,25,False
89,1,20.0,99,True
98,3,20.0,99,True
98,3,20.0,99,True
20,1,0.4,30,False
0,3,-2.0,0,False
13,3,0.4,14,False
11,3,0.4,12,False
23,0,-0.30000000000000004,13,False
11,3,0.4,12,False
12,2,-0.30000000000000004,11,False
98,3,20.0,99,True
11,1,0.4,21,False
1,1,0.4,11,False
23,0,-0.30000000000000004,13,False
98,3,20.0,99,True
50,0,-0.30000000000000004,40,False
0,3,-2.0,0,False
0,0,-0.30000000000000004,0,False
1,1,0.4,11,False
46,0,-0.30000000000000004,36,False
32,3,0.4,33,False
0,0,-0.30000000000000004,0,False
0,3,0.4,1,False
89,1,20.0,99,True
51,1,-3.0,51,False
20,3,-2.0,20,False
0,1,0.4,10,False
12,3,0.4,13,False
10,0,-0.30000000000000004,0,False
41,1,-2.0,41,False
93,0,-1.3,83,False
10,1,0.4,20,False
2,2,-0.30000000000000004,1,False
17,3,0.4,18,False
89,1,20.0,99,True
3,3,-2.0,3,False
0,3,-2.0,0,False
0,1,0.4,10,False
1,1,0.4,11,False
13,1,-2.0,13,False
1,1,0.4,11,False
13,3,0.4,14,False
22,2,-1.3,21,False
1,0,-0.30000000000000004,1,False
30,2,-1.3,30,False
12,1,0.4,22,False
21,1,-2.0,21,False
0,3,0.4,1,False
89,3,-1.3,89,False
42,1,0.4,52,False
21,3,0.4,22,False
21,0,-0.30000000000000004,11,False
0,0,-0.30000000000000004,0,False
32,3,0.4,33,False
13,2,-0.30000000000000004,12,False
36,0,-1.3,26,False
11,0,-0.30000000000000004,1,False
20,2,-0.30000000000000004,20,False
41,0,-0.30000000000000004,31,False
11,1,0.4,21,False
0,1,0.4,10,False
1,3,0.4,2,False
0,1,0.4,10,False
11,3,0.4,12,False
12,1,0.4,22,False
65,3,0.4,66,False
10,0,-0.30000000000000004,0,False
10,2,-0.30000000000000004,10,False
4,0,-0.30000000000000004,4,False
40,0,-0.30000000000000004,30,False
21,1,0.4,31,False
0,3,0.4,1,False
57,3,0.4,58,False
4,0,-0.30000000000000004,4,False
10,3,0.4,11,False
1,3,0.4,2,False
2,3,0.4,3,False
30,1,0.4,40,False
4,1,0.4,14,False
11,1,-2.0,11,False
0,2,-0.30000000000000004,0,False
10,1,0.4,20,False
1,2,-0.30000000000000004,0,False
0,0,-0.30000000000000004,0,False
58,2,-0.30000000000000004,57,False
52,0,-0.30000000000000004,42,False
22,1,0.4,32,False
31,3,-2.0,31,False
94,0,-1.3,84,False
0,3,0.4,1,False
34,0,-0.30000000000000004,24,False
2,2,-0.30000000000000004,1,False
2,1,0.4,12,False
21,1,-2.0,21,False
40,3,0.4,41,False
2,3,0.4,3,False
30,1,0.4,40,False
21,3,0.4,22,False
11,1,0.4,21,False
0,3,0.4,1,False
31,2,-0.30000000000000004,30,False
2,1,-2.0,2,False
51,3,0.4,52,False
16,2,-0.30000000000000004,15,False
2,3,0.4,3,False
0,0,-0.30000000000000004,0,False
12,3,0.4,13,False
89,1,20.0,99,True
32,1,0.4,42,False
1,3,0.4,2,False
1,0,-0.30000000000000004,1,False
30,3,-2.0,30,False
2,3,0.4,3,False
12,1,0.4,22,False
10,1,0.4,20,False
20,0,-0.30000000000000004,10,False
20,3,-2.0,20,False
11,3,0.4,12,False
0,1,0.4,10,False
1,3,0.4,2,False
0,1,0.4,10,False
20,0,-0.30000000000000004,10,False
2,3,0.4,3,False
25,1,0.4,35,False
0,1,0.4,10,False
32,3,0.4,33,False
0,3,0.4,1,False
21,3,0.4,22,False
11,3,0.4,12,False
42,1,0.4,52,False
0,3,0.4,1,False
89,1,20.0,99,True
10,3,0.4,11,False
13,2,-1.3,12,False
1,3,0.4,2,False
0,1,0.4,10,False
11,3,0.4,12,False
98,3,20.0,99,True
98,3,20.0,99,True
98,3,20.0,99,True
22,1,0.4,32,False
11,0,-0.30000000000000004,1,False
3,3,0.4,4,False
22,1,0.4,32,False
43,1,0.4,53,False
32,2,-1.3,31,False
10,2,-0.30000000000000004,10,False
1,0,-0.30000000000000004,1,False
73,0,-3.0,73,False
11,2,-1.3,10,False
33,2,-0.30000000000000004,32,False
98,3,20.0,99,True
89,1,20.0,99,True
98,3,20.0,99,True
10,3,0.4,11,False
98,3,20.0,99,True
0,1,0.4,10,False
0,3,-2.0,0,False
20,1,0.4,30,False
34,3,0.4,35,False
12,1,0.4,22,False
0,1,-2.0,0,False
10,3,0.4,11,False
24,3,-2.0,24,False
12,3,0.4,13,False
24,3,0.4,25,False
11,3,0.4,12,False
12,3,0.4,13,False
0,0,-0.30000000000000004,0,False
29,2,-1.3,28,False
0,0,-0.30000000000000004,0,False
15,1,0.4,25,False
21,3,0.4,22,False
20,1,-3.0,20,False
32,1,-0.6,42,False
21,1,0.4,31,False
0,2,-0.30000000000000004,0,False
0,1,0.4,10,False
0,2,-0.30000000000000004,0,False
13,3,0.4,14,False
1,1,0.4,11,False
0,1,0.4,10,False
0,1,0.4,10,False
75,2,-0.30000000000000004,74,False
0,1,0.4,10,False
20,1,0.4,30,False
0,1,-2.0,0,False
42,3,-0.6,43,False
18,0,-0.30000000000000004,8,False
0,0,-0.30000000000000004,0,False
0,1,0.4,10,False
14,3,0.4,15,False
10,0,-0.30000000000000004,0,False
10,1,-3.0,10,False
23,2,-1.3,22,False
51,2,-0.30000000000000004,50,False
21,3,0.4,22,False
52,3,0.4,53,False
2,1,0.4,12,False
21,3,-2.0,21,False
62,1,0.4,72,False
33,3,-3.0,33,False
14,1,-3.0,14,False
32,2,-0.30000000000000004,31,False
3,3,0.4,4,False
2,1,0.4,12,False
34,1,0.4,44,False
34,1,0.4,44,False
10,1,-2.0,10,False
0,1,0.4,10,False
23,0,-0.30000000000000004,13,False
3,2,-0.30000000000000004,2,False
30,1,-2.0,30,False
22,1,0.4,32,False
1,3,0.4,2,False
20,0,-0.30000000000000004,10,False
98,3,20.0,99,True
0,3,0.4,1,False
12,3,0.4,13,False
2,3,0.4,3,False
89,1,20.0,99,True
3,1,0.4,13,False
6,3,0.4,7,False
23,3,0.4,24,False
1,0,-0.30000000000000004,1,False
30,1,0.4,40,False
1,0,-0.30000000000000004,1,False
0,3,0.4,1,False
32,1,0.4,42,False
30,3,0.4,31,False
47,1,-0.6,57,False
2,1,0.4,12,False
24,1,-2.0,24,False
10,1,0.4,20,False
10,2,-0.30000000000000004,10,False
2,3,0.4,3,False
20,3,0.4,21,False
0,2,-0.30000000000000004,0,False
2,1,0.4,12,False
2,3,-2.0,2,False
20,1,0.4,30,False
0,1,0.4,10,False
21,1,0.4,31,False
14,0,-0.30000000000000004,4,False
1,0,-0.30000000000000004,1,False
2,1,0.4,12,False
11,3,0.4,12,False
22,2,-1.3,21,False
0,1,0.4,10,False
21,1,0.4,31,False
12,1,0.4,22,False
31,3,-0.6,32,False
0,3,0.4,1,False
11,3,0.4,12,False
12,2,-0.30000000000000004,11,False
21,3,-2.0,21,False
10,3,0.4,11,False
1,1,0.4,11,False
12,1,0.4,22,False
41,1,-2.0,41,False
30,1,0.4,40,False
10,3,-2.0,10,False
21,1,0.4,31,False
11,1,0.4,21,False
14,1,0.4,24,False
0,3,0.4,1,False
1,2,-0.30000000000000004,0,False
20,3,0.4,21,False
89,1,20.0,99,True
22,1,0.4,32,False
21,3,0.4,22,False
13,3,0.4,14,False
51,1,0.4,61,False
0,2,-0.30000000000000004,0,False
23,1,0.4,33,False
11,1,0.4,21,False
32,3,0.4,33,False
0,0,-0.30000000000000004,0,False
12,1,0.4,22,False
21,1,-2.0,21,False
12,1,0.4,22,False
31,1,0.4,41,False
10,0,-0.30000000000000004,0,False
41,0,-0.30000000000000004,31,False
21,1,0.4,31,False
11,3,0.4,12,False
0,3,0.4,1,False
0,1,0.4,10,False
10,2,-0.30000000000000004,10,False
1,3,-2.0,1,False
0,3,0.4,1,False
33,3,-3.0,33,False
20,2,-0.30000000000000004,20,False
98,3,20.0,99,True
3,1,0.4,13,False
2,3,0.4,3,False
0,3,0.4,1,False
0,1,0.4,10,False
0,3,0.4,1,False
11,1,-0.6,21,False
98,3,20.0,99,True
89,1,20.0,99,True
32,0,-0.30000000000000004,22,False
42,2,-0.30000000000000004,41,False
1,2,-0.30000000000000004,0,False
2,3,0.4,3,False
1,3,0.4,2,False
11,0,-0.30000000000000004,1,False
89,1,20.0,99,True
89,1,20.0,99,True
41,3,0.4,42,False
11,0,-0.30000000000000004,1,False
23,3,-2.0,23,False
21,3,-2.0,21,False
1,1,0.4,11,False
12,0,-1.3,2,False
11,2,-0.30000000000000004,10,False
43,3,0.4,44,False
10,3,0.4,11,False
89,1,20.0,99,True
30,3,0.4,31,False
0,1,0.4,10,False
1,2,-0.30000000000000004,0,False
10,1,0.4,20,False
43,3,0.4,44,False
20,0,-0.30000000000000004,10,False
89,1,20.0,99,True
89,1,20.0,99,True
42,3,0.4,43,False
4,1,0.4,14,False
23,3,-3.0,23,False
89,1,20.0,99,True
32,0,-0.30000000000000004,22,False
0,1,0.4,10,False
2,0,-0.30000000000000004,2,False
10,3,0.4,11,False
24,3,0.4,25,False
0,1,-2.0,0,False
30,2,-0.30000000000000004,30,False
22,0,-0.30000000000000004,12,False
22,3,-2.0,22,False
43,1,0.4,53,False
0,3,0.4,1,False
1,2,-0.30000000000000004,0,False
20,1,-2.0,20,False
2,0,-0.30000000000000004,2,False
4,1,0.4,14,False
2,0,-0.30000000000000004,2,False
39,1,0.4,49,False
0,1,0.4,10,False
0,3,0.4,1,False
21,1,0.4,31,False
0,1,0.4,10,False
13,3,0.4,14,False
89,1,20.0,99,True
43,3,0.4,44,False
30,0,-0.30000000000000004,20,False
20,2,-0.30000000000000004,20,False
0,1,0.4,10,False
22,3,0.4,23,False
1,1,0.4,11,False
24,3,-3.0,24,False
13,1,-0.6,23,False
36,1,0.4,46,False
98,3,20.0,99,True
41,3,0.4,42,False
10,1,0.4,20,False
12,3,0.4,13,False
0,1,0.4,10,False
98,3,20.0,99,True
6,3,0.4,7,False
11,3,0.4,12,False
11,1,0.4,21,False
12,1,0.4,22,False
37,2,-0.30000000000000004,36,False
0,3,-2.0,0,False
21,2,-0.30000000000000004,20,False
0,3,0.4,1,False
20,1,0.4,30,False
21,2,-0.30000000000000004,20,False
10,0,-0.30000000000000004,0,False
46,1,0.4,56,False
1,3,0.4,2,False
10,3,-2.0,10,False
11,0,-0.30000000000000004,1,False
26,1,0.4,36,False
25,3,0.4,26,False
90,3,-3.0,90,False
0,1,0.4,10,False
23,3,0.4,24,False
11,1,0.4,21,False
10,1,-2.0,10,False
11,3,0.4,12,False
10,3,0.4,11,False
10,1,0.4,20,False
12,2,-0.30000000000000004,11,False
89,1,20.0,99,True
43,1,0.4,53,False
31,2,-0.30000000000000004,30,False
0,0,-0.30000000000000004,0,False
10,1,-2.0,10,False
2,3,0.4,3,False
98,3,20.0,99,True
14,2,-0.30000000000000004,13,False
1,1,-2.0,1,False
0,2,-0.30000000000000004,0,False
23,1,0.4,33,False
13,2,-0.30000000000000004,12,False
1,0,-0.30000000000000004,1,False
0,1,0.4,10,False
34,1,-0.6,44,False
0,3,-2.0,0,False
23,1,0.4,33,False
22,0,-0.30000000000000004,12,False
33,1,-3.0,33,False
13,1,0.4,23,False
10,1,0.4,20,False
0,1,0.4,10,False
42,3,0.4,43,False
11,0,-0.30000000000000004,1,False
11,3,0.4,12,False
12,1,-2.0,12,False
31,0,-0.30000000000000004,21,False
0,2,-0.30000000000000004,0,False
3,3,0.4,4,False
10,0,-0.30000000000000004,0,False
72,3,0.4,73,False
14,1,-2.0,14,False
1,3,0.4,2,False
60,0,-1.3,50,False
12,0,-0.30000000000000004,2,False
32,2,-3.0,32,False
32,1,0.4,42,False
12,1,0.4,22,False
2,3,0.4,3,False
89,1,20.0,99,True
0,3,-0.6,1,False
89,1,20.0,99,True
43,2,-1.3,42,False
13,1,-2.0,13,False
24,3,0.4,25,False
13,1,-0.6,23,False
10,1,0.4,20,False
32,2,-0.30000000000000004,31,False
32,1,0.4,42,False
1,1,-2.0,1,False
11,3,0.4,12,False
11,3,0.4,12,False
11,3,0.4,12,False
20,0,-0.30000000000000004,10,False
89,1,20.0,99,True
0,3,0.4,1,False
2,3,-2.0,2,False
0,3,0.4,1,False
15,3,0.4,16,False
32,0,-3.0,32,False
11,1,0.4,21,False
89,1,20.0,99,True
12,1,0.4,22,False
34,3,0.4,35,False
2,1,0.4,12,False
13,1,-2.0,13,False
10,0,-0.30000000000000004,0,False
0,0,-0.30000000000000004,0,False
93,3,0.4,94,False
0,3,0.4,1,False
0,3,0.4,1,False
30,3,0.4,31,False
25,1,0.4,35,False
1,1,0.4,11,False
45,3,-0.6,46,False
11,3,0.4,12,False
0,1,0.4,10,False
41,1,0.4,51,False
46,0,-0.30000000000000004,36,False
89,1,20.0,99,True
10,3,0.4,11,False
98,3,20.0,99,True
30,2,-0.30000000000000004,30,False
21,3,0.4,22,False
0,3,-2.0,0,False
22,3,-2.0,22,False
22,1,0.4,32,False
30,3,0.4,31,False
21,3,0.4,22,False
4,1,0.4,14,False
89,1,20.0,99,True
1,3,0.4,2,False
32,1,-2.0,32,False
0,1,0.4,10,False
1,2,-0.30000000000000004,0,False
0,1,0.4,10,False
1,2,-0.30000000000000004,0,False
10,3,-2.0,10,False
2,1,0.4,12,False
13,0,-0.30000000000000004,3,False
52,3,-0.6,53,False
10,1,0.4,20,False
0,3,0.4,1,False
12,1,0.4,22,False
0,3,0.4,1,False
20,0,-1.3,10,False
30,3,-2.0,30,False
12,1,0.4,22,False
1,1,-2.0,1,False
24,3,0.4,25,False
41,3,0.4,42,False
0,1,-2.0,0,False
13,2,-2.0,13,False
10,1,0.4,20,False
2,1,-0.6,12,False
42,3,0.4,43,False
45,1,-3.0,45,False
5,1,0.4,15,False
10,1,0.4,20,False
31,3,-2.0,31,False
1,0,-0.30000000000000004,1,False
1,3,0.4,2,False
0,3,-3.0,0,False
32,1,0.4,42,False
20,3,0.4,21,False
31,3,0.4,32,False
89,1,20.0,99,True
15,1,-2.0,15,False
22,3,0.4,23,False
0,1,0.4,10,False
70,3,0.4,71,False
0,1,0.4,10,False
0,1,0.4,10,False
11,2,-0.30000000000000004,10,False
89,1,20.0,99,True
10,2,-0.30000000000000004,10,False
22,1,0.4,32,False
25,2,-0.30000000000000004,24,False
30,1,0.4,40,False
20,3,-2.0,20,False
12,3,0.4,13,False
10,3,0.4,11,False
4,0,-0.30000000000000004,4,False
1,3,0.4,2,False
12,1,-2.0,12,False
0,1,-2.0,0,False
22,1,0.4,32,False
0,2,-0.30000000000000004,0,False
1,3,-2.0,1,False
21,3,0.4,22,False
98,3,20.0,99,True
89,1,20.0,99,True
30,2,-1.3,30,False
3,3,0.4,4,False
0,3,0.4,1,False
2,3,0.4,3,False
31,1,-2.0,31,False
98,3,20.0,99,True
27,3,0.4,28,False
53,0,-0.30000000000000004,43,False
1,1,0.4,11,False
47,3,0.4,48,False
23,1,0.4,33,False
23,3,-3.0,23,False
20,0,-0.30000000000000004,10,False
2,1,-2.0,2,False
10,2,-0.30000000000000004,10,False
42,1,0.4,52,False
10,3,-2.0,10,False
89,1,20.0,99,True
0,0,-0.30000000000000004,0,False
1,0,-0.30000000000000004,1,False
11,1,0.4,21,False
0,0,-0.30000000000000004,0,False
2,2,-0.30000000000000004,1,False
98,3,20.0,99,True
1,0,-0.30000000000000004,1,False
10,2,-0.30000000000000004,10,False
36,3,0.4,37,False
11,1,-2.0,11,False
0,2,-0.30000000000000004,0,False
44,1,0.4,54,False
0,1,-2.0,0,False
30,0,-0.30000000000000004,20,False
0,3,0.4,1,False
20,1,0.4,30,False
21,0,-0.30000000000000004,11,False
10,1,0.4,20,False
41,1,0.4,51,False
89,1,20.0,99,True
41,0,-0.30000000000000004,31,False
54,1,0.4,64,False
51,3,0.4,52,False
31,0,-1.3,21,False
33,1,0.4,43,False
61,2,-0.30000000000000004,60,False
11,3,0.4,12,False
35,2,-0.30000000000000004,34,False
31,2,-0.30000000000000004,30,False
25,1,0.4,35,False
31,3,0.4,32,False
32,1,0.4,42,False
3,3,0.4,4,False
33,1,0.4,43,False
10,1,0.4,20,False
46,2,-0.30000000000000004,45,False
11,1,0.4,21,False
0,0,-0.30000000000000004,0,False
1,1,-2.0,1,False
13,1,0.4,23,False
43,3,0.4,44,False
11,0,-0.30000000000000004,1,False
23,2,-0.30000000000000004,22,False
10,1,0.4,20,False
1,2,-0.30000000000000004,0,False
20,3,0.4,21,False
46,3,0.4,47,False
12,0,-0.30000000000000004,2,False
89,1,20.0,99,True
15,1,0.4,25,False
10,2,-0.30000000000000004,10,False
11,3,0.4,12,False
23,2,-2.0,23,False
0,3,0.4,1,False
22,1,0.4,32,False
0,1,0.4,10,False
0,3,0.4,1,False
32,3,-0.6,33,False
14,3,0.4,15,False
54,2,-0.30000000000000004,53,False
10,3,0.4,11,False
11,1,-3.0,11,False
0,1,0.4,10,False
11,1,-2.0,11,False
0,1,0.4,10,False
64,1,0.4,74,False
0,3,-2.0,0,False
11,1,0.4,21,False
0,3,0.4,1,False
13,1,0.4,23,False
50,3,-2.0,50,False
8,0,-1.3,8,False
2,3,0.4,3,False
21,3,0.4,22,False
0,3,0.4,1,False
89,1,20.0,99,True
14,0,-0.30000000000000004,4,False
11,1,0.4,21,False
53,1,0.4,63,False
34,1,0.4,44,False
14,3,0.4,15,False
12,1,0.4,22,False
98,3,20.0,99,True
13,3,0.4,14,False
10,3,0.4,11,False
1,3,0.4,2,False
13,3,0.4,14,False
1,1,0.4,11,False
22,2,-0.30000000000000004,21,False
53,3,0.4,54,False
20,3,0.4,21,False
0,2,-0.30000000000000004,0,False
2,1,0.4,12,False
3,3,0.4,4,False
0,3,0.4,1,False
22,2,-0.30000000000000004,21,False
42,3,0.4,43,False
11,2,-2.0,11,False
11,2,-2.0,11,False
1,3,0.4,2,False
10,1,0.4,20,False
89,1,20.0,99,True
0,1,-2.0,0,False
24,1,0.4,34,False
10,2,-0.30000000000000004,10,False
1,3,0.4,2,False
0,1,0.4,10,False
89,1,20.0,99,True
0,2,-0.30000000000000004,0,False
41,1,0.4,51,False
89,1,20.0,99,True
0,1,0.4,10,False
0,3,0.4,1,False
10,1,0.4,20,False
13,2,-1.3,12,False
11,3,0.4,12,False
98,3,20.0,99,True
12,1,0.4,22,False
36,3,0.4,37,False
45,1,0.4,55,False
11,0,-0.30000000000000004,1,False
14,3,0.4,15,False
25,1,0.4,35,False
0,3,0.4,1,False
89,1,20.0,99,True
30,2,-0.30000000000000004,30,False
11,3,0.4,12,False
21,2,-0.30000000000000004,20,False
32,1,0.4,42,False
0,1,-2.0,0,False
23,0,-0.30000000000000004,13,False
32,1,0.4,42,False
89,1,20.0,99,True
11,0,-0.30000000000000004,1,False
0,1,0.4,10,False
37,1,0.4,47,False
34,1,0.4,44,False
13,2,-0.30000000000000004,12,False
89,1,20.0,99,True
12,3,0.4,13,False
0,1,0.4,10,False
1,3,-2.0,1,False
11,1,0.4,21,False
0,1,0.4,10,False
11,3,0.4,12,False
0,3,0.4,1,False
33,1,-3.0,33,False
6,2,-0.30000000000000004,5,False
0,1,-2.0,0,False
52,1,0.4,62,False
30,3,0.4,31,False
21,2,-2.0,21,False
89,1,20.0,99,True
89,1,20.0,99,True
1,0,-0.30000000000000004,1,False
89,1,20.0,99,True
21,3,0.4,22,False
32,1,0.4,42,False
10,1,0.4,20,False
24,0,-0.30000000000000004,14,False
89,1,20.0,99,True
24,2,-0.30000000000000004,23,False
0,3,-2.0,0,False
22,3,0.4,23,False
31,2,-1.3,30,False
89,1,20.0,99,True
0,3,0.4,1,False
51,1,0.4,61,False
21,3,0.4,22,False
40,3,0.4,41,False
0,1,-2.0,0,False
35,1,0.4,45,False
4,3,0.4,5,False
10,1,-2.0,10,False
10,0,-0.30000000000000004,0,False
1,2,-0.30000000000000004,0,False
98,3,20.0,99,True
98,3,20.0,99,True
32,0,-1.3,22,False
22,0,-2.0,22,False
1,1,0.4,11,False
0,2,-0.30000000000000004,0,False
11,3,0.4,12,False
0,3,0.4,1,False
32,0,-0.30000000000000004,22,False
10,1,0.4,20,False
98,3,20.0,99,True
21,1,0.4,31,False
1,3,0.4,2,False
4,2,-0.30000000000000004,3,False
13,3,0.4,14,False
42,3,0.4,43,False
11,3,0.4,12,False
0,3,0.4,1,False
42,3,0.4,43,False
1,3,-2.0,1,False
31,0,-0.30000000000000004,21,False
2,1,0.4,12,False
22,0,-0.30000000000000004,12,False
3,3,-2.0,3,False
30,3,0.4,31,False
98,3,20.0,99,True
31,3,-2.0,31,False
0,2,-0.30000000000000004,0,False
89,1,20.0,99,True
98,3,20.0,99,True
2,3,0.4,3,False
98,3,20.0,99,True
22,2,-0.30000000000000004,21,False
22,3,0.4,23,False
89,1,20.0,99,True
2,1,0.4,12,False
30,3,-0.6,31,False
51,1,0.4,61,False
12,2,-0.30000000000000004,11,False
1,3,0.4,2,False
3,1,-2.0,3,False
98,3,20.0,99,True
2,3,0.4,3,False
56,3,-0.6,57,False
12,3,0.4,13,False
12,3,0.4,13,False
24,0,-1.3,14,False
89,1,20.0,99,True
20,2,-0.30000000000000004,20,False
0,3,-2.0,0,False
22,2,-0.30000000000000004,21,False
40,1,-2.0,40,False
89,1,20.0,99,True
10,1,0.4,20,False
10,0,-0.30000000000000004,0,False
0,1,0.4,10,False
4,1,-2.0,4,False
0,1,-2.0,0,False
2,3,0.4,3,False
2,3,0.4,3,False
98,3,20.0,99,True
89,1,20.0,99,True
25,1,0.4,35,False
16,0,-0.30000000000000004,6,False
21,1,-2.0,21,False
98,3,20.0,99,True
89,1,20.0,99,True
11,3,0.4,12,False
30,3,-3.0,30,False
0,1,0.4,10,False
0,1,0.4,10,False
31,2,-0.30000000000000004,30,False
21,0,-0.30000000000000004,11,False
89,1,20.0,99,True
89,1,20.0,99,True
0,3,0.4,1,False
0,1,0.4,10,False
52,1,0.4,62,False
20,0,-0.30000000000000004,10,False
0,0,-0.30000000000000004,0,False
54,3,0.4,55,False
31,0,-0.30000000000000004,21,False
20,1,0.4,30,False
89,1,20.0,99,True
40,1,0.4,50,False
3,1,0.4,13,False
10,3,-2.0,10,False
21,3,0.4,22,False
6,3,0.4,7,False
10,1,0.4,20,False
22,1,0.4,32,False
23,2,-0.30000000000000004,22,False
21,1,0.4,31,False
1,1,0.4,11,False
10,2,-0.30000000000000004,10,False
13,0,-0.30000000000000004,3,False
52,0,-0.30000000000000004,42,False
40,3,0.4,41,False
2,1,0.4,12,False
0,3,-2.0,0,False
11,2,-0.30000000000000004,10,False
0,3,-2.0,0,False
0,3,-2.0,0,False
11,3,-0.6,12,False
27,1,0.4,37,False
20,1,0.4,30,False
35,0,-1.3,25,False
2,3,0.4,3,False
0,1,0.4,10,False
33,1,0.4,43,False
89,1,20.0,99,True
0,1,0.4,10,False
10,1,0.4,20,False
12,3,0.4,13,False
12,1,0.4,22,False
21,3,0.4,22,False
14,1,0.4,24,False
98,3,20.0,99,True
0,1,0.4,10,False
11,1,-2.0,11,False
0,1,-2.0,0,False
22,1,0.4,32,False
14,1,0.4,24,False
98,3,20.0,99,True
1,3,0.4,2,False
0,1,0.4,10,False
0,1,-2.0,0,False
98,3,20.0,99,True
52,1,0.4,62,False
11,1,-2.0,11,False
0,0,-0.30000000000000004,0,False
89,2,-0.30000000000000004,88,False
11,1,0.4,21,False
31,3,0.4,32,False
1,3,0.4,2,False
32,1,0.4,42,False
24,0,-0.30000000000000004,14,False
30,0,-0.30000000000000004,20,False
1,3,-2.0,1,False
0,3,-2.0,0,False
89,1,20.0,99,True
1,1,0.4,11,False
40,1,-2.0,40,False
89,1,20.0,99,True
98,3,20.0,99,True
21,1,0.4,31,False
89,1,20.0,99,True
22,1,-3.0,22,False
12,1,0.4,22,False
42,0,-0.30000000000000004,32,False
0,3,0.4,1,False
3,0,-0.30000000000000004,3,False
53,3,0.4,54,False
2,3,0.4,3,False
0,3,-2.0,0,False
34,1,0.4,44,False
21,1,-2.0,21,False
0,3,0.4,1,False
89,1,20.0,99,True
89,1,20.0,99,True
63,1,0.4,73,False
21,1,0.4,31,False
11,2,-0.30000000000000004,10,False
98,3,20.0,99,True
13,2,-0.30000000000000004,12,False
1,3,-2.0,1,False
11,1,0.4,21,False
12,1,0.4,22,False
40,3,0.4,41,False
20,0,-0.30000000000000004,10,False
89,1,20.0,99,True
10,0,-0.30000000000000004,0,False
19,1,0.4,29,False
11,1,0.4,21,False
1,2,-0.30000000000000004,0,False
10,2,-0.30000000000000004,10,False
64,1,0.4,74,False
1,3,-2.0,1,False
33,1,0.4,43,False
2,0,-0.30000000000000004,2,False
12,3,0.4,13,False
23,3,0.4,24,False
0,3,0.4,1,False
10,1,-2.0,10,False
89,1,20.0,99,True
47,3,0.4,48,False
21,3,0.4,22,False
24,3,0.4,25,False
20,1,0.4,30,False
4,1,0.4,14,False
10,1,0.4,20,False
0,1,0.4,10,False
43,0,-0.30000000000000004,33,False
20,2,-0.30000000000000004,20,False
42,1,0.4,52,False
23,2,-1.3,22,False
0,3,0.4,1,False
33,3,-2.0,33,False
28,1,0.4,38,False
20,1,0.4,30,False
1,0,-0.30000000000000004,1,False
12,0,-0.30000000000000004,2,False
0,3,0.4,1,False
89,1,20.0,99,True
0,0,-0.30000000000000004,0,False
0,1,0.4,10,False
42,3,0.4,43,False
27,2,-0.30000000000000004,26,False
0,1,0.4,10,False
13,2,-0.30000000000000004,12,False
31,3,0.4,32,False
3,3,-2.0,3,False
0,3,0.4,1,False
1,2,-0.30000000000000004,0,False
0,3,0.4,1,False
34,3,-3.0,34,False
0,3,-2.0,0,False
42,1,0.4,52,False
0,0,-0.30000000000000004,0,False
15,3,0.4,16,False
27,0,-3.0,27,False
11,1,0.4,21,False
10,1,0.4,20,False
12,3,0.4,13,False
0,1,0.4,10,False
20,1,-2.0,20,False
2,2,-0.30000000000000004,1,False
89,1,20.0,99,True
31,1,0.4,41,False
1,3,0.4,2,False
42,3,0.4,43,False
60,3,0.4,61,False
60,0,-1.3,50,False
41,3,0.4,42,False
2,0,-0.30000000000000004,2,False
10,1,0.4,20,False
13,0,-0.30000000000000004,3,False
3,3,0.4,4,False
1,1,-2.0,1,False
0,3,0.4,1,False
2,3,0.4,3,False
0,3,-2.0,0,False
1,3,0.4,2,False
30,1,0.4,40,False
73,0,-0.30000000000000004,63,False
10,3,-2.0,10,False
0,1,0.4,10,False
33,1,-2.0,33,False
11,1,0.4,21,False
21,1,0.4,31,False
12,1,0.4,22,False
3,3,-2.0,3,False
2,3,0.4,3,False
3,3,0.4,4,False
2,0,-0.30000000000000004,2,False
13,3,0.4,14,False
13,3,0.4,14,False
1,0,-0.30000000000000004,1,False
20,3,0.4,21,False
21,3,-2.0,21,False
89,1,20.0,99,True
0,1,0.4,10,False
0,1,0.4,10,False
20,3,0.4,21,False
22,3,0.4,23,False
31,0,-0.30000000000000004,21,False
12,3,-2.0,12,False
14,1,0.4,24,False
1,2,-0.30000000000000004,0,False
89,1,20.0,99,True
12,1,-2.0,12,False
10,3,-0.6,11,False
32,1,-0.6,42,False
47,3,0.4,48,False
1,1,-2.0,1,False
30,1,0.4,40,False
12,3,-2.0,12,False
0,1,-0.6,10,False
22,3,0.4,23,False
89,1,20.0,99,True
0,0,-0.30000000000000004,0,False
0,0,-0.30000000000000004,0,False
24,1,0.4,34,False
41,1,0.4,51,False
1,1,0.4,11,False
13,1,0.4,23,False
0,3,0.4,1,False
10,0,-0.30000000000000004,0,False
12,3,0.4,13,False
0,1,0.4,10,False
0,1,-2.0,0,False
89,1,20.0,99,True
0,3,0.4,1,False
0,0,-0.30000000000000004,0,False
13,3,0.4,14,False
10,1,0.4,20,False
32,1,-0.6,42,False
63,1,0.4,73,False
12,1,-2.0,12,False
0,3,0.4,1,False
13,2,-0.30000000000000004,12,False
0,1,0.4,10,False
22,3,0.4,23,False
1,3,-2.0,1,False
14,3,0.4,15,False
12,1,0.4,22,False
46,1,0.4,56,False
0,1,0.4,10,False
41,0,-0.30000000000000004,31,False
21,2,-0.30000000000000004,20,False
73,0,-1.3,63,False
20,3,-2.0,20,False
0,0,-0.30000000000000004,0,False
10,2,-0.30000000000000004,10,False
0,1,-2.0,0,False
31,1,0.4,41,False
0,3,-2.0,0,False
21,1,0.4,31,False
33,0,-0.30000000000000004,23,False
1,2,-0.30000000000000004,0,False
89,1,20.0,99,True
0,3,0.4,1,False
21,1,0.4,31,False
45,3,0.4,46,False
3,2,-0.30000000000000004,2,False
1,3,-2.0,1,False
12,1,0.4,22,False
0,1,0.4,10,False
23,1,0.4,33,False
89,1,20.0,99,True
0,0,-0.30000000000000004,0,False
23,3,0.4,24,False
50,3,0.4,51,False
98,3,20.0,99,True
3,3,0.4,4,False
89,1,20.0,99,True
20,1,-2.0,20,False
60,0,-0.30000000000000004,50,False
13,3,-2.0,13,False
2,0,-0.30000000000000004,2,False
30,3,0.4,31,False
22,2,-0.30000000000000004,21,False
0,3,0.4,1,False
0,1,-2.0,0,False
32,2,-0.30000000000000004,31,False
0,2,-0.30000000000000004,0,False
10,2,-0.30000000000000004,10,False
11,1,-2.0,11,False
13,3,0.4,14,False
11,1,0.4,21,False
30,2,-0.30000000000000004,30,False
20,1,0.4,30,False
32,3,0.4,33,False
22,1,0.4,32,False
10,3,0.4,11,False
11,0,-0.30000000000000004,1,False
89,1,20.0,99,True
0,3,0.4,1,False
22,1,0.4,32,False
21,1,0.4,31,False
20,3,0.4,21,False
98,3,20.0,99,True
40,1,0.4,50,False
1,3,0.4,2,False
98,3,20.0,99,True
24,0,-3.0,24,False
98,3,20.0,99,True
34,1,-3.0,34,False
0,3,-2.0,0,False
11,0,-0.30000000000000004,1,False
53,3,0.4,54,False
10,1,0.4,20,False
0,0,-0.30000000000000004,0,False
24,3,0.4,25,False
1,1,-2.0,1,False
20,3,0.4,21,False
1,1,0.4,11,False
98,3,20.0,99,True
10,3,0.4,11,False
89,1,20.0,99,True
24,1,-2.0,24,False
11,3,0.4,12,False
0,0,-0.30000000000000004,0,False
4,2,-0.30000000000000004,3,False
0,3,0.4,1,False
44,0,-1.3,34,False
42,2,-0.30000000000000004,41,False
13,2,-0.30000000000000004,12,False
25,0,-0.30000000000000004,15,False
25,0,-1.3,15,False
61,0,-0.30000000000000004,51,False
15,3,0.4,16,False
22,2,-0.30000000000000004,21,False
1,2,-0.30000000000000004,0,False
20,1,-2.0,20,False
0,1,0.4,10,False
0,3,0.4,1,False
0,3,0.4,1,False
2,3,0.4,3,False
13,3,0.4,14,False
0,3,0.4,1,False
42,1,0.4,52,False
2,2,-0.30000000000000004,1,False
1,1,0.4,11,False
12,3,-0.6,13,False
51,3,-2.0,51,False
2,2,-0.30000000000000004,1,False
12,3,0.4,13,False
98,3,20.0,99,True
14,1,0.4,24,False
0,1,-2.0,0,False
6,2,-1.3,5,False
3,1,-2.0,3,False
55,3,0.4,56,False
1,0,-0.30000000000000004,1,False
10,3,0.4,11,False
24,3,0.4,25,False
11,1,0.4,21,False
24,0,-0.30000000000000004,14,False
0,0,-0.30000000000000004,0,False
4,0,-0.30000000000000004,4,False
21,1,-2.0,21,False
10,1,0.4,20,False
10,2,-0.30000000000000004,10,False
89,1,20.0,99,True
2,3,0.4,3,False
4,1,0.4,14,False
89,1,20.0,99,True
13,3,0.4,14,False
64,2,-1.3,63,False
31,1,0.4,41,False
22,0,-0.30000000000000004,12,False
41,3,0.4,42,False
1,2,-0.30000000000000004,0,False
21,1,0.4,31,False
4,2,-0.30000000000000004,3,False
0,2,-0.30000000000000004,0,False
2,2,-1.3,1,False
12,1,0.4,22,False
31,1,0.4,41,False
24,1,0.4,34,False
0,3,-2.0,0,False
10,3,-0.6,11,False
0,1,-2.0,0,False
11,1,0.4,21,False
4,1,0.4,14,False
2,1,-3.0,2,False
12,3,0.4,13,False
61,3,-0.6,62,False
98,3,20.0,99,True
0,0,-0.30000000000000004,0,False
25,3,0.4,26,False
98,3,20.0,99,True
12,3,0.4,13,False
0,0,-0.30000000000000004,0,False
4,2,-0.30000000000000004,3,False
60,1,0.4,70,False
10,3,0.4,11,False
2,2,-0.30000000000000004,1,False
2,1,0.4,12,False
62,3,0.4,63,False
89,1,20.0,99,True
0,1,0.4,10,False
23,0,-2.0,23,False
12,0,-0.30000000000000004,2,False
22,1,0.4,32,False
1,1,0.4,11,False
20,0,-0.30000000000000004,10,False
13,3,0.4,14,False
89,1,20.0,99,True
0,1,0.4,10,False
11,3,0.4,12,False
24,0,-0.30000000000000004,14,False
21,1,0.4,31,False
89,1,20.0,99,True
31,2,-0.30000000000000004,30,False
11,1,0.4,21,False
0,0,-0.30000000000000004,0,False
30,1,0.4,40,False
2,0,-0.30000000000000004,2,False
10,1,0.4,20,False
0,3,0.4,1,False
60,1,0.4,70,False
53,1,0.4,63,False
20,1,0.4,30,False
32,3,-2.0,32,False
89,1,20.0,99,True
33,1,0.4,43,False
20,0,-0.30000000000000004,10,False
10,3,0.4,11,False
4,3,0.4,5,False
5,1,-2.0,5,False
21,1,0.4,31,False
0,1,0.4,10,False
32,3,0.4,33,False
0,0,-0.30000000000000004,0,False
76,3,0.4,77,False
11,1,0.4,21,False
11,1,0.4,21,False
89,1,20.0,99,True
89,1,20.0,99,True
10,3,-2.0,10,False
1,1,0.4,11,False
10,3,0.4,11,False
0,1,0.4,10,False
12,0,-0.30000000000000004,2,False
20,1,0.4,30,False
10,0,-0.30000000000000004,0,False
10,3,0.4,11,False
0,3,-2.0,0,False
20,3,0.4,21,False
2,3,-0.6,3,False
1,3,0.4,2,False
89,1,20.0,99,True
21,3,0.4,22,False
2,1,0.4,12,False
11,3,0.4,12,False
23,3,0.4,24,False
23,0,-0.30000000000000004,13,False
2,3,0.4,3,False
0,1,0.4,10,False
0,1,0.4,10,False
98,3,20.0,99,True
10,2,-0.30000000000000004,10,False
11,3,-2.0,11,False
10,1,0.4,20,False
12,2,-2.0,12,False
13,1,0.4,23,False
10,3,-2.0,10,False
0,3,-2.0,0,False
1,3,0.4,2,False
23,3,-3.0,23,False
32,3,0.4,33,False
1,0,-0.30000000000000004,1,False
0,3,0.4,1,False
20,1,0.4,30,False
31,0,-0.30000000000000004,21,False
0,0,-0.30000000000000004,0,False
21,3,0.4,22,False
0,1,0.4,10,False
10,1,0.4,20,False
1,2,-0.30000000000000004,0,False
11,1,-2.0,11,False
1,2,-0.30000000000000004,0,False
32,1,0.4,42,False
20,2,-0.30000000000000004,20,False
12,1,0.4,22,False
32,1,0.4,42,False
2,3,0.4,3,False
31,3,-2.0,31,False
13,1,-2.0,13,False
22,1,0.4,32,False
0,3,0.4,1,False
0,1,0.4,10,False
42,1,0.4,52,False
22,3,0.4,23,False
0,0,-0.30000000000000004,0,False
1,2,-0.30000000000000004,0,False
74,1,0.4,84,False
89,1,20.0,99,True
10,3,-2.0,10,False
3,0,-0.30000000000000004,3,False
0,3,0.4,1,False
1,3,0.4,2,False
11,1,-2.0,11,False
0,2,-0.30000000000000004,0,False
11,3,0.4,12,False
2,3,-2.0,2,False
0,3,0.4,1,False
2,3,-0.6,3,False
45,3,0.4,46,False
0,3,0.4,1,False
20,1,0.4,30,False
30,1,0.4,40,False
15,3,0.4,16,False
51,3,-2.0,51,False
32,2,-0.30000000000000004,31,False
98,3,20.0,99,True
36,2,-1.3,35,False
26,1,0.4,36,False
0,1,-2.0,0,False
1,3,0.4,2,False
42,3,0.4,43,False
10,0,-0.30000000000000004,0,False
0,2,-0.30000000000000004,0,False
11,3,0.4,12,False
13,2,-0.30000000000000004,12,False
21,1,0.4,31,False
51,3,-2.0,51,False
41,3,0.4,42,False
44,1,0.4,54,False
0,1,0.4,10,False
0,1,0.4,10,False
20,3,-0.6,21,False
3,0,-0.30000000000000004,3,False
22,0,-0.30000000000000004,12,False
1,0,-0.30000000000000004,1,False
0,2,-0.30000000000000004,0,False
0,1,-0.6,10,False
1,1,0.4,11,False
12,3,0.4,13,False
0,3,0.4,1,False
32,0,-0.30000000000000004,22,False
22,2,-1.3,21,False
41,1,0.4,51,False
14,1,0.4,24,False
12,3,0.4,13,False
0,0,-0.30000000000000004,0,False
32,0,-0.30000000000000004,22,False
10,2,-0.30000000000000004,10,False
0,2,-1.3,0,False
23,1,0.4,33,False
21,3,0.4,22,False
0,2,-0.30000000000000004,0,False
11,3,0.4,12,False
47,3,0.4,48,False
1,2,-0.30000000000000004,0,False
18,1,0.4,28,False
32,3,0.4,33,False
22,1,0.4,32,False
11,1,-3.0,11,False
20,3,0.4,21,False
10,1,0.4,20,False
13,3,0.4,14,False
26,0,-1.3,16,False
12,3,0.4,13,False
24,0,-1.3,14,False
0,3,0.4,1,False
0,1,0.4,10,False
56,2,-0.30000000000000004,55,False
11,3,0.4,12,False
51,1,0.4,61,False
21,2,-0.30000000000000004,20,False
15,1,0.4,25,False
21,1,0.4,31,False
31,1,0.4,41,False
12,1,0.4,22,False
3,1,-2.0,3,False
4,0,-1.3,4,False
1,1,0.4,11,False
21,3,0.4,22,False
10,1,0.4,20,False
20,3,0.4,21,False
24,0,-0.30000000000000004,14,False
4,3,0.4,5,False
89,1,20.0,99,True
21,3,0.4,22,False
53,3,-3.0,53,False
10,1,-2.0,10,False
0,1,0.4,10,False
22,1,0.4,32,False
10,3,0.4,11,False
2,0,-0.30000000000000004,2,False
1,1,0.4,11,False
10,3,0.4,11,False
2,1,0.4,12,False
2,1,0.4,12,False
22,1,0.4,32,False
40,0,-0.30000000000000004,30,False
11,1,0.4,21,False
1,1,0.4,11,False
14,3,0.4,15,False
11,3,0.4,12,False
2,3,-3.0,2,False
55,3,0.4,56,False
89,1,20.0,99,True
42,2,-0.30000000000000004,41,False
22,3,0.4,23,False
1,3,0.4,2,False
33,3,0.4,34,False
10,1,0.4,20,False
2,0,-0.30000000000000004,2,False
11,2,-0.30000000000000004,10,False
21,3,0.4,22,False
13,3,-3.0,13,False
41,3,0.4,42,False
0,3,0.4,1,False
0,3,0.4,1,False
1,0,-0.30000000000000004,1,False
20,1,0.4,30,False
2,1,0.4,12,False
22,0,-0.30000000000000004,12,False
27,3,-3.0,27,False
89,1,20.0,99,True
10,0,-0.30000000000000004,0,False
15,2,-0.30000000000000004,14,False
20,0,-0.30000000000000004,10,False
11,0,-0.30000000000000004,1,False
89,1,20.0,99,True
47,0,-1.3,37,False
3,1,0.4,13,False
62,1,0.4,72,False
3,1,-2.0,3,False
0,3,0.4,1,False
32,2,-1.3,31,False
0,1,0.4,10,False
21,1,0.4,31,False
0,1,0.4,10,False
62,3,-0.6,63,False
23,1,0.4,33,False
0,3,0.4,1,False
13,2,-0.30000000000000004,12,False
0,1,0.4,10,False
10,1,0.4,20,False
98,3,20.0,99,True
10,0,-0.30000000000000004,0,False
98,3,20.0,99,True
1,2,-0.30000000000000004,0,False
10,3,0.4,11,False
12,2,-1.3,11,False
31,1,-3.0,31,False
32,1,0.4,42,False
10,1,0.4,20,False
10,0,-0.30000000000000004,0,False
41,0,-0.30000000000000004,31,False
0,0,-0.30000000000000004,0,False
89,1,20.0,99,True
1,1,0.4,11,False
0,3,0.4,1,False
31,0,-1.3,21,False
10,1,0.4,20,False
4,1,0.4,14,False
16,3,-3.0,16,False
2,2,-0.30000000000000004,1,False
30,3,0.4,31,False
10,3,0.4,11,False
0,3,-2.0,0,False
32,1,-2.0,32,False
0,3,0.4,1,False
2,2,-0.30000000000000004,1,False
80,0,-1.3,70,False
44,2,-0.30000000000000004,43,False
23,3,0.4,24,False
31,0,-0.30000000000000004,21,False
10,3,0.4,11,False
12,2,-0.30000000000000004,11,False
1,3,0.4,2,False
1,3,0.4,2,False
2,1,0.4,12,False
14,3,0.4,15,False
0,0,-0.30000000000000004,0,False
34,0,-0.30000000000000004,24,False
30,1,-3.0,30,False
53,3,-3.0,53,False
23,3,0.4,24,False
23,0,-0.30000000000000004,13,False
42,1,-3.0,42,False
98,3,20.0,99,True
40,3,0.4,41,False
0,3,0.4,1,False
54,1,0.4,64,False
22,2,-0.30000000000000004,21,False
98,3,20.0,99,True
98,3,20.0,99,True
1,0,-0.30000000000000004,1,False
14,1,-2.0,14,False
0,2,-0.30000000000000004,0,False
0,2,-0.30000000000000004,0,False
10,1,0.4,20,False
0,1,0.4,10,False
1,3,0.4,2,False
32,0,-0.30000000000000004,22,False
15,1,0.4,25,False
0,1,0.4,10,False
0,1,0.4,10,False
10,3,0.4,11,False
12,3,0.4,13,False
12,1,0.4,22,False
15,1,0.4,25,False
0,1,0.4,10,False
52,2,-0.30000000000000004,51,False
10,1,0.4,20,False
11,3,0.4,12,False
0,3,0.4,1,False
42,1,0.4,52,False
1,3,0.4,2,False
23,1,-0.6,33,False
85,3,-0.6,86,False
2,0,-1.3,2,False
30,3,0.4,31,False
12,1,0.4,22,False
20,1,0.4,30,False
20,2,-0.30000000000000004,20,False
62,3,-0.6,63,False
22,1,0.4,32,False
32,3,0.4,33,False
1,3,0.4,2,False
62,1,0.4,72,False
22,2,-1.3,21,False
0,0,-0.30000000000000004,0,False
21,0,-0.30000000000000004,11,False
21,3,0.4,22,False
0,0,-0.30000000000000004,0,False
63,3,0.4,64,False
98,3,20.0,99,True
20,1,0.4,30,False
0,3,-2.0,0,False
1,1,0.4,11,False
14,2,-0.30000000000000004,13,False
2,3,0.4,3,False
89,1,20.0,99,True
21,1,0.4,31,False
11,2,-0.30000000000000004,10,False
21,3,0.4,22,False
22,0,-0.30000000000000004,12,False
10,3,0.4,11,False
20,1,0.4,30,False
0,3,0.4,1,False
0,2,-0.30000000000000004,0,False
0,2,-0.30000000000000004,0,False
22,3,0.4,23,False
0,0,-0.30000000000000004,0,False
13,3,0.4,14,False
13,1,0.4,23,False
11,1,0.4,21,False
32,2,-0.30000000000000004,31,False
30,3,-2.0,30,False
20,1,0.4,30,False
35,1,0.4,45,False
1,2,-0.30000000000000004,0,False
98,3,20.0,99,True
89,1,20.0,99,True
20,1,-3.0,20,False
89,1,20.0,99,True
21,3,0.4,22,False
0,3,0.4,1,False
0,1,0.4,10,False
10,2,-1.3,10,False
10,1,0.4,20,False
1,2,-0.30000000000000004,0,False
30,3,0.4,31,False
21,0,-0.30000000000000004,11,False
10,1,-2.0,10,False
25,0,-0.30000000000000004,15,False
13,3,-2.0,13,False
1,0,-0.30000000000000004,1,False
81,3,0.4,82,False
98,3,20.0,99,True
98,3,20.0,99,True
12,1,0.4,22,False
30,3,0.4,31,False
23,2,-3.0,23,False
13,2,-3.0,13,False
12,3,0.4,13,False
98,3,20.0,99,True
20,1,0.4,30,False
12,3,0.4,13,False
2,3,0.4,3,False
0,2,-0.30000000000000004,0,False
98,3,20.0,99,True
0,3,0.4,1,False
0,3,0.4,1,False
33,3,0.4,34,False
44,0,-1.3,34,False
23,2,-0.30000000000000004,22,False
33,3,0.4,34,False
20,2,-0.30000000000000004,20,False
0,3,0.4,1,False
10,1,0.4,20,False
89,1,20.0,99,True
33,3,-2.0,33,False
22,2,-0.30000000000000004,21,False
1,3,0.4,2,False
0,0,-0.30000000000000004,0,False
21,0,-0.30000000000000004,11,False
98,3,20.0,99,True
30,1,0.4,40,False
1,0,-0.30000000000000004,1,False
24,2,-0.30000000000000004,23,False
35,0,-1.3,25,False
11,1,-2.0,11,False
89,1,20.0,99,True
89,1,20.0,99,True
21,0,-0.30000000000000004,11,False
1,1,0.4,11,False
1,1,0.4,11,False
21,2,-0.30000000000000004,20,False
42,0,-0.30000000000000004,32,False
10,2,-0.30000000000000004,10,False
21,3,-3.0,21,False
33,3,-3.0,33,False
22,1,0.4,32,False
13,2,-0.30000000000000004,12,False
11,3,0.4,12,False
32,2,-0.30000000000000004,31,False
0,1,-2.0,0,False
13,2,-0.30000000000000004,12,False
0,1,0.4,10,False
0,1,0.4,10,False
22,1,0.4,32,False
21,2,-0.30000000000000004,20,False
0,3,0.4,1,False
14,1,0.4,24,False
25,3,0.4,26,False
89,1,20.0,99,True
89,1,20.0,99,True
42,3,0.4,43,False
1,3,0.4,2,False
12,1,-2.0,12,False
51,2,-1.3,50,False
63,3,0.4,64,False
14,3,-2.0,14,False
0,3,-2.0,0,False
41,1,-2.0,41,False
32,1,0.4,42,False
40,2,-0.30000000000000004,40,False
98,3,20.0,99,True
31,1,-3.0,31,False
89,1,20.0,99,True
0,2,-0.30000000000000004,0,False
31,1,0.4,41,False
1,1,0.4,11,False
11,1,0.4,21,False
11,3,0.4,12,False
1,3,0.4,2,False
40,3,0.4,41,False
21,1,0.4,31,False
0,2,-0.30000000000000004,0,False
12,2,-0.30000000000000004,11,False
24,1,0.4,34,False
20,3,0.4,21,False
0,1,0.4,10,False
15,3,0.4,16,False
98,3,20.0,99,True
14,3,0.4,15,False
24,2,-0.30000000000000004,23,False
4,3,0.4,5,False
20,2,-1.3,20,False
54,1,0.4,64,False
11,1,0.4,21,False
11,3,0.4,12,False
33,3,0.4,34,False
22,3,0.4,23,False
20,1,0.4,30,False
0,3,0.4,1,False
22,3,0.4,23,False
1,1,0.4,11,False
3,3,0.4,4,False
65,1,0.4,75,False
20,1,-2.0,20,False
1,3,0.4,2,False
12,0,-0.30000000000000004,2,False
13,1,0.4,23,False
31,3,0.4,32,False
13,3,0.4,14,False
98,3,20.0,99,True
30,3,0.4,31,False
4,1,0.4,14,False
40,3,0.4,41,False
1,2,-0.30000000000000004,0,False
23,2,-0.30000000000000004,22,False
2,1,0.4,12,False
51,3,-2.0,51,False
11,1,0.4,21,False
0,3,0.4,1,False
0,1,0.4,10,False
30,3,-2.0,30,False
20,3,0.4,21,False
20,1,-2.0,20,False
0,3,-2.0,0,False
41,2,-0.30000000000000004,40,False
89,1,20.0,99,True
14,1,-2.0,14,False
16,3,0.4,17,False
0,0,-0.30000000000000004,0,False
21,3,0.4,22,False
1,1,0.4,11,False
1,2,-0.30000000000000004,0,False
2,3,0.4,3,False
2,3,0.4,3,False
10,1,0.4,20,False
12,1,-0.6,22,False
89,1,20.0,99,True
24,0,-0.30000000000000004,14,False
14,3,0.4,15,False
50,1,0.4,60,False
89,1,20.0,99,True
13,1,-0.6,23,False
24,0,-0.30000000000000004,14,False
89,1,20.0,99,True
32,3,-2.0,32,False
31,2,-0.30000000000000004,30,False
0,0,-0.30000000000000004,0,False
20,0,-0.30000000000000004,10,False
11,3,0.4,12,False
89,1,20.0,99,True
72,2,-0.30000000000000004,71,False
2,0,-0.30000000000000004,2,False
10,3,0.4,11,False
14,3,0.4,15,False
22,1,0.4,32,False
0,1,0.4,10,False
89,1,20.0,99,True
2,1,-2.0,2,False
10,3,0.4,11,False
2,0,-0.30000000000000004,2,False
14,0,-0.30000000000000004,4,False
89,1,20.0,99,True
1,3,0.4,2,False
41,1,0.4,51,False
32,3,0.4,33,False
26,1,0.4,36,False
0,1,0.4,10,False
0,1,0.4,10,False
22,3,0.4,23,False
30,1,0.4,40,False
22,1,0.4,32,False
1,1,-2.0,1,False
32,3,0.4,33,False
89,1,20.0,99,True
33,1,-2.0,33,False
1,2,-0.30000000000000004,0,False
89,1,20.0,99,True
12,3,-2.0,12,False
0,1,0.4,10,False
31,2,-0.30000000000000004,30,False
89,1,20.0,99,True
20,3,-2.0,20,False
11,1,0.4,21,False
0,3,0.4,1,False
0,3,0.4,1,False
43,1,-2.0,43,False
12,1,0.4,22,False
1,3,-2.0,1,False
1,3,0.4,2,False
0,3,0.4,1,False
34,3,0.4,35,False
0,2,-0.30000000000000004,0,False
0,0,-0.30000000000000004,0,False
42,0,-1.3,32,False
54,0,-0.30000000000000004,44,False
32,3,0.4,33,False
40,3,0.4,41,False
0,3,0.4,1,False
22,3,-2.0,22,False
3,1,-2.0,3,False
89,1,20.0,99,True
24,1,0.4,34,False
30,3,-2.0,30,False
3,1,0.4,13,False
20,1,0.4,30,False
11,2,-0.30000000000000004,10,False
10,2,-0.30000000000000004,10,False
20,1,0.4,30,False
3,3,0.4,4,False
11,1,0.4,21,False
1,1,0.4,11,False
89,1,20.0,99,True
11,1,-3.0,11,False
23,1,-0.6,33,False
23,2,-0.30000000000000004,22,False
21,2,-0.30000000000000004,20,False
31,1,0.4,41,False
11,2,-0.30000000000000004,10,False
15,1,0.4,25,False
13,3,0.4,14,False
1,1,0.4,11,False
23,1,0.4,33,False
0,2,-0.30000000000000004,0,False
25,2,-1.3,24,False
0,0,-0.30000000000000004,0,False
11,0,-0.30000000000000004,1,False
15,3,0.4,16,False
0,2,-0.30000000000000004,0,False
10,1,0.4,20,False
55,3,0.4,56,False
51,1,0.4,61,False
3,2,-0.30000000000000004,2,False
20,1,-2.0,20,False
20,1,-2.0,20,False
15,0,-0.30000000000000004,5,False
10,1,0.4,20,False
0,1,-2.0,0,False
31,1,0.4,41,False
2,0,-0.30000000000000004,2,False
2,3,0.4,3,False
20,2,-1.3,20,False
61,3,0.4,62,False
2,3,0.4,3,False
0,1,0.4,10,False
13,3,0.4,14,False
0,2,-0.30000000000000004,0,False
11,3,0.4,12,False
0,3,0.4,1,False
0,3,-2.0,0,False
30,1,0.4,40,False
43,1,0.4,53,False
10,2,-0.30000000000000004,10,False
98,3,20.0,99,True
0,1,0.4,10,False
30,1,0.4,40,False
0,0,-0.30000000000000004,0,False
10,0,-0.30000000000000004,0,False
30,1,0.4,40,False
95,3,0.4,96,False
1,3,0.4,2,False
0,1,-2.0,0,False
23,1,0.4,33,False
2,3,0.4,3,False
1,1,0.4,11,False
89,1,20.0,99,True
42,3,-2.0,42,False
12,1,-0.6,22,False
3,3,-2.0,3,False
50,3,0.4,51,False
1,3,-2.0,1,False
12,3,0.4,13,False
25,1,-3.0,25,False
60,3,0.4,61,False
98,3,20.0,99,True
13,1,0.4,23,False
43,0,-1.3,33,False
22,2,-0.30000000000000004,21,False
53,0,-1.3,43,False
89,1,20.0,99,True
42,2,-0.30000000000000004,41,False
32,1,0.4,42,False
98,3,20.0,99,True
61,3,0.4,62,False
1,2,-0.30000000000000004,0,False
23,3,0.4,24,False
41,2,-0.30000000000000004,40,False
10,2,-0.30000000000000004,10,False
98,3,20.0,99,True
0,0,-0.30000000000000004,0,False
22,0,-0.30000000000000004,12,False
13,3,0.4,14,False
89,1,20.0,99,True
41,1,0.4,51,False
11,3,0.4,12,False
10,1,0.4,20,False
43,3,0.4,44,False
1,0,-0.30000000000000004,1,False
1,1,0.4,11,False
34,1,0.4,44,False
44,1,0.4,54,False
1,2,-0.30000000000000004,0,False
20,3,0.4,21,False
13,3,0.4,14,False
31,3,0.4,32,False
89,1,20.0,99,True
1,1,0.4,11,False
10,2,-0.30000000000000004,10,False
32,3,0.4,33,False
33,3,0.4,34,False
32,1,0.4,42,False
21,3,0.4,22,False
22,0,-0.30000000000000004,12,False
0,1,0.4,10,False
10,3,0.4,11,False
11,3,-0.6,12,False
89,1,20.0,99,True
0,3,0.4,1,False
12,3,0.4,13,False
0,3,0.4,1,False
3,1,0.4,13,False
43,3,0.4,44,False
1,3,0.4,2,False
32,1,0.4,42,False
2,2,-0.30000000000000004,1,False
25,1,0.4,35,False
11,2,-0.30000000000000004,10,False
0,3,0.4,1,False
31,3,0.4,32,False
98,3,20.0,99,True
37,3,0.4,38,False
2,2,-0.30000000000000004,1,False
89,1,20.0,99,True
1,0,-0.30000000000000004,1,False
98,3,20.0,99,True
1,0,-0.30000000000000004,1,False
8,3,0.4,9,False
24,3,0.4,25,False
74,0,-0.30000000000000004,64,False
89,1,20.0,99,True
10,3,0.4,11,False
1,1,-2.0,1,False
22,2,-0.30000000000000004,21,False
21,3,0.4,22,False
0,3,0.4,1,False
50,2,-1.3,50,False
11,3,0.4,12,False
11,0,-0.30000000000000004,1,False
4,1,-0.6,14,False
10,1,0.4,20,False
20,2,-0.30000000000000004,20,False
2,0,-0.30000000000000004,2,False
23,3,0.4,24,False
32,1,0.4,42,False
20,2,-0.30000000000000004,20,False
98,3,20.0,99,True
24,3,0.4,25,False
0,3,0.4,1,False
89,1,20.0,99,True
98,3,20.0,99,True
1,0,-0.30000000000000004,1,False
1,3,-2.0,1,False
20,2,-0.30000000000000004,20,False
89,1,20.0,99,True
1,3,0.4,2,False
45,0,-1.3,35,False
3,3,0.4,4,False
10,3,0.4,11,False
2,1,0.4,12,False
11,3,0.4,12,False
0,1,0.4,10,False
10,3,0.4,11,False
31,3,0.4,32,False
2,1,-2.0,2,False
21,2,-1.3,20,False
10,3,0.4,11,False
10,1,-2.0,10,False
2,0,-0.30000000000000004,2,False
21,0,-0.30000000000000004,11,False
12,3,0.4,13,False
0,3,0.4,1,False
11,1,0.4,21,False
20,0,-0.30000000000000004,10,False
12,1,0.4,22,False
0,3,0.4,1,False
21,1,0.4,31,False
98,3,20.0,99,True
0,0,-0.30000000000000004,0,False
0,3,0.4,1,False
93,1,-1.3,93,False
0,3,0.4,1,False
11,1,0.4,21,False
12,2,-0.30000000000000004,11,False
10,2,-0.30000000000000004,10,False
0,1,-2.0,0,False
43,3,-3.0,43,False
89,1,20.0,99,True
30,0,-0.30000000000000004,20,False
10,2,-0.30000000000000004,10,False
0,1,-2.0,0,False
20,1,0.4,30,False
0,0,-0.30000000000000004,0,False
31,1,0.4,41,False
22,1,0.4,32,False
0,1,-2.0,0,False
10,2,-0.30000000000000004,10,False
32,0,-0.30000000000000004,22,False
11,3,0.4,12,False
1,1,0.4,11,False
21,3,0.4,22,False
26,1,0.4,36,False
10,2,-0.30000000000000004,10,False
56,3,0.4,57,False
0,1,0.4,10,False
1,1,0.4,11,False
12,3,0.4,13,False
10,3,0.4,11,False
55,0,-0.30000000000000004,45,False
10,0,-0.30000000000000004,0,False
0,3,0.4,1,False
1,3,0.4,2,False
1,3,-2.0,1,False
25,0,-0.30000000000000004,15,False
32,1,0.4,42,False
10,2,-0.30000000000000004,10,False
10,1,0.4,20,False
10,1,0.4,20,False
11,2,-0.30000000000000004,10,False
2,1,0.4,12,False
10,0,-0.30000000000000004,0,False
44,1,0.4,54,False
98,3,20.0,99,True
98,3,20.0,99,True
1,1,0.4,11,False
0,1,-2.0,0,False
89,1,20.0,99,True
0,1,0.4,10,False
11,1,-3.0,11,False
10,1,0.4,20,False
93,2,-0.30000000000000004,92,False
3,3,-2.0,3,False
98,3,20.0,99,True
31,3,-3.0,31,False
12,1,0.4,22,False
1,3,0.4,2,False
89,1,20.0,99,True
98,3,20.0,99,True
89,1,20.0,99,True
41,2,-0.30000000000000004,40,False
89,1,20.0,99,True
1,3,0.4,2,False
20,3,0.4,21,False
20,0,-0.30000000000000004,10,False
45,3,0.4,46,False
0,2,-0.30000000000000004,0,False
12,1,0.4,22,False
11,0,-0.30000000000000004,1,False
0,2,-0.30000000000000004,0,False
10,1,0.4,20,False
1,1,0.4,11,False
32,1,0.4,42,False
11,2,-1.3,10,False
21,2,-0.30000000000000004,20,False
21,3,0.4,22,False
1,1,0.4,11,False
55,3,0.4,56,False
10,2,-0.30000000000000004,10,False
21,0,-2.0,21,False
32,1,0.4,42,False
10,1,0.4,20,False
2,3,0.4,3,False
1,3,0.4,2,False
0,3,0.4,1,False
1,1,0.4,11,False
0,2,-0.30000000000000004,0,False
0,2,-0.30000000000000004,0,False
2,3,-2.0,2,False
13,0,-0.30000000000000004,3,False
23,3,-2.0,23,False
33,1,0.4,43,False
0,3,0.4,1,False
60,1,0.4,70,False
31,3,0.4,32,False
0,3,0.4,1,False
21,3,0.4,22,False
98,3,20.0,99,True
11,3,0.4,12,False
89,1,20.0,99,True
31,1,0.4,41,False
31,1,0.4,41,False
0,2,-0.30000000000000004,0,False
21,2,-0.30000000000000004,20,False
1,1,0.4,11,False
22,3,0.4,23,False
11,2,-0.30000000000000004,10,False
20,1,-2.0,20,False
0,1,0.4,10,False
21,3,0.4,22,False
0,1,-2.0,0,False
11,3,-2.0,11,False
51,0,-1.3,41,False
54,0,-1.3,44,False
30,3,0.4,31,False
10,3,-2.0,10,False
1,1,0.4,11,False
11,1,-2.0,11,False
51,2,-0.30000000000000004,50,False
54,3,-3.0,54,False
4,1,0.4,14,False
31,1,0.4,41,False
15,3,0.4,16,False
10,3,0.4,11,False
20,2,-0.30000000000000004,20,False
20,3,-2.0,20,False
31,1,0.4,41,False
0,1,0.4,10,False
20,3,0.4,21,False
51,0,-1.3,41,False
89,1,20.0,99,True
49,2,-0.30000000000000004,48,False
11,0,-0.30000000000000004,1,False
10,0,-0.30000000000000004,0,False
1,3,0.4,2,False
64,3,0.4,65,False
26,1,0.4,36,False
1,1,-2.0,1,False
10,3,0.4,11,False
0,3,-2.0,0,False
3,1,0.4,13,False
31,1,0.4,41,False
22,3,-0.6,23,False
11,3,0.4,12,False
89,1,20.0,99,True
14,3,0.4,15,False
1,1,0.4,11,False
1,0,-0.30000000000000004,1,False
12,1,0.4,22,False
33,1,0.4,43,False
36,1,-0.6,46,False
89,1,20.0,99,True
3,1,0.4,13,False
43,3,0.4,44,False
24,2,-0.30000000000000004,23,False
42,1,-0.6,52,False
3,2,-0.30000000000000004,2,False
0,3,0.4,1,False
31,3,-3.0,31,False
1,3,0.4,2,False
25,3,0.4,26,False
89,1,20.0,99,True
32,3,0.4,33,False
10,3,0.4,11,False
42,0,-0.30000000000000004,32,False
82,3,-0.6,83,False
2,1,0.4,12,False
14,1,0.4,24,False
0,1,-2.0,0,False
0,3,0.4,1,False
79,1,0.4,89,False
11,2,-0.30000000000000004,10,False
0,3,0.4,1,False
0,1,-2.0,0,False
1,0,-0.30000000000000004,1,False
1,1,0.4,11,False
20,3,0.4,21,False
31,1,0.4,41,False
0,3,0.4,1,False
0,2,-0.30000000000000004,0,False
16,1,0.4,26,False
32,1,0.4,42,False
0,2,-0.30000000000000004,0,False
0,3,0.4,1,False
75,1,-3.0,75,False
63,0,-1.3,53,False
10,1,-2.0,10,False
21,3,0.4,22,False
2,1,-2.0,2,False
1,1,0.4,11,False
11,3,0.4,12,False
14,3,0.4,15,False
1,3,0.4,2,False
0,2,-0.30000000000000004,0,False
20,2,-0.30000000000000004,20,False
1,3,0.4,2,False
0,3,0.4,1,False
10,1,0.4,20,False
23,2,-0.30000000000000004,22,False
22,1,0.4,32,False
94,3,0.4,95,False
21,1,0.4,31,False
21,1,0.4,31,False
12,2,-1.3,11,False
12,1,0.4,22,False
21,3,0.4,22,False
0,1,0.4,10,False
1,2,-0.30000000000000004,0,False
21,0,-0.30000000000000004,11,False
0,1,0.4,10,False
30,1,-2.0,30,False
0,1,0.4,10,False
2,1,0.4,12,False
12,0,-0.30000000000000004,2,False
11,1,0.4,21,False
0,3,0.4,1,False
2,3,0.4,3,False
3,1,-2.0,3,False
20,3,0.4,21,False
89,1,20.0,99,True
0,0,-0.30000000000000004,0,False
2,1,0.4,12,False
12,3,-2.0,12,False
40,0,-0.30000000000000004,30,False
11,3,-2.0,11,False
22,1,-3.0,22,False
34,1,0.4,44,False
0,1,-2.0,0,False
14,3,0.4,15,False
1,2,-0.30000000000000004,0,False
72,2,-1.3,71,False
21,0,-0.30000000000000004,11,False
64,1,0.4,74,False
21,1,0.4,31,False
10,1,-2.0,10,False
10,0,-0.30000000000000004,0,False
1,0,-0.30000000000000004,1,False
11,3,0.4,12,False
21,1,0.4,31,False
50,1,0.4,60,False
0,1,0.4,10,False
2,3,0.4,3,False
4,1,0.4,14,False
23,3,0.4,24,False
10,1,-2.0,10,False
23,3,0.4,24,False
22,1,-2.0,22,False
41,2,-0.30000000000000004,40,False
30,1,0.4,40,False
0,3,0.4,1,False
12,1,-2.0,12,False
11,3,0.4,12,False
10,1,0.4,20,False
34,0,-0.30000000000000004,24,False
21,1,0.4,31,False
13,3,0.4,14,False
10,3,-2.0,10,False
1,1,0.4,11,False
41,3,0.4,42,False
0,3,0.4,1,False
0,3,-3.0,0,False
22,3,0.4,23,False
0,3,0.4,1,False
2,0,-0.30000000000000004,2,False
89,1,20.0,99,True
0,1,0.4,10,False
1,3,0.4,2,False
10,1,-2.0,10,False
42,0,-0.30000000000000004,32,False
75,1,0.4,85,False
0,1,-0.6,10,False
92,3,0.4,93,False
22,0,-1.3,12,False
10,2,-0.30000000000000004,10,False
2,3,0.4,3,False
0,3,-2.0,0,False
31,1,0.4,41,False
0,2,-0.30000000000000004,0,False
20,3,0.4,21,False
11,3,0.4,12,False
0,3,0.4,1,False
0,1,0.4,10,False
11,0,-0.30000000000000004,1,False
98,3,20.0,99,True
13,3,0.4,14,False
10,3,0.4,11,False
4,0,-1.3,4,False
53,3,-3.0,53,False
11,3,0.4,12,False
0,3,0.4,1,False
11,2,-0.30000000000000004,10,False
11,2,-0.30000000000000004,10,False
18,3,0.4,19,False
12,3,0.4,13,False
20,1,-2.0,20,False
75,0,-0.30000000000000004,65,False
0,1,-2.0,0,False
64,1,0.4,74,False
0,1,0.4,10,False
0,1,0.4,10,False
0,1,0.4,10,False
30,0,-1.3,20,False
11,3,0.4,12,False
0,3,0.4,1,False
98,3,20.0,99,True
13,3,0.4,14,False
0,1,-2.0,0,False
20,3,0.4,21,False
1,1,-2.0,1,False
42,1,0.4,52,False
22,1,0.4,32,False
2,3,0.4,3,False
3,1,0.4,13,False
10,0,-0.30000000000000004,0,False
20,1,0.4,30,False
11,3,0.4,12,False
30,0,-1.3,20,False
0,1,-2.0,0,False
12,1,0.4,22,False
11,2,-0.30000000000000004,10,False
0,0,-0.30000000000000004,0,False
2,1,0.4,12,False
15,0,-3.0,15,False
10,3,-2.0,10,False
65,2,-1.3,64,False
12,2,-0.30000000000000004,11,False
32,3,-2.0,32,False
98,3,20.0,99,True
14,2,-1.3,13,False
89,1,20.0,99,True
53,3,0.4,54,False
11,1,0.4,21,False
20,2,-1.3,20,False
55,3,0.4,56,False
52,2,-0.30000000000000004,51,False
43,1,0.4,53,False
0,3,-2.0,0,False
98,3,20.0,99,True
43,1,0.4,53,False
3,0,-0.30000000000000004,3,False
0,3,-2.0,0,False
0,0,-0.30000000000000004,0,False
11,1,-2.0,11,False
20,1,0.4,30,False
27,1,0.4,37,False
31,3,0.4,32,False
32,0,-0.30000000000000004,22,False
21,0,-0.30000000000000004,11,False
20,2,-1.3,20,False
0,1,0.4,10,False
22,3,0.4,23,False
89,1,20.0,99,True
21,1,0.4,31,False
15,3,0.4,16,False
0,3,-2.0,0,False
1,0,-0.30000000000000004,1,False
11,1,0.4,21,False
12,1,0.4,22,False
24,1,-3.0,24,False
12,1,0.4,22,False
16,1,0.4,26,False
89,1,20.0,99,True
10,3,0.4,11,False
83,2,-0.30000000000000004,82,False
1,3,0.4,2,False
34,2,-0.30000000000000004,33,False
11,2,-0.30000000000000004,10,False
11,1,0.4,21,False
0,0,-0.30000000000000004,0,False
98,3,20.0,99,True
12,1,0.4,22,False
53,2,-0.30000000000000004,52,False
0,1,0.4,10,False
11,3,0.4,12,False
24,3,0.4,25,False
21,1,0.4,31,False
12,1,0.4,22,False
30,1,0.4,40,False
15,1,0.4,25,False
10,3,0.4,11,False
1,1,0.4,11,False
20,0,-0.30000000000000004,10,False
67,3,0.4,68,False
3,3,0.4,4,False
1,3,0.4,2,False
89,1,20.0,99,True
10,1,-2.0,10,False
89,1,20.0,99,True
44,3,0.4,45,False
43,1,-2.0,43,False
22,3,-0.6,23,False
12,0,-0.30000000000000004,2,False
0,0,-0.30000000000000004,0,False
24,3,0.4,25,False
89,1,20.0,99,True
12,3,0.4,13,False
1,1,-2.0,1,False
35,1,-3.0,35,False
12,0,-2.0,12,False
11,2,-0.30000000000000004,10,False
89,1,20.0,99,True
32,2,-0.30000000000000004,31,False
1,3,0.4,2,False
98,3,20.0,99,True
10,1,0.4,20,False
0,1,0.4,10,False
11,3,0.4,12,False
3,3,0.4,4,False
12,1,-2.0,12,False
12,2,-2.0,12,False
12,1,0.4,22,False
51,1,0.4,61,False
2,0,-1.3,2,False
11,2,-1.3,10,False
12,1,0.4,22,False
49,3,-1.3,49,False
21,3,0.4,22,False
89,1,20.0,99,True
21,1,0.4,31,False
12,1,0.4,22,False
31,3,-3.0,31,False
23,1,-0.6,33,False
10,1,-2.0,10,False
30,1,0.4,40,False
20,1,-2.0,20,False
12,3,0.4,13,False
30,2,-1.3,30,False
23,1,0.4,33,False
0,0,-0.30000000000000004,0,False
3,2,-0.30000000000000004,2,False
53,3,0.4,54,False
11,1,-2.0,11,False
24,0,-0.30000000000000004,14,False
98,3,20.0,99,True
14,3,0.4,15,False
10,1,0.4,20,False
0,2,-0.30000000000000004,0,False
42,1,0.4,52,False
10,1,-2.0,10,False
0,1,0.4,10,False
10,1,-0.6,20,False
30,1,0.4,40,False
10,1,0.4,20,False
13,1,0.4,23,False
20,3,-2.0,20,False
10,0,-0.30000000000000004,0,False
51,1,0.4,61,False
89,1,20.0,99,True
4,0,-1.3,4,False
10,1,-2.0,10,False
34,1,0.4,44,False
12,1,0.4,22,False
10,3,0.4,11,False
1,3,0.4,2,False
20,1,0.4,30,False
12,1,-3.0,12,False
10,2,-0.30000000000000004,10,False
20,3,0.4,21,False
89,1,20.0,99,True
21,1,-0.6,31,False
0,1,0.4,10,False
89,1,20.0,99,True
71,3,0.4,72,False
0,1,0.4,10,False
73,3,0.4,74,False
73,2,-0.30000000000000004,72,False
10,1,0.4,20,False
33,1,0.4,43,False
14,1,-0.6,24,False
12,1,0.4,22,False
10,3,-2.0,10,False
11,2,-0.30000000000000004,10,False
11,3,0.4,12,False
89,1,20.0,99,True
21,3,-2.0,21,False
11,1,0.4,21,False
0,0,-0.30000000000000004,0,False
30,1,0.4,40,False
10,1,0.4,20,False
36,1,-0.6,46,False
21,0,-0.30000000000000004,11,False
0,1,-2.0,0,False
1,3,0.4,2,False
1,0,-0.30000000000000004,1,False
10,2,-0.30000000000000004,10,False
11,1,0.4,21,False
12,3,0.4,13,False
11,3,0.4,12,False
3,3,-2.0,3,False
11,2,-0.30000000000000004,10,False
2,2,-0.30000000000000004,1,False
1,1,0.4,11,False
2,0,-0.30000000000000004,2,False
0,3,0.4,1,False
0,0,-0.30000000000000004,0,False
22,1,0.4,32,False
98,3,20.0,99,True
0,3,0.4,1,False
23,3,0.4,24,False
24,1,0.4,34,False
1,2,-0.30000000000000004,0,False
20,3,0.4,21,False
0,1,-0.6,10,False
11,1,0.4,21,False
22,3,0.4,23,False
11,0,-0.30000000000000004,1,False
4,0,-0.30000000000000004,4,False
11,2,-0.30000000000000004,10,False
0,3,-2.0,0,False
13,1,0.4,23,False
89,1,20.0,99,True
23,1,0.4,33,False
89,1,20.0,99,True
21,2,-0.30000000000000004,20,False
84,1,0.4,94,False
10,3,-2.0,10,False
11,3,0.4,12,False
50,3,0.4,51,False
13,3,0.4,14,False
1,1,-0.6,11,False
0,3,-2.0,0,False
32,3,0.4,33,False
0,3,-2.0,0,False
12,3,0.4,13,False
2,3,-2.0,2,False
11,3,0.4,12,False
30,3,0.4,31,False
89,1,20.0,99,True
22,2,-0.30000000000000004,21,False
98,3,20.0,99,True
21,3,-0.6,22,False
30,3,0.4,31,False
2,0,-1.3,2,False
98,3,20.0,99,True
22,3,0.4,23,False
1,1,0.4,11,False
0,0,-0.30000000000000004,0,False
12,3,0.4,13,False
89,1,20.0,99,True
0,1,0.4,10,False
11,2,-0.30000000000000004,10,False
11,1,-2.0,11,False
0,0,-0.30000000000000004,0,False
10,1,0.4,20,False
56,3,0.4,57,False
0,3,-2.0,0,False
11,3,0.4,12,False
0,3,0.4,1,False
21,1,0.4,31,False
21,3,-2.0,21,False
32,1,0.4,42,False
74,2,-1.3,73,False
43,0,-1.3,33,False
13,3,0.4,14,False
10,1,0.4,20,False
11,3,0.4,12,False
0,3,0.4,1,False
34,1,0.4,44,False
98,3,20.0,99,True
10,2,-0.30000000000000004,10,False
89,1,20.0,99,True
24,1,0.4,34,False
10,1,0.4,20,False
0,3,0.4,1,False
12,1,0.4,22,False
0,3,0.4,1,False
22,3,0.4,23,False
20,3,0.4,21,False
0,1,0.4,10,False
1,3,0.4,2,False
1,2,-0.30000000000000004,0,False
22,1,0.4,32,False
10,1,0.4,20,False
20,1,0.4,30,False
1,3,0.4,2,False
89,1,20.0,99,True
11,0,-0.30000000000000004,1,False
0,2,-0.30000000000000004,0,False
20,3,0.4,21,False
21,0,-2.0,21,False
73,0,-1.3,63,False
33,1,0.4,43,False
43,2,-0.30000000000000004,42,False
10,1,-2.0,10,False
12,1,0.4,22,False
12,3,-0.6,13,False
89,1,20.0,99,True
32,3,0.4,33,False
2,2,-0.30000000000000004,1,False
13,1,0.4,23,False
0,3,0.4,1,False
21,3,-2.0,21,False
13,0,-2.0,13,False
1,1,-2.0,1,False
1,3,0.4,2,False
21,1,0.4,31,False
32,0,-0.30000000000000004,22,False
10,3,0.4,11,False
12,2,-1.3,11,False
30,3,0.4,31,False
41,1,0.4,51,False
1,2,-0.30000000000000004,0,False
10,2,-0.30000000000000004,10,False
98,3,20.0,99,True
3,1,0.4,13,False
21,3,-3.0,21,False
11,0,-0.30000000000000004,1,False
89,1,20.0,99,True
98,3,20.0,99,True
22,1,0.4,32,False
10,2,-0.30000000000000004,10,False
1,1,0.4,11,False
12,0,-0.30000000000000004,2,False
13,1,-2.0,13,False
22,3,-2.0,22,False
10,0,-0.30000000000000004,0,False
31,3,0.4,32,False
98,3,20.0,99,True
3,1,0.4,13,False
31,1,0.4,41,False
20,0,-1.3,10,False
60,3,0.4,61,False
11,1,-2.0,11,False
3,1,0.4,13,False
1,1,0.4,11,False
1,3,-2.0,1,False
10,0,-0.30000000000000004,0,False
22,2,-0.30000000000000004,21,False
32,3,0.4,33,False
34,1,-3.0,34,False
31,3,0.4,32,False
14,2,-1.3,13,False
0,1,0.4,10,False
1,2,-0.30000000000000004,0,False
20,3,0.4,21,False
12,1,0.4,22,False
0,0,-0.30000000000000004,0,False
17,3,0.4,18,False
14,1,-0.6,24,False
0,3,0.4,1,False
12,0,-0.30000000000000004,2,False
11,2,-0.30000000000000004,10,False
0,1,0.4,10,False
0,2,-1.3,0,False
0,2,-0.30000000000000004,0,False
0,1,0.4,10,False
0,1,0.4,10,False
4,3,0.4,5,False
0,0,-0.30000000000000004,0,False
31,1,0.4,41,False
0,3,0.4,1,False
11,1,-2.0,11,False
3,1,0.4,13,False
0,3,0.4,1,False
22,1,0.4,32,False
89,1,20.0,99,True
98,3,20.0,99,True
1,1,0.4,11,False
0,1,0.4,10,False
0,0,-0.30000000000000004,0,False
10,1,0.4,20,False
33,1,0.4,43,False
0,3,0.4,1,False
33,0,-0.30000000000000004,23,False
89,1,20.0,99,True
0,3,0.4,1,False
13,2,-0.30000000000000004,12,False
11,1,0.4,21,False
23,2,-0.30000000000000004,22,False
24,3,0.4,25,False
89,1,20.0,99,True
20,1,0.4,30,False
0,0,-0.30000000000000004,0,False
4,0,-1.3,4,False
0,2,-0.30000000000000004,0,False
21,1,0.4,31,False
14,1,0.4,24,False
11,1,0.4,21,False
98,3,20.0,99,True
11,0,-0.30000000000000004,1,False
41,3,0.4,42,False
1,3,-0.6,2,False
89,1,20.0,99,True
14,2,-1.3,13,False
31,2,-0.30000000000000004,30,False
0,3,0.4,1,False
89,1,20.0,99,True
32,3,0.4,33,False
25,3,0.4,26,False
10,0,-0.30000000000000004,0,False
20,0,-0.30000000000000004,10,False
23,3,0.4,24,False
21,3,-2.0,21,False
26,1,0.4,36,False
20,3,-0.6,21,False
48,2,-1.3,47,False
60,1,0.4,70,False
90,2,-1.3,90,False
31,1,-0.6,41,False
11,3,-2.0,11,False
12,3,0.4,13,False
11,1,0.4,21,False
41,3,0.4,42,False
0,1,0.4,10,False
12,0,-0.30000000000000004,2,False
15,2,-0.30000000000000004,14,False
10,2,-0.30000000000000004,10,False
1,1,0.4,11,False
41,3,0.4,42,False
1,1,0.4,11,False
22,1,0.4,32,False
1,1,0.4,11,False
32,3,0.4,33,False
20,0,-0.30000000000000004,10,False
0,3,0.4,1,False
50,2,-0.30000000000000004,50,False
89,1,20.0,99,True
34,3,-2.0,34,False
11,2,-0.30000000000000004,10,False
10,3,-2.0,10,False
13,3,0.4,14,False
10,2,-0.30000000000000004,10,False
11,3,0.4,12,False
2,1,0.4,12,False
10,2,-1.3,10,False
3,1,-2.0,3,False
10,1,0.4,20,False
12,1,-2.0,12,False
32,2,-0.30000000000000004,31,False
1,1,-2.0,1,False
11,3,0.4,12,False
55,3,0.4,56,False
30,1,0.4,40,False
13,3,0.4,14,False
0,3,0.4,1,False
26,3,0.4,27,False
25,3,0.4,26,False
20,3,0.4,21,False
1,3,0.4,2,False
25,1,0.4,35,False
1,3,0.4,2,False
10,2,-0.30000000000000004,10,False
5,2,-1.3,4,False
32,1,0.4,42,False
98,3,20.0,99,True
5,1,0.4,15,False
0,3,0.4,1,False
30,1,0.4,40,False
1,0,-0.30000000000000004,1,False
0,1,0.4,10,False
15,3,0.4,16,False
82,1,0.4,92,False
98,3,20.0,99,True
12,3,0.4,13,False
0,1,0.4,10,False
0,1,0.4,10,False
2,1,-2.0,2,False
0,1,-2.0,0,False
61,1,0.4,71,False
10,0,-0.30000000000000004,0,False
10,2,-0.30000000000000004,10,False
22,3,-2.0,22,False
20,3,0.4,21,False
11,3,0.4,12,False
34,3,0.4,35,False
20,3,0.4,21,False
0,1,0.4,10,False
54,1,-3.0,54,False
20,3,-2.0,20,False
15,3,0.4,16,False
10,1,0.4,20,False
42,1,0.4,52,False
0,3,0.4,1,False
89,1,20.0,99,True
89,1,20.0,99,True
20,3,0.4,21,False
33,1,0.4,43,False
42,1,0.4,52,False
23,3,0.4,24,False
41,3,0.4,42,False
89,1,20.0,99,True
22,3,0.4,23,False
21,3,0.4,22,False
0,2,-0.30000000000000004,0,False
41,1,0.4,51,False
25,2,-1.3,24,False
10,1,0.4,20,False
1,1,-2.0,1,False
23,0,-1.3,13,False
23,1,-0.6,33,False
13,1,0.4,23,False
1,2,-0.30000000000000004,0,False
10,2,-0.30000000000000004,10,False
89,1,20.0,99,True
12,0,-0.30000000000000004,2,False
11,3,0.4,12,False
20,1,0.4,30,False
2,3,-2.0,2,False
11,0,-0.30000000000000004,1,False
1,1,0.4,11,False
21,1,0.4,31,False
11,3,0.4,12,False
0,1,0.4,10,False
13,3,0.4,14,False
6,3,0.4,7,False
56,1,0.4,66,False
31,1,0.4,41,False
3,1,0.4,13,False
30,3,-0.6,31,False
10,1,0.4,20,False
22,0,-0.30000000000000004,12,False
10,1,-2.0,10,False
1,3,0.4,2,False
0,3,0.4,1,False
22,1,0.4,32,False
1,1,0.4,11,False
42,1,-2.0,42,False
42,1,-0.6,52,False
11,3,0.4,12,False
3,1,0.4,13,False
21,2,-0.30000000000000004,20,False
0,3,-0.6,1,False
2,1,0.4,12,False
1,3,0.4,2,False
89,1,20.0,99,True
25,0,-1.3,15,False
12,0,-0.30000000000000004,2,False
1,0,-0.30000000000000004,1,False
0,3,0.4,1,False
98,3,20.0,99,True
11,1,0.4,21,False
52,1,-3.0,52,False
10,1,0.4,20,False
11,2,-0.30000000000000004,10,False
12,2,-0.30000000000000004,11,False
13,3,0.4,14,False
2,0,-0.30000000000000004,2,False
34,3,0.4,35,False
10,1,0.4,20,False
20,3,0.4,21,False
20,1,0.4,30,False
11,1,0.4,21,False
11,1,0.4,21,False
89,1,20.0,99,True
21,3,0.4,22,False
22,3,0.4,23,False
62,0,-1.3,52,False
11,1,0.4,21,False
11,3,0.4,12,False
22,2,-0.30000000000000004,21,False
89,1,20.0,99,True
2,2,-0.30000000000000004,1,False
89,1,20.0,99,True
13,1,-2.0,13,False
89,1,20.0,99,True
3,1,0.4,13,False
11,2,-0.30000000000000004,10,False
10,3,0.4,11,False
0,0,-0.30000000000000004,0,False
1,1,0.4,11,False
36,1,0.4,46,False
11,1,-2.0,11,False
3,3,0.4,4,False
1,3,-2.0,1,False
21,1,-2.0,21,False
0,2,-0.30000000000000004,0,False
89,1,20.0,99,True
33,1,0.4,43,False
35,1,0.4,45,False
11,2,-0.30000000000000004,10,False
10,0,-0.30000000000000004,0,False
98,3,20.0,99,True
10,1,-2.0,10,False
2,0,-0.30000000000000004,2,False
11,3,0.4,12,False
30,3,0.4,31,False
35,3,-3.0,35,False
20,1,0.4,30,False
21,3,0.4,22,False
40,2,-0.30000000000000004,40,False
21,3,0.4,22,False
12,3,0.4,13,False
10,3,0.4,11,False
27,3,0.4,28,False
2,1,0.4,12,False
10,1,0.4,20,False
10,1,-2.0,10,False
0,1,-2.0,0,False
1,2,-0.30000000000000004,0,False
20,1,0.4,30,False
12,3,-2.0,12,False
1,1,-2.0,1,False
23,3,0.4,24,False
11,3,0.4,12,False
30,3,0.4,31,False
1,1,0.4,11,False
10,0,-0.30000000000000004,0,False
22,1,0.4,32,False
22,2,-0.30000000000000004,21,False
0,1,0.4,10,False
0,1,0.4,10,False
1,2,-0.30000000000000004,0,False
17,3,0.4,18,False
11,1,0.4,21,False
10,3,0.4,11,False
11,2,-0.30000000000000004,10,False
1,3,0.4,2,False
11,1,0.4,21,False
0,3,0.4,1,False
10,2,-0.30000000000000004,10,False
0,2,-0.30000000000000004,0,False
89,1,20.0,99,True
32,1,0.4,42,False
0,1,0.4,10,False
10,1,0.4,20,False
20,3,0.4,21,False
89,1,20.0,99,True
34,3,-0.6,35,False
12,3,0.4,13,False
1,1,0.4,11,False
33,1,0.4,43,False
89,1,20.0,99,True
3,0,-0.30000000000000004,3,False
21,0,-0.30000000000000004,11,False
0,1,0.4,10,False
33,2,-2.0,33,False
11,3,0.4,12,False
73,1,0.4,83,False
33,1,0.4,43,False
89,1,20.0,99,True
23,3,0.4,24,False
79,1,0.4,89,False
11,1,0.4,21,False
43,1,0.4,53,False
11,1,-2.0,11,False
0,0,-0.30000000000000004,0,False
42,3,-0.6,43,False
15,2,-0.30000000000000004,14,False
21,1,0.4,31,False
10,0,-0.30000000000000004,0,False
0,1,0.4,10,False
30,3,-2.0,30,False
10,3,0.4,11,False
98,3,20.0,99,True
32,3,0.4,33,False
2,2,-0.30000000000000004,1,False
25,0,-0.30000000000000004,15,False
20,1,0.4,30,False
10,0,-0.30000000000000004,0,False
10,1,0.4,20,False
1,2,-0.30000000000000004,0,False
89,1,20.0,99,True
10,3,0.4,11,False
10,3,0.4,11,False
0,3,0.4,1,False
89,1,20.0,99,True
11,3,0.4,12,False
1,0,-0.30000000000000004,1,False
10,3,0.4,11,False
0,2,-0.30000000000000004,0,False
10,1,0.4,20,False
0,2,-0.30000000000000004,0,False
32,1,-2.0,32,False
1,1,-2.0,1,False
32,2,-0.30000000000000004,31,False
89,1,20.0,99,True
3,1,0.4,13,False
89,1,20.0,99,True
51,1,0.4,61,False
20,1,0.4,30,False
0,3,0.4,1,False
31,1,0.4,41,False
0,2,-0.30000000000000004,0,False
13,3,0.4,14,False
43,1,0.4,53,False
31,1,-2.0,31,False
0,2,-0.30000000000000004,0,False
89,1,20.0,99,True
52,1,0.4,62,False
22,2,-0.30000000000000004,21,False
20,0,-0.30000000000000004,10,False
0,1,0.4,10,False
41,3,0.4,42,False
0,3,0.4,1,False
31,0,-1.3,21,False
98,3,20.0,99,True
30,1,0.4,40,False
24,3,-2.0,24,False
0,1,-2.0,0,False
20,3,0.4,21,False
10,1,0.4,20,False
1,0,-0.30000000000000004,1,False
2,3,0.4,3,False
0,2,-0.30000000000000004,0,False
24,3,0.4,25,False
11,2,-0.30000000000000004,10,False
21,0,-0.30000000000000004,11,False
10,2,-0.30000000000000004,10,False
48,2,-1.3,47,False
10,2,-0.30000000000000004,10,False
89,1,20.0,99,True
24,3,0.4,25,False
13,3,0.4,14,False
2,3,0.4,3,False
30,1,0.4,40,False
20,1,-2.0,20,False
41,1,0.4,51,False
50,1,0.4,60,False
22,1,0.4,32,False
0,1,0.4,10,False
23,0,-0.30000000000000004,13,False
11,0,-0.30000000000000004,1,False
24,1,0.4,34,False
1,3,0.4,2,False
13,1,0.4,23,False
22,1,0.4,32,False
16,3,0.4,17,False
23,1,0.4,33,False
21,3,0.4,22,False
0,3,0.4,1,False
1,3,0.4,2,False
11,1,0.4,21,False
0,1,0.4,10,False
14,3,-3.0,14,False
12,3,0.4,13,False
11,1,0.4,21,False
12,3,0.4,13,False
20,3,-2.0,20,False
23,1,-2.0,23,False
5,0,-0.30000000000000004,5,False
11,3,0.4,12,False
0,1,-2.0,0,False
25,1,0.4,35,False
11,3,0.4,12,False
20,2,-0.30000000000000004,20,False
33,3,-2.0,33,False
1,3,0.4,2,False
0,0,-0.30000000000000004,0,False
10,2,-0.30000000000000004,10,False
2,2,-0.30000000000000004,1,False
1,1,0.4,11,False
15,1,0.4,25,False
89,1,20.0,99,True
10,0,-0.30000000000000004,0,False
24,0,-0.30000000000000004,14,False
11,1,0.4,21,False
22,3,0.4,23,False
1,3,-2.0,1,False
22,3,0.4,23,False
10,0,-0.30000000000000004,0,False
47,0,-0.30000000000000004,37,False
31,3,0.4,32,False
89,1,20.0,99,True
31,2,-0.30000000000000004,30,False
2,0,-0.30000000000000004,2,False
2,0,-0.30000000000000004,2,False
0,1,-2.0,0,False
89,1,20.0,99,True
20,1,0.4,30,False
0,2,-0.30000000000000004,0,False
1,0,-0.30000000000000004,1,False
20,1,0.4,30,False
12,1,-2.0,12,False
45,3,0.4,46,False
20,1,0.4,30,False
12,1,0.4,22,False
23,1,0.4,33,False
4,3,0.4,5,False
10,3,0.4,11,False
10,2,-0.30000000000000004,10,False
30,2,-0.30000000000000004,30,False
23,1,0.4,33,False
10,3,-2.0,10,False
1,1,0.4,11,False
12,3,-2.0,12,False
24,1,0.4,34,False
10,2,-0.30000000000000004,10,False
40,0,-0.30000000000000004,30,False
23,3,0.4,24,False
30,2,-1.3,30,False
23,1,-2.0,23,False
12,2,-1.3,11,False
1,1,-2.0,1,False
34,1,0.4,44,False
12,1,0.4,22,False
82,1,0.4,92,False
20,1,0.4,30,False
0,0,-0.30000000000000004,0,False
3,3,0.4,4,False
11,2,-0.30000000000000004,10,False
2,3,0.4,3,False
31,1,0.4,41,False
0,1,0.4,10,False
0,0,-0.30000000000000004,0,False
10,1,-2.0,10,False
0,1,0.4,10,False
10,3,0.4,11,False
15,3,0.4,16,False
1,3,0.4,2,False
30,0,-0.30000000000000004,20,False
98,3,20.0,99,True
0,3,0.4,1,False
10,1,-2.0,10,False
89,1,20.0,99,True
1,2,-0.30000000000000004,0,False
41,1,-2.0,41,False
2,0,-0.30000000000000004,2,False
24,3,-2.0,24,False
0,0,-0.30000000000000004,0,False
11,3,0.4,12,False
12,1,0.4,22,False
0,0,-0.30000000000000004,0,False
10,1,0.4,20,False
98,3,20.0,99,True
11,3,0.4,12,False
30,3,-3.0,30,False
2,1,-2.0,2,False
60,3,0.4,61,False
23,1,-3.0,23,False
0,3,0.4,1,False
42,3,0.4,43,False
31,1,0.4,41,False
10,1,0.4,20,False
24,2,-0.30000000000000004,23,False
0,3,-2.0,0,False
1,1,0.4,11,False
0,2,-0.30000000000000004,0,False
0,0,-0.30000000000000004,0,False
46,3,0.4,47,False
21,2,-2.0,21,False
12,3,0.4,13,False
22,1,0.4,32,False
74,2,-3.0,74,False
89,1,20.0,99,True
10,2,-0.30000000000000004,10,False
2,3,0.4,3,False
0,2,-0.30000000000000004,0,False
1,1,0.4,11,False
1,1,0.4,11,False
21,1,0.4,31,False
32,0,-0.30000000000000004,22,False
12,1,-2.0,12,False
61,2,-0.30000000000000004,60,False
0,2,-0.30000000000000004,0,False
11,3,0.4,12,False
21,3,0.4,22,False
20,1,0.4,30,False
10,1,-3.0,10,False
51,3,0.4,52,False
98,3,20.0,99,True
89,1,20.0,99,True
21,0,-0.30000000000000004,11,False
10,3,0.4,11,False
89,1,20.0,99,True
0,0,-0.30000000000000004,0,False
30,1,0.4,40,False
52,3,0.4,53,False
0,1,0.4,10,False
11,2,-0.30000000000000004,10,False
32,3,0.4,33,False
22,3,0.4,23,False
1,1,-2.0,1,False
89,1,20.0,99,True
2,0,-0.30000000000000004,2,False
33,2,-0.30000000000000004,32,False
10,3,0.4,11,False
0,1,0.4,10,False
0,1,0.4,10,False
7,1,0.4,17,False
43,1,0.4,53,False
42,2,-0.30000000000000004,41,False
0,0,-0.30000000000000004,0,False
10,3,0.4,11,False
42,3,0.4,43,False
12,3,-2.0,12,False
10,1,-2.0,10,False
0,1,0.4,10,False
13,3,-2.0,13,False
98,3,20.0,99,True
0,0,-0.30000000000000004,0,False
21,3,0.4,22,False
11,3,0.4,12,False
98,3,20.0,99,True
10,1,0.4,20,False
20,2,-0.30000000000000004,20,False
42,0,-1.3,32,False
10,3,0.4,11,False
0,0,-0.30000000000000004,0,False
10,3,0.4,11,False
31,3,0.4,32,False
89,1,20.0,99,True
22,2,-0.30000000000000004,21,False
20,1,0.4,30,False
10,3,0.4,11,False
25,1,0.4,35,False
57,0,-0.30000000000000004,47,False
27,1,-0.6,37,False
11,0,-0.30000000000000004,1,False
2,3,0.4,3,False
43,2,-0.30000000000000004,42,False
53,1,0.4,63,False
20,1,0.4,30,False
21,2,-0.30000000000000004,20,False
0,1,0.4,10,False
30,3,0.4,31,False
10,0,-0.30000000000000004,0,False
0,2,-0.30000000000000004,0,False
25,2,-1.3,24,False
20,2,-0.30000000000000004,20,False
53,3,0.4,54,False
0,0,-0.30000000000000004,0,False
0,1,0.4,10,False
21,1,-2.0,21,False
33,3,0.4,34,False
21,3,0.4,22,False
11,3,0.4,12,False
41,1,0.4,51,False
11,3,0.4,12,False
22,3,0.4,23,False
32,3,-0.6,33,False
35,3,0.4,36,False
54,3,0.4,55,False
3,3,-2.0,3,False
0,3,-2.0,0,False
0,1,0.4,10,False
0,2,-0.30000000000000004,0,False
12,1,0.4,22,False
0,1,-2.0,0,False
21,3,-2.0,21,False
0,3,0.4,1,False
10,2,-0.30000000000000004,10,False
0,1,-2.0,0,False
23,3,0.4,24,False
43,0,-0.30000000000000004,33,False
20,2,-0.30000000000000004,20,False
23,0,-0.30000000000000004,13,False
1,1,0.4,11,False
1,1,-2.0,1,False
1,1,0.4,11,False
0,0,-0.30000000000000004,0,False
10,1,0.4,20,False
11,3,0.4,12,False
0,3,0.4,1,False
12,3,0.4,13,False
89,1,20.0,99,True
31,2,-0.30000000000000004,30,False
10,3,0.4,11,False
33,1,-2.0,33,False
3,0,-1.3,3,False
52,0,-0.30000000000000004,42,False
0,3,0.4,1,False
2,2,-0.30000000000000004,1,False
10,1,0.4,20,False
0,1,0.4,10,False
5,0,-0.30000000000000004,5,False
34,0,-1.3,24,False
15,1,0.4,25,False
63,3,0.4,64,False
1,3,-2.0,1,False
12,1,0.4,22,False
20,2,-0.30000000000000004,20,False
2,1,0.4,12,False
2,3,0.4,3,False
22,3,-0.6,23,False
1,3,0.4,2,False
15,1,-0.6,25,False
31,1,0.4,41,False
14,1,0.4,24,False
10,2,-0.30000000000000004,10,False
10,1,-2.0,10,False
4,3,0.4,5,False
2,3,0.4,3,False
84,2,-0.30000000000000004,83,False
57,0,-0.30000000000000004,47,False
41,3,-2.0,41,False
2,1,0.4,12,False
0,3,-2.0,0,False
22,0,-0.30000000000000004,12,False
10,3,-2.0,10,False
12,2,-0.30000000000000004,11,False
33,3,0.4,34,False
20,3,0.4,21,False
3,3,-2.0,3,False
98,3,20.0,99,True
22,1,0.4,32,False
33,2,-0.30000000000000004,32,False
21,3,-2.0,21,False
1,2,-0.30000000000000004,0,False
25,2,-0.30000000000000004,24,False
0,1,0.4,10,False
0,3,-2.0,0,False
52,3,0.4,53,False
2,3,-2.0,2,False
12,2,-0.30000000000000004,11,False
0,1,0.4,10,False
84,0,-1.3,74,False
0,1,0.4,10,False
32,1,0.4,42,False
2,1,0.4,12,False
98,3,20.0,99,True
21,1,0.4,31,False
10,1,0.4,20,False
11,1,0.4,21,False
21,0,-0.30000000000000004,11,False
21,0,-0.30000000000000004,11,False
89,1,20.0,99,True
2,1,0.4,12,False
49,1,0.4,59,False
60,3,0.4,61,False
0,1,0.4,10,False
11,1,0.4,21,False
10,3,0.4,11,False
20,3,-2.0,20,False
10,0,-0.30000000000000004,0,False
12,3,0.4,13,False
23,1,0.4,33,False
12,1,-2.0,12,False
13,1,0.4,23,False
34,2,-0.30000000000000004,33,False
31,1,0.4,41,False
36,3,0.4,37,False
44,3,0.4,45,False
0,0,-0.30000000000000004,0,False
0,0,-0.30000000000000004,0,False
1,0,-0.30000000000000004,1,False
10,3,0.4,11,False
89,1,20.0,99,True
11,3,0.4,12,False
32,1,0.4,42,False
10,1,0.4,20,False
89,1,20.0,99,True
20,1,0.4,30,False
0,1,0.4,10,False
22,0,-0.30000000000000004,12,False
31,3,0.4,32,False
22,2,-0.30000000000000004,21,False
0,2,-0.30000000000000004,0,False
41,0,-0.30000000000000004,31,False
45,1,0.4,55,False
31,2,-0.30000000000000004,30,False
98,3,20.0,99,True
23,3,0.4,24,False
31,1,0.4,41,False
15,3,0.4,16,False
20,2,-0.30000000000000004,20,False
64,0,-1.3,54,False
13,2,-0.30000000000000004,12,False
0,1,0.4,10,False
22,2,-0.30000000000000004,21,False
14,2,-0.30000000000000004,13,False
23,1,0.4,33,False
11,3,0.4,12,False
0,3,0.4,1,False
12,3,-2.0,12,False
10,0,-0.30000000000000004,0,False
98,3,20.0,99,True
20,2,-0.30000000000000004,20,False
10,3,0.4,11,False
2,2,-0.30000000000000004,1,False
10,3,0.4,11,False
33,1,0.4,43,False
52,3,0.4,53,False
0,2,-0.30000000000000004,0,False
98,3,20.0,99,True
11,1,-2.0,11,False
23,3,0.4,24,False
1,1,0.4,11,False
0,0,-0.30000000000000004,0,False
0,0,-0.30000000000000004,0,False
2,3,0.4,3,False
42,0,-0.30000000000000004,32,False
21,1,0.4,31,False
0,0,-0.30000000000000004,0,False
25,1,0.4,35,False
10,3,0.4,11,False
13,3,0.4,14,False
12,1,0.4,22,False
31,0,-0.30000000000000004,21,False
10,2,-0.30000000000000004,10,False
74,1,0.4,84,False
1,3,0.4,2,False
10,0,-0.30000000000000004,0,False
11,3,0.4,12,False
24,2,-0.30000000000000004,23,False
89,1,20.0,99,True
40,1,0.4,50,False
13,3,0.4,14,False
60,1,0.4,70,False
89,1,20.0,99,True
10,3,-2.0,10,False
6,1,0.4,16,False
22,3,0.4,23,False
5,1,0.4,15,False
41,1,0.4,51,False
22,1,0.4,32,False
2,2,-0.30000000000000004,1,False
10,2,-0.30000000000000004,10,False
11,3,0.4,12,False
41,2,-0.30000000000000004,40,False
89,1,20.0,99,True
11,2,-0.30000000000000004,10,False
31,3,0.4,32,False
0,1,0.4,10,False
10,3,0.4,11,False
1,0,-0.30000000000000004,1,False
21,3,0.4,22,False
0,3,0.4,1,False
13,2,-1.3,12,False
0,3,0.4,1,False
12,3,-2.0,12,False
30,1,0.4,40,False
43,3,0.4,44,False
20,2,-0.30000000000000004,20,False
1,1,0.4,11,False
98,3,20.0,99,True
1,3,0.4,2,False
20,3,0.4,21,False
1,0,-0.30000000000000004,1,False
11,3,-2.0,11,False
51,1,0.4,61,False
1,0,-0.30000000000000004,1,False
10,1,0.4,20,False
21,1,0.4,31,False
2,1,-2.0,2,False
32,1,0.4,42,False
21,3,0.4,22,False
89,1,20.0,99,True
0,1,-2.0,0,False
31,1,-2.0,31,False
0,0,-0.30000000000000004,0,False
2,0,-0.30000000000000004,2,False
23,1,-0.6,33,False
21,3,0.4,22,False
4,3,0.4,5,False
12,1,0.4,22,False
12,2,-0.30000000000000004,11,False
2,1,0.4,12,False
89,1,20.0,99,True
12,0,-0.30000000000000004,2,False
24,1,0.4,34,False
31,1,0.4,41,False
10,1,0.4,20,False
12,2,-0.30000000000000004,11,False
45,3,0.4,46,False
89,1,20.0,99,True
1,3,0.4,2,False
43,3,0.4,44,False
35,3,0.4,36,False
98,3,20.0,99,True
54,1,-0.6,64,False
2,1,0.4,12,False
22,1,0.4,32,False
85,0,-0.30000000000000004,75,False
0,0,-0.30000000000000004,0,False
0,3,0.4,1,False
14,3,0.4,15,False
45,1,0.4,55,False
98,3,20.0,99,True
10,3,0.4,11,False
0,1,0.4,10,False
1,2,-0.30000000000000004,0,False
42,1,-3.0,42,False
3,3,0.4,4,False
89,1,20.0,99,True
10,3,0.4,11,False
3,2,-0.30000000000000004,2,False
1,3,0.4,2,False
2,3,0.4,3,False
12,2,-2.0,12,False
53,3,0.4,54,False
0,0,-0.30000000000000004,0,False
21,3,-2.0,21,False
10,1,0.4,20,False
36,2,-0.30000000000000004,35,False
13,3,0.4,14,False
22,2,-0.30000000000000004,21,False
89,1,20.0,99,True
30,2,-0.30000000000000004,30,False
3,0,-0.30000000000000004,3,False
3,0,-0.30000000000000004,3,False
62,1,0.4,72,False
89,1,20.0,99,True
38,1,-3.0,38,False
89,1,20.0,99,True
2,1,-2.0,2,False
0,3,0.4,1,False
12,1,-3.0,12,False
1,0,-0.30000000000000004,1,False
23,2,-0.30000000000000004,22,False
11,3,0.4,12,False
60,3,0.4,61,False
10,3,0.4,11,False
98,3,20.0,99,True
1,3,0.4,2,False
4,0,-1.3,4,False
20,1,-2.0,20,False
60,2,-1.3,60,False
10,3,-2.0,10,False
1,2,-0.30000000000000004,0,False
2,0,-0.30000000000000004,2,False
14,1,0.4,24,False
30,0,-0.30000000000000004,20,False
0,2,-0.30000000000000004,0,False
21,2,-0.30000000000000004,20,False
0,3,0.4,1,False
24,2,-0.30000000000000004,23,False
1,1,0.4,11,False
10,3,0.4,11,False
1,3,0.4,2,False
74,0,-0.30000000000000004,64,False
0,2,-0.30000000000000004,0,False
10,3,-2.0,10,False
2,1,0.4,12,False
42,1,0.4,52,False
98,3,20.0,99,True
20,3,0.4,21,False
2,2,-0.30000000000000004,1,False
11,1,0.4,21,False
14,3,0.4,15,False
98,3,20.0,99,True
65,1,0.4,75,False
44,0,-0.30000000000000004,34,False
10,0,-0.30000000000000004,0,False
0,2,-0.30000000000000004,0,False
22,1,0.4,32,False
0,0,-0.30000000000000004,0,False
89,1,20.0,99,True
20,0,-0.30000000000000004,10,False
0,3,-2.0,0,False
0,2,-0.30000000000000004,0,False
0,3,0.4,1,False
0,0,-0.30000000000000004,0,False
44,2,-0.30000000000000004,43,False
30,3,0.4,31,False
12,3,-3.0,12,False
10,1,-2.0,10,False
20,1,0.4,30,False
21,1,0.4,31,False
0,3,0.4,1,False
0,3,0.4,1,False
20,2,-0.30000000000000004,20,False
64,3,-3.0,64,False
89,1,20.0,99,True
0,2,-0.30000000000000004,0,False
53,3,-2.0,53,False
10,2,-0.30000000000000004,10,False
1,2,-0.30000000000000004,0,False
20,1,0.4,30,False
11,3,0.4,12,False
10,3,0.4,11,False
0,1,0.4,10,False
73,3,0.4,74,False
20,1,0.4,30,False
30,3,0.4,31,False
12,1,-2.0,12,False
2,3,-2.0,2,False
33,2,-0.30000000000000004,32,False
37,2,-0.30000000000000004,36,False
31,3,-2.0,31,False
0,1,0.4,10,False
0,1,0.4,10,False
98,3,20.0,99,True
0,2,-0.30000000000000004,0,False
20,3,0.4,21,False
22,0,-2.0,22,False
0,3,-2.0,0,False
30,1,0.4,40,False
21,1,0.4,31,False
1,3,0.4,2,False
24,3,0.4,25,False
34,2,-0.30000000000000004,33,False
15,0,-0.30000000000000004,5,False
13,3,0.4,14,False
0,1,0.4,10,False
31,3,0.4,32,False
10,3,0.4,11,False
20,1,0.4,30,False
10,1,0.4,20,False
89,1,20.0,99,True
0,3,0.4,1,False
98,3,20.0,99,True
89,1,20.0,99,True
10,0,-0.30000000000000004,0,False
30,1,0.4,40,False
42,3,0.4,43,False
0,0,-0.30000000000000004,0,False
98,3,20.0,99,True
0,1,0.4,10,False
98,3,20.0,99,True
10,1,0.4,20,False
10,3,0.4,11,False
22,3,0.4,23,False
2,0,-0.30000000000000004,2,False
0,1,0.4,10,False
12,0,-0.30000000000000004,2,False
0,1,0.4,10,False
0,2,-0.30000000000000004,0,False
20,1,0.4,30,False
51,1,0.4,61,False
1,2,-0.30000000000000004,0,False
30,3,0.4,31,False
41,1,-2.0,41,False
20,1,0.4,30,False
11,2,-0.30000000000000004,10,False
21,3,0.4,22,False
23,1,0.4,33,False
20,1,0.4,30,False
0,2,-0.30000000000000004,0,False
0,1,0.4,10,False
1,2,-0.30000000000000004,0,False
31,1,0.4,41,False
98,3,20.0,99,True
1,3,-2.0,1,False
10,3,0.4,11,False
1,3,0.4,2,False
22,0,-0.30000000000000004,12,False
22,3,0.4,23,False
14,1,0.4,24,False
1,0,-0.30000000000000004,1,False
82,1,0.4,92,False
7,1,0.4,17,False
46,0,-0.30000000000000004,36,False
89,1,20.0,99,True
31,3,0.4,32,False
26,0,-1.3,16,False
11,3,-2.0,11,False
20,3,0.4,21,False
12,0,-0.30000000000000004,2,False
84,1,0.4,94,False
13,3,0.4,14,False
1,3,0.4,2,False
42,1,0.4,52,False
33,0,-0.30000000000000004,23,False
1,1,0.4,11,False
72,1,-3.0,72,False
22,1,-2.0,22,False
0,1,0.4,10,False
32,2,-0.30000000000000004,31,False
0,0,-0.30000000000000004,0,False
3,3,0.4,4,False
13,1,0.4,23,False
42,3,0.4,43,False
89,1,20.0,99,True
34,0,-0.30000000000000004,24,False
21,3,0.4,22,False
51,1,0.4,61,False
1,0,-0.30000000000000004,1,False
0,2,-0.30000000000000004,0,False
43,3,0.4,44,False
22,3,0.4,23,False
89,1,20.0,99,True
0,3,-2.0,0,False
10,0,-0.30000000000000004,0,False
0,2,-0.30000000000000004,0,False
1,3,0.4,2,False
32,1,0.4,42,False
0,2,-0.30000000000000004,0,False
24,1,0.4,34,False
3,2,-0.30000000000000004,2,False
89,1,20.0,99,True
0,3,0.4,1,False
1,1,-2.0,1,False
20,1,0.4,30,False
21,0,-2.0,21,False
21,1,0.4,31,False
10,2,-0.30000000000000004,10,False
40,0,-0.30000000000000004,30,False
2,2,-0.30000000000000004,1,False
37,1,0.4,47,False
22,1,0.4,32,False
89,1,20.0,99,True
31,0,-2.0,31,False
0,1,0.4,10,False
89,1,20.0,99,True
0,0,-0.30000000000000004,0,False
20,2,-0.30000000000000004,20,False
1,3,0.4,2,False
4,3,0.4,5,False
98,3,20.0,99,True
21,3,0.4,22,False
60,2,-0.30000000000000004,60,False
41,3,0.4,42,False
10,1,-2.0,10,False
0,3,0.4,1,False
3,1,0.4,13,False
20,0,-0.30000000000000004,10,False
11,0,-0.30000000000000004,1,False
11,0,-0.30000000000000004,1,False
98,3,20.0,99,True
11,2,-0.30000000000000004,10,False
4,2,-0.30000000000000004,3,False
10,1,0.4,20,False
3,1,0.4,13,False
0,3,0.4,1,False
5,3,0.4,6,False
0,3,0.4,1,False
20,1,0.4,30,False
12,1,0.4,22,False
12,3,-2.0,12,False
98,3,20.0,99,True
48,1,-3.0,48,False
22,1,-2.0,22,False
0,0,-0.30000000000000004,0,False
1,1,0.4,11,False
10,3,0.4,11,False
0,3,-2.0,0,False
20,3,-2.0,20,False
10,1,0.4,20,False
22,2,-2.0,22,False
0,1,-2.0,0,False
20,3,0.4,21,False
43,0,-0.30000000000000004,33,False
0,3,0.4,1,False
12,1,0.4,22,False
0,3,0.4,1,False
3,1,0.4,13,False
32,1,0.4,42,False
11,1,0.4,21,False
16,1,-3.0,16,False
40,3,0.4,41,False
21,1,0.4,31,False
42,1,-2.0,42,False
24,1,0.4,34,False
1,1,-2.0,1,False
0,3,-2.0,0,False
47,0,-1.3,37,False
4,1,0.4,14,False
24,1,0.4,34,False
0,0,-0.30000000000000004,0,False
11,0,-0.30000000000000004,1,False
12,0,-0.30000000000000004,2,False
98,3,20.0,99,True
89,1,20.0,99,True
12,1,0.4,22,False
89,1,20.0,99,True
2,0,-0.30000000000000004,2,False
1,2,-0.30000000000000004,0,False
14,3,0.4,15,False
0,1,0.4,10,False
1,1,-2.0,1,False
0,3,0.4,1,False
0,0,-0.30000000000000004,0,False
0,3,0.4,1,False
10,1,-2.0,10,False
72,2,-0.30000000000000004,71,False
38,3,0.4,39,False
33,1,0.4,43,False
1,3,-2.0,1,False
43,0,-1.3,33,False
3,2,-0.30000000000000004,2,False
61,1,0.4,71,False
2,3,0.4,3,False
0,3,-2.0,0,False
41,3,0.4,42,False
11,3,0.4,12,False
40,1,0.4,50,False
22,3,0.4,23,False
0,2,-0.30000000000000004,0,False
0,3,0.4,1,False
12,1,-0.6,22,False
89,1,20.0,99,True
22,1,0.4,32,False
0,1,0.4,10,False
0,2,-0.30000000000000004,0,False
53,0,-1.3,43,False
30,1,0.4,40,False
98,3,20.0,99,True
12,2,-0.30000000000000004,11,False
0,3,0.4,1,False
41,1,0.4,51,False
24,2,-0.30000000000000004,23,False
3,1,0.4,13,False
54,1,0.4,64,False
11,3,0.4,12,False
3,3,0.4,4,False
0,0,-0.30000000000000004,0,False
22,0,-0.30000000000000004,12,False
20,3,0.4,21,False
42,3,0.4,43,False
14,3,0.4,15,False
15,1,0.4,25,False
20,1,0.4,30,False
10,1,0.4,20,False
92,3,0.4,93,False
75,2,-0.30000000000000004,74,False
13,3,0.4,14,False
0,3,0.4,1,False
1,2,-0.30000000000000004,0,False
89,1,20.0,99,True
13,3,0.4,14,False
44,1,0.4,54,False
13,1,0.4,23,False
30,2,-0.30000000000000004,30,False
26,0,-3.0,26,False
0,1,0.4,10,False
34,0,-0.30000000000000004,24,False
89,1,20.0,99,True
3,3,0.4,4,False
44,1,0.4,54,False
68,3,0.4,69,False
24,1,-2.0,24,False
0,1,0.4,10,False
42,2,-1.3,41,False
15,3,-0.6,16,False
30,3,0.4,31,False
32,1,-2.0,32,False
10,3,0.4,11,False
41,0,-0.30000000000000004,31,False
0,2,-0.30000000000000004,0,False
53,1,0.4,63,False
0,1,0.4,10,False
10,1,0.4,20,False
2,0,-0.30000000000000004,2,False
91,3,0.4,92,False
1,1,0.4,11,False
89,1,20.0,99,True
12,2,-0.30000000000000004,11,False
1,0,-0.30000000000000004,1,False
0,3,0.4,1,False
40,2,-0.30000000000000004,40,False
89,1,20.0,99,True
20,0,-0.30000000000000004,10,False
30,1,-2.0,30,False
89,1,20.0,99,True
1,2,-0.30000000000000004,0,False
3,0,-0.30000000000000004,3,False
21,2,-0.30000000000000004,20,False
23,1,0.4,33,False
23,1,-2.0,23,False
10,1,0.4,20,False
0,3,-3.0,0,False
31,0,-0.30000000000000004,21,False
47,1,-0.6,57,False
10,3,0.4,11,False
14,3,0.4,15,False
30,3,0.4,31,False
11,1,0.4,21,False
1,1,0.4,11,False
3,1,0.4,13,False
51,2,-0.30000000000000004,50,False
34,3,0.4,35,False
22,2,-1.3,21,False
10,1,0.4,20,False
10,3,0.4,11,False
11,2,-0.30000000000000004,10,False
22,1,0.4,32,False
32,1,0.4,42,False
0,1,0.4,10,False
13,1,0.4,23,False
30,3,0.4,31,False
25,2,-1.3,24,False
1,1,0.4,11,False
10,0,-0.30000000000000004,0,False
0,1,0.4,10,False
98,3,20.0,99,True
30,1,0.4,40,False
20,1,-2.0,20,False
11,1,0.4,21,False
20,1,0.4,30,False
23,1,0.4,33,False
0,1,0.4,10,False
11,3,0.4,12,False
22,0,-0.30000000000000004,12,False
1,3,-2.0,1,False
0,3,0.4,1,False
11,3,0.4,12,False
0,3,0.4,1,False
22,1,0.4,32,False
89,1,20.0,99,True
38,1,0.4,48,False
13,3,0.4,14,False
30,1,-2.0,30,False
0,0,-0.30000000000000004,0,False
0,1,0.4,10,False
20,3,0.4,21,False
11,1,0.4,21,False
50,3,-0.6,51,False
30,1,0.4,40,False
10,2,-0.30000000000000004,10,False
10,3,-2.0,10,False
0,1,0.4,10,False
15,3,0.4,16,False
2,2,-0.30000000000000004,1,False
89,1,20.0,99,True
3,3,0.4,4,False
31,1,0.4,41,False
89,1,20.0,99,True
11,3,0.4,12,False
10,0,-0.30000000000000004,0,False
11,1,0.4,21,False
13,0,-2.0,13,False
0,3,0.4,1,False
20,3,0.4,21,False
44,0,-1.3,34,False
98,3,20.0,99,True
40,3,-0.6,41,False
0,0,-0.30000000000000004,0,False
31,3,0.4,32,False
30,3,-2.0,30,False
10,3,-2.0,10,False
1,1,0.4,11,False
20,3,0.4,21,False
12,1,0.4,22,False
42,1,0.4,52,False
2,1,0.4,12,False
13,2,-0.30000000000000004,12,False
37,3,0.4,38,False
6,1,-0.6,16,False
1,1,0.4,11,False
10,2,-0.30000000000000004,10,False
1,1,0.4,11,False
2,1,0.4,12,False
30,0,-0.30000000000000004,20,False
25,1,0.4,35,False
89,1,20.0,99,True
11,2,-0.30000000000000004,10,False
0,3,0.4,1,False
21,3,0.4,22,False
0,3,-2.0,0,False
21,0,-0.30000000000000004,11,False
0,3,-2.0,0,False
11,1,-2.0,11,False
10,3,0.4,11,False
42,3,0.4,43,False
13,3,0.4,14,False
1,1,0.4,11,False
98,3,20.0,99,True
0,1,0.4,10,False
31,1,0.4,41,False
0,3,0.4,1,False
1,2,-0.30000000000000004,0,False
0,0,-0.30000000000000004,0,False
21,1,0.4,31,False
24,2,-0.30000000000000004,23,False
65,0,-1.3,55,False
10,2,-0.30000000000000004,10,False
89,1,20.0,99,True
31,1,0.4,41,False
20,2,-0.30000000000000004,20,False
1,3,0.4,2,False
0,1,0.4,10,False
2,3,0.4,3,False
42,3,0.4,43,False
12,0,-0.30000000000000004,2,False
10,0,-0.30000000000000004,0,False
20,0,-0.30000000000000004,10,False
74,2,-0.30000000000000004,73,False
30,3,0.4,31,False
10,0,-0.30000000000000004,0,False
41,1,0.4,51,False
21,3,0.4,22,False
11,0,-0.30000000000000004,1,False
11,3,0.4,12,False
11,3,0.4,12,False
11,0,-0.30000000000000004,1,False
89,1,20.0,99,True
53,2,-2.0,53,False
11,3,-2.0,11,False
0,1,0.4,10,False
10,1,0.4,20,False
1,2,-0.30000000000000004,0,False
89,1,20.0,99,True
42,2,-0.30000000000000004,41,False
1,1,0.4,11,False
0,1,0.4,10,False
12,3,0.4,13,False
89,1,20.0,99,True
11,3,0.4,12,False
42,0,-0.30000000000000004,32,False
0,3,0.4,1,False
4,1,0.4,14,False
51,1,0.4,61,False
0,1,0.4,10,False
12,3,0.4,13,False
21,1,0.4,31,False
98,3,20.0,99,True
21,2,-0.30000000000000004,20,False
23,2,-0.30000000000000004,22,False
42,3,-2.0,42,False
11,3,0.4,12,False
32,0,-1.3,22,False
21,2,-0.30000000000000004,20,False
0,1,0.4,10,False
0,1,0.4,10,False
11,0,-0.30000000000000004,1,False
32,0,-0.30000000000000004,22,False
23,3,0.4,24,False
0,3,0.4,1,False
89,1,20.0,99,True
10,0,-0.30000000000000004,0,False
0,3,0.4,1,False
21,3,-2.0,21,False
42,3,0.4,43,False
13,3,0.4,14,False
0,1,-2.0,0,False
36,2,-1.3,35,False
1,0,-0.30000000000000004,1,False
42,3,-2.0,42,False
32,2,-0.30000000000000004,31,False
12,3,0.4,13,False
23,3,-2.0,23,False
24,1,0.4,34,False
30,0,-0.30000000000000004,20,False
42,3,0.4,43,False
10,1,0.4,20,False
12,1,0.4,22,False
20,3,0.4,21,False
65,3,0.4,66,False
0,3,0.4,1,False
10,1,0.4,20,False
12,0,-0.30000000000000004,2,False
21,3,0.4,22,False
0,1,0.4,10,False
10,3,0.4,11,False
20,1,0.4,30,False
42,3,0.4,43,False
0,2,-0.30000000000000004,0,False
12,2,-0.30000000000000004,11,False
0,3,0.4,1,False
12,0,-0.30000000000000004,2,False
21,3,0.4,22,False
71,2,-0.30000000000000004,70,False
1,3,0.4,2,False
32,2,-0.30000000000000004,31,False
89,1,20.0,99,True
46,1,-3.0,46,False
10,3,-2.0,10,False
62,1,-3.0,62,False
89,1,20.0,99,True
7,3,0.4,8,False
0,3,-2.0,0,False
98,3,20.0,99,True
3,3,0.4,4,False
0,1,0.4,10,False
16,2,-0.30000000000000004,15,False
2,1,-2.0,2,False
0,3,0.4,1,False
21,3,0.4,22,False
14,2,-0.30000000000000004,13,False
0,3,0.4,1,False
20,1,-2.0,20,False
22,0,-0.30000000000000004,12,False
10,1,0.4,20,False
22,2,-0.30000000000000004,21,False
0,1,-2.0,0,False
6,0,-1.3,6,False
14,1,0.4,24,False
0,1,0.4,10,False
31,1,0.4,41,False
11,3,0.4,12,False
0,3,-2.0,0,False
21,2,-0.30000000000000004,20,False
0,2,-0.30000000000000004,0,False
0,3,0.4,1,False
57,1,0.4,67,False
3,3,0.4,4,False
22,2,-2.0,22,False
20,3,0.4,21,False
42,3,0.4,43,False
44,0,-0.30000000000000004,34,False
2,3,0.4,3,False
32,0,-0.30000000000000004,22,False
1,3,0.4,2,False
42,2,-0.30000000000000004,41,False
11,1,-2.0,11,False
2,2,-0.30000000000000004,1,False
30,1,0.4,40,False
10,2,-0.30000000000000004,10,False
3,3,0.4,4,False
14,1,-0.6,24,False
21,0,-1.3,11,False
12,1,0.4,22,False
2,3,0.4,3,False
11,0,-1.3,1,False
3,1,0.4,13,False
98,3,20.0,99,True
0,3,0.4,1,False
0,3,0.4,1,False
12,1,0.4,22,False
0,1,-0.6,10,False
0,3,0.4,1,False
89,1,20.0,99,True
74,3,-0.6,75,False
11,1,0.4,21,False
11,0,-0.30000000000000004,1,False
0,1,0.4,10,False
89,1,20.0,99,True
22,0,-0.30000000000000004,12,False
1,1,0.4,11,False
25,1,-3.0,25,False
11,1,0.4,21,False
2,1,-2.0,2,False
4,3,0.4,5,False
20,2,-1.3,20,False
10,0,-0.30000000000000004,0,False
1,2,-0.30000000000000004,0,False
32,3,-2.0,32,False
10,3,0.4,11,False
42,1,-2.0,42,False
10,1,0.4,20,False
2,2,-0.30000000000000004,1,False
22,1,-2.0,22,False
89,1,20.0,99,True
89,1,20.0,99,True
11,1,0.4,21,False
11,0,-0.30000000000000004,1,False
12,1,0.4,22,False
64,0,-1.3,54,False
98,3,20.0,99,True
11,3,0.4,12,False
20,1,0.4,30,False
3,1,0.4,13,False
30,3,0.4,31,False
20,2,-1.3,20,False
12,3,0.4,13,False
22,2,-0.30000000000000004,21,False
10,2,-0.30000000000000004,10,False
0,3,-2.0,0,False
45,0,-1.3,35,False
20,0,-0.30000000000000004,10,False
0,0,-0.30000000000000004,0,False
0,1,-2.0,0,False
0,0,-0.30000000000000004,0,False
89,1,20.0,99,True
24,1,-3.0,24,False
0,2,-0.30000000000000004,0,False
44,3,0.4,45,False
33,0,-1.3,23,False
31,3,-2.0,31,False
11,0,-0.30000000000000004,1,False
35,3,0.4,36,False
10,1,0.4,20,False
30,0,-0.30000000000000004,20,False
0,1,0.4,10,False
1,0,-0.30000000000000004,1,False
0,2,-0.30000000000000004,0,False
0,3,0.4,1,False
30,0,-1.3,20,False
0,3,-2.0,0,False
1,1,0.4,11,False
10,0,-0.30000000000000004,0,False
89,1,20.0,99,True
50,2,-0.30000000000000004,50,False
89,1,20.0,99,True
0,1,0.4,10,False
10,1,0.4,20,False
30,2,-0.30000000000000004,30,False
98,3,20.0,99,True
4,0,-0.30000000000000004,4,False
0,1,0.4,10,False
10,3,0.4,11,False
24,1,0.4,34,False
21,2,-0.30000000000000004,20,False
21,3,0.4,22,False
15,3,0.4,16,False
20,0,-0.30000000000000004,10,False
10,3,0.4,11,False
0,3,0.4,1,False
0,0,-0.30000000000000004,0,False
11,3,0.4,12,False
2,0,-0.30000000000000004,2,False
0,2,-0.30000000000000004,0,False
14,3,-2.0,14,False
25,3,0.4,26,False
31,0,-0.30000000000000004,21,False
0,0,-0.30000000000000004,0,False
89,1,20.0,99,True
22,1,-2.0,22,False
0,1,0.4,10,False
10,3,0.4,11,False
32,3,-2.0,32,False
21,3,0.4,22,False
1,1,0.4,11,False
2,1,0.4,12,False
11,3,0.4,12,False
43,2,-0.30000000000000004,42,False
89,1,20.0,99,True
14,0,-0.30000000000000004,4,False
10,0,-0.30000000000000004,0,False
1,0,-0.30000000000000004,1,False
20,2,-0.30000000000000004,20,False
98,3,20.0,99,True
12,1,0.4,22,False
1,1,-2.0,1,False
15,3,0.4,16,False
10,3,0.4,11,False
1,0,-0.30000000000000004,1,False
10,1,0.4,20,False
89,1,20.0,99,True
18,3,0.4,19,False
30,3,0.4,31,False
89,1,20.0,99,True
23,1,-2.0,23,False
24,3,0.4,25,False
11,2,-0.30000000000000004,10,False
13,1,0.4,23,False
0,1,0.4,10,False
12,2,-0.30000000000000004,11,False
18,2,-0.30000000000000004,17,False
30,3,0.4,31,False
41,3,0.4,42,False
2,3,0.4,3,False
14,2,-0.30000000000000004,13,False
42,1,0.4,52,False
11,0,-0.30000000000000004,1,False
21,3,0.4,22,False
21,3,-2.0,21,False
20,1,0.4,30,False
11,3,0.4,12,False
10,0,-0.30000000000000004,0,False
51,3,0.4,52,False
32,1,0.4,42,False
1,1,0.4,11,False
1,1,0.4,11,False
3,3,0.4,4,False
11,1,0.4,21,False
10,1,-2.0,10,False
21,3,0.4,22,False
0,0,-0.30000000000000004,0,False
0,0,-0.30000000000000004,0,False
68,2,-0.30000000000000004,67,False
0,3,-2.0,0,False
40,3,-2.0,40,False
50,0,-0.30000000000000004,40,False
98,3,20.0,99,True
24,0,-0.30000000000000004,14,False
10,2,-0.30000000000000004,10,False
40,2,-1.3,40,False
0,2,-0.30000000000000004,0,False
98,3,20.0,99,True
53,0,-0.30000000000000004,43,False
11,0,-2.0,11,False
31,1,-3.0,31,False
2,0,-0.30000000000000004,2,False
13,1,0.4,23,False
22,3,0.4,23,False
12,1,0.4,22,False
30,1,-2.0,30,False
89,1,20.0,99,True
0,1,0.4,10,False
14,2,-0.30000000000000004,13,False
11,1,0.4,21,False
10,0,-0.30000000000000004,0,False
20,2,-0.30000000000000004,20,False
10,3,0.4,11,False
0,1,0.4,10,False
89,1,20.0,99,True
0,3,0.4,1,False
35,2,-0.30000000000000004,34,False
0,1,0.4,10,False
0,3,-2.0,0,False
89,1,20.0,99,True
34,0,-0.30000000000000004,24,False
36,0,-1.3,26,False
0,1,0.4,10,False
20,1,0.4,30,False
0,1,0.4,10,False
12,2,-0.30000000000000004,11,False
0,2,-0.30000000000000004,0,False
0,2,-0.30000000000000004,0,False
4,0,-1.3,4,False
89,1,20.0,99,True
32,3,0.4,33,False
89,1,20.0,99,True
89,1,20.0,99,True
23,3,0.4,24,False
1,3,0.4,2,False
10,2,-0.30000000000000004,10,False
4,2,-0.30000000000000004,3,False
0,1,0.4,10,False
10,3,0.4,11,False
10,1,0.4,20,False
89,1,20.0,99,True
31,3,-0.6,32,False
32,0,-0.30000000000000004,22,False
14,2,-1.3,13,False
11,1,0.4,21,False
21,0,-1.3,11,False
25,3,0.4,26,False
3,2,-0.30000000000000004,2,False
1,1,-2.0,1,False
24,0,-0.30000000000000004,14,False
10,1,0.4,20,False
0,0,-0.30000000000000004,0,False
21,2,-0.30000000000000004,20,False
3,0,-0.30000000000000004,3,False
3,1,0.4,13,False
61,2,-3.0,61,False
0,3,0.4,1,False
13,1,0.4,23,False
10,3,0.4,11,False
1,0,-0.30000000000000004,1,False
30,2,-0.30000000000000004,30,False
25,3,0.4,26,False
0,1,0.4,10,False
42,2,-2.0,42,False
54,3,0.4,55,False
32,3,0.4,33,False
12,1,-2.0,12,False
31,0,-0.30000000000000004,21,False
13,3,0.4,14,False
10,3,-2.0,10,False
0,3,0.4,1,False
98,3,20.0,99,True
41,1,-3.0,41,False
20,2,-0.30000000000000004,20,False
20,3,0.4,21,False
13,1,0.4,23,False
1,2,-0.30000000000000004,0,False
10,1,0.4,20,False
30,3,-2.0,30,False
20,0,-0.30000000000000004,10,False
89,1,20.0,99,True
12,3,0.4,13,False
47,1,-3.0,47,False
0,1,0.4,10,False
23,3,-0.6,24,False
20,1,0.4,30,False
12,2,-0.30000000000000004,11,False
11,1,0.4,21,False
41,1,0.4,51,False
1,3,0.4,2,False
10,3,-2.0,10,False
4,3,0.4,5,False
32,1,0.4,42,False
12,0,-1.3,2,False
89,1,20.0,99,True
98,3,20.0,99,True
11,1,0.4,21,False
21,3,0.4,22,False
0,2,-0.30000000000000004,0,False
89,1,20.0,99,True
41,1,0.4,51,False
1,3,0.4,2,False
10,2,-0.30000000000000004,10,False
14,1,0.4,24,False
10,0,-0.30000000000000004,0,False
11,1,-2.0,11,False
0,3,0.4,1,False
14,3,0.4,15,False
12,1,-3.0,12,False
30,3,-2.0,30,False
14,2,-0.30000000000000004,13,False
94,3,0.4,95,False
0,3,0.4,1,False
0,3,0.4,1,False
2,3,0.4,3,False
0,1,0.4,10,False
30,1,0.4,40,False
23,1,0.4,33,False
11,2,-2.0,11,False
1,3,0.4,2,False
89,1,20.0,99,True
83,1,0.4,93,False
25,0,-0.30000000000000004,15,False
0,1,0.4,10,False
10,3,0.4,11,False
23,0,-0.30000000000000004,13,False
33,1,0.4,43,False
3,0,-0.30000000000000004,3,False
50,3,0.4,51,False
12,1,0.4,22,False
12,2,-0.30000000000000004,11,False
4,3,0.4,5,False
10,0,-0.30000000000000004,0,False
1,0,-0.30000000000000004,1,False
2,1,0.4,12,False
10,2,-0.30000000000000004,10,False
21,1,0.4,31,False
21,1,0.4,31,False
0,1,0.4,10,False
1,1,0.4,11,False
2,1,0.4,12,False
42,1,-2.0,42,False
89,1,20.0,99,True
23,3,-2.0,23,False
0,0,-0.30000000000000004,0,False
89,1,20.0,99,True
0,1,0.4,10,False
10,0,-0.30000000000000004,0,False
40,1,0.4,50,False
0,1,0.4,10,False
2,2,-1.3,1,False
2,0,-1.3,2,False
0,3,0.4,1,False
0,3,0.4,1,False
10,1,0.4,20,False
13,2,-0.30000000000000004,12,False
98,3,20.0,99,True
61,2,-0.30000000000000004,60,False
0,3,0.4,1,False
40,1,0.4,50,False
0,1,0.4,10,False
0,0,-0.30000000000000004,0,False
20,1,0.4,30,False
12,3,0.4,13,False
0,1,0.4,10,False
12,3,-3.0,12,False
36,3,0.4,37,False
31,3,-2.0,31,False
89,1,20.0,99,True
20,0,-0.30000000000000004,10,False
22,3,0.4,23,False
22,3,0.4,23,False
54,3,0.4,55,False
89,1,20.0,99,True
32,3,0.4,33,False
1,3,0.4,2,False
10,2,-0.30000000000000004,10,False
33,1,0.4,43,False
10,3,0.4,11,False
10,1,0.4,20,False
42,3,0.4,43,False
0,1,0.4,10,False
0,2,-0.30000000000000004,0,False
31,2,-0.30000000000000004,30,False
20,3,-2.0,20,False
45,1,0.4,55,False
11,1,0.4,21,False
98,3,20.0,99,True
1,1,-2.0,1,False
22,1,-3.0,22,False
89,1,20.0,99,True
22,2,-1.3,21,False
22,3,-2.0,22,False
3,1,0.4,13,False
1,3,0.4,2,False
0,3,0.4,1,False
11,0,-0.30000000000000004,1,False
12,1,0.4,22,False
1,3,0.4,2,False
89,1,20.0,99,True
42,2,-0.30000000000000004,41,False
5,3,0.4,6,False
1,3,0.4,2,False
20,1,0.4,30,False
12,3,-0.6,13,False
11,3,-2.0,11,False
12,1,0.4,22,False
20,1,0.4,30,False
11,1,0.4,21,False
0,0,-0.30000000000000004,0,False
1,1,0.4,11,False
89,1,20.0,99,True
20,1,0.4,30,False
11,0,-0.30000000000000004,1,False
89,1,20.0,99,True
41,3,0.4,42,False
40,3,0.4,41,False
0,3,0.4,1,False
98,3,20.0,99,True
10,0,-0.30000000000000004,0,False
20,1,-2.0,20,False
89,1,20.0,99,True
13,3,-2.0,13,False
41,3,0.4,42,False
10,2,-0.30000000000000004,10,False
12,2,-0.30000000000000004,11,False
1,1,-2.0,1,False
0,3,-2.0,0,False
0,1,0.4,10,False
0,3,0.4,1,False
0,2,-0.30000000000000004,0,False
89,1,20.0,99,True
23,1,0.4,33,False
54,1,0.4,64,False
89,1,20.0,99,True
10,3,0.4,11,False
2,0,-0.30000000000000004,2,False
34,1,0.4,44,False
0,0,-0.30000000000000004,0,False
0,0,-0.30000000000000004,0,False
89,1,20.0,99,True
10,2,-0.30000000000000004,10,False
11,3,0.4,12,False
0,0,-0.30000000000000004,0,False
0,1,0.4,10,False
89,1,20.0,99,True
0,2,-0.30000000000000004,0,False
98,3,20.0,99,True
0,3,0.4,1,False
0,1,-2.0,0,False
33,1,0.4,43,False
89,1,20.0,99,True
10,2,-0.30000000000000004,10,False
33,3,0.4,34,False
26,3,0.4,27,False
98,3,20.0,99,True
22,0,-0.30000000000000004,12,False
79,1,0.4,89,False
5,3,0.4,6,False
10,3,-2.0,10,False
89,1,20.0,99,True
10,0,-0.30000000000000004,0,False
30,1,0.4,40,False
42,2,-1.3,41,False
20,3,0.4,21,False
21,3,0.4,22,False
0,1,-2.0,0,False
31,3,-2.0,31,False
32,1,0.4,42,False
10,0,-0.30000000000000004,0,False
0,2,-0.30000000000000004,0,False
2,2,-0.30000000000000004,1,False
20,3,0.4,21,False
11,1,0.4,21,False
45,3,0.4,46,False
89,1,20.0,99,True
10,1,0.4,20,False
25,1,0.4,35,False
4,3,0.4,5,False
89,1,20.0,99,True
11,0,-0.30000000000000004,1,False
2,3,0.4,3,False
15,1,0.4,25,False
14,0,-0.30000000000000004,4,False
10,1,-2.0,10,False
12,3,0.4,13,False
89,1,20.0,99,True
89,1,20.0,99,True
0,2,-0.30000000000000004,0,False
13,1,0.4,23,False
24,1,0.4,34,False
24,3,0.4,25,False
0,1,0.4,10,False
98,3,20.0,99,True
21,1,0.4,31,False
23,1,-2.0,23,False
1,1,0.4,11,False
3,1,-0.6,13,False
1,0,-0.30000000000000004,1,False
20,3,0.4,21,False
1,1,0.4,11,False
25,2,-1.3,24,False
89,1,20.0,99,True
14,0,-0.30000000000000004,4,False
3,1,0.4,13,False
0,1,0.4,10,False
1,3,0.4,2,False
42,3,0.4,43,False
2,3,0.4,3,False
12,1,0.4,22,False
0,1,0.4,10,False
2,1,0.4,12,False
12,0,-0.30000000000000004,2,False
0,0,-0.30000000000000004,0,False
10,1,-2.0,10,False
6,1,0.4,16,False
98,3,20.0,99,True
98,3,20.0,99,True
40,0,-0.30000000000000004,30,False
12,3,0.4,13,False
12,1,-2.0,12,False
31,3,0.4,32,False
1,3,0.4,2,False
98,3,20.0,99,True
1,2,-0.30000000000000004,0,False
21,1,0.4,31,False
1,2,-0.30000000000000004,0,False
34,0,-0.30000000000000004,24,False
89,1,20.0,99,True
0,2,-0.30000000000000004,0,False
0,3,0.4,1,False
32,3,0.4,33,False
70,0,-1.3,60,False
12,1,-2.0,12,False
43,3,-2.0,43,False
32,1,-0.6,42,False
41,3,0.4,42,False
0,1,0.4,10,False
98,3,20.0,99,True
15,3,0.4,16,False
2,1,0.4,12,False
11,3,0.4,12,False
92,2,-0.30000000000000004,91,False
4,0,-0.30000000000000004,4,False
3,1,0.4,13,False
89,1,20.0,99,True
13,1,0.4,23,False
61,1,0.4,71,False
0,1,0.4,10,False
1,1,0.4,11,False
44,3,0.4,45,False
12,3,0.4,13,False
98,3,20.0,99,True
16,2,-0.30000000000000004,15,False
21,1,0.4,31,False
41,3,0.4,42,False
31,2,-0.30000000000000004,30,False
11,3,0.4,12,False
13,0,-0.30000000000000004,3,False
51,3,0.4,52,False
10,1,0.4,20,False
42,1,0.4,52,False
2,3,0.4,3,False
40,3,0.4,41,False
10,3,0.4,11,False
1,2,-0.30000000000000004,0,False
0,1,0.4,10,False
42,0,-1.3,32,False
0,3,0.4,1,False
18,1,0.4,28,False
43,2,-0.30000000000000004,42,False
20,3,-2.0,20,False
10,3,0.4,11,False
12,3,0.4,13,False
12,3,0.4,13,False
98,3,20.0,99,True
0,3,0.4,1,False
33,2,-0.30000000000000004,32,False
0,1,-0.6,10,False
0,3,0.4,1,False
0,1,0.4,10,False
32,3,0.4,33,False
11,3,0.4,12,False
10,0,-0.30000000000000004,0,False
32,3,0.4,33,False
11,1,0.4,21,False
98,3,20.0,99,True
89,1,20.0,99,True
25,1,-2.0,25,False
89,1,20.0,99,True
3,3,0.4,4,False
42,0,-0.30000000000000004,32,False
21,2,-0.30000000000000004,20,False
12,1,-2.0,12,False
98,3,20.0,99,True
66,1,-3.0,66,False
12,3,0.4,13,False
11,3,0.4,12,False
20,1,0.4,30,False
11,3,0.4,12,False
0,3,-2.0,0,False
89,1,20.0,99,True
24,2,-0.30000000000000004,23,False
10,3,0.4,11,False
10,3,0.4,11,False
1,0,-0.30000000000000004,1,False
22,2,-0.30000000000000004,21,False
10,3,0.4,11,False
10,3,0.4,11,False
0,2,-0.30000000000000004,0,False
20,3,-2.0,20,False
89,1,20.0,99,True
1,1,0.4,11,False
12,1,0.4,22,False
98,3,20.0,99,True
12,2,-0.30000000000000004,11,False
14,0,-0.30000000000000004,4,False
20,2,-0.30000000000000004,20,False
89,1,20.0,99,True
23,2,-1.3,22,False
0,1,-2.0,0,False
0,3,-2.0,0,False
22,0,-3.0,22,False
32,3,-0.6,33,False
0,3,0.4,1,False
0,2,-0.30000000000000004,0,False
22,1,0.4,32,False
1,0,-0.30000000000000004,1,False
0,0,-0.30000000000000004,0,False
34,2,-0.30000000000000004,33,False
12,1,-2.0,12,False
1,1,0.4,11,False
33,1,0.4,43,False
0,1,0.4,10,False
89,1,20.0,99,True
1,1,-0.6,11,False
23,3,0.4,24,False
10,3,0.4,11,False
3,3,0.4,4,False
12,3,0.4,13,False
11,2,-0.30000000000000004,10,False
89,1,20.0,99,True
21,3,0.4,22,False
1,0,-0.30000000000000004,1,False
21,0,-0.30000000000000004,11,False
72,1,0.4,82,False
98,3,20.0,99,True
0,3,0.4,1,False
20,3,0.4,21,False
21,0,-0.30000000000000004,11,False
0,3,-3.0,0,False
10,3,0.4,11,False
0,1,0.4,10,False
70,2,-1.3,70,False
42,3,0.4,43,False
31,3,0.4,32,False
0,3,0.4,1,False
98,3,20.0,99,True
0,0,-0.30000000000000004,0,False
0,3,0.4,1,False
21,3,0.4,22,False
42,1,0.4,52,False
20,0,-0.30000000000000004,10,False
12,0,-0.30000000000000004,2,False
22,1,0.4,32,False
11,2,-0.30000000000000004,10,False
24,2,-0.30000000000000004,23,False
20,2,-0.30000000000000004,20,False
0,3,-2.0,0,False
30,2,-0.30000000000000004,30,False
35,0,-0.30000000000000004,25,False
40,1,-3.0,40,False
89,1,20.0,99,True
1,1,0.4,11,False
89,1,20.0,99,True
89,1,20.0,99,True
0,3,0.4,1,False
15,0,-2.0,15,False
2,3,0.4,3,False
33,1,0.4,43,False
0,3,0.4,1,False
1,1,-2.0,1,False
1,1,0.4,11,False
0,1,0.4,10,False
34,2,-0.30000000000000004,33,False
51,0,-2.0,51,False
2,3,0.4,3,False
1,1,0.4,11,False
0,3,0.4,1,False
0,1,0.4,10,False
13,3,0.4,14,False
21,0,-0.30000000000000004,11,False
2,2,-0.30000000000000004,1,False
1,1,0.4,11,False
0,3,0.4,1,False
11,2,-0.30000000000000004,10,False
32,3,0.4,33,False
72,3,0.4,73,False
89,1,20.0,99,True
1,0,-0.30000000000000004,1,False
31,0,-0.30000000000000004,21,False
2,2,-0.30000000000000004,1,False
1,2,-0.30000000000000004,0,False
13,3,0.4,14,False
22,3,0.4,23,False
22,3,0.4,23,False
0,3,0.4,1,False
26,2,-3.0,26,False
89,1,20.0,99,True
10,3,0.4,11,False
20,3,0.4,21,False
22,1,-3.0,22,False
2,3,-2.0,2,False
10,3,0.4,11,False
32,1,0.4,42,False
2,2,-1.3,1,False
1,3,0.4,2,False
3,3,0.4,4,False
89,1,20.0,99,True
24,1,0.4,34,False
15,1,0.4,25,False
1,3,-3.0,1,False
0,3,0.4,1,False
33,0,-0.30000000000000004,23,False
11,1,0.4,21,False
12,2,-0.30000000000000004,11,False
3,3,-2.0,3,False
0,2,-0.30000000000000004,0,False
52,3,0.4,53,False
5,2,-0.30000000000000004,4,False
2,1,-2.0,2,False
11,0,-0.30000000000000004,1,False
14,2,-0.30000000000000004,13,False
10,0,-0.30000000000000004,0,False
89,1,20.0,99,True
4,3,0.4,5,False
12,3,-2.0,12,False
23,0,-1.3,13,False
71,0,-1.3,61,False
0,1,0.4,10,False
10,1,0.4,20,False
12,3,0.4,13,False
3,1,-2.0,3,False
0,3,0.4,1,False
23,1,-2.0,23,False
46,2,-1.3,45,False
0,3,0.4,1,False
4,3,0.4,5,False
98,3,20.0,99,True
55,3,0.4,56,False
89,1,20.0,99,True
0,3,-2.0,0,False
21,2,-0.30000000000000004,20,False
0,1,-2.0,0,False
1,2,-1.3,0,False
10,3,0.4,11,False
76,1,-3.0,76,False
11,1,0.4,21,False
42,2,-1.3,41,False
22,1,0.4,32,False
0,0,-0.30000000000000004,0,False
22,2,-0.30000000000000004,21,False
1,3,0.4,2,False
0,1,0.4,10,False
61,0,-1.3,51,False
3,1,0.4,13,False
12,1,-2.0,12,False
55,1,0.4,65,False
10,2,-0.30000000000000004,10,False
33,2,-0.30000000000000004,32,False
1,1,0.4,11,False
0,3,0.4,1,False
10,3,0.4,11,False
20,3,0.4,21,False
50,1,0.4,60,False
21,2,-1.3,20,False
32,3,0.4,33,False
21,0,-0.30000000000000004,11,False
1,1,0.4,11,False
11,2,-1.3,10,False
22,3,0.4,23,False
11,2,-1.3,10,False
32,1,0.4,42,False
0,3,0.4,1,False
0,1,-2.0,0,False
32,3,0.4,33,False
4,1,-2.0,4,False
14,1,0.4,24,False
10,2,-0.30000000000000004,10,False
10,2,-0.30000000000000004,10,False
0,3,-2.0,0,False
10,0,-0.30000000000000004,0,False
21,0,-0.30000000000000004,11,False
63,1,0.4,73,False
5,2,-1.3,4,False
1,3,0.4,2,False
13,3,0.4,14,False
3,1,0.4,13,False
43,3,0.4,44,False
0,1,0.4,10,False
20,2,-0.30000000000000004,20,False
1,1,0.4,11,False
24,2,-0.30000000000000004,23,False
0,3,0.4,1,False
0,1,0.4,10,False
11,0,-2.0,11,False
20,0,-0.30000000000000004,10,False
13,0,-0.30000000000000004,3,False
34,2,-0.30000000000000004,33,False
0,1,0.4,10,False
23,1,0.4,33,False
20,0,-0.30000000000000004,10,False
98,3,20.0,99,True
20,2,-0.30000000000000004,20,False
0,3,0.4,1,False
1,1,-0.6,11,False
31,0,-1.3,21,False
98,3,20.0,99,True
30,0,-1.3,20,False
17,3,0.4,18,False
32,0,-1.3,22,False
1,3,0.4,2,False
34,3,0.4,35,False
30,1,-2.0,30,False
12,1,0.4,22,False
13,3,0.4,14,False
1,0,-0.30000000000000004,1,False
11,1,-2.0,11,False
4,1,-0.6,14,False
98,3,20.0,99,True
23,1,0.4,33,False
21,3,0.4,22,False
40,1,0.4,50,False
11,3,0.4,12,False
20,1,-2.0,20,False
10,3,0.4,11,False
51,1,0.4,61,False
0,3,-2.0,0,False
32,3,0.4,33,False
98,3,20.0,99,True
10,3,0.4,11,False
89,1,20.0,99,True
1,3,0.4,2,False
0,1,-2.0,0,False
12,3,0.4,13,False
12,3,0.4,13,False
89,1,20.0,99,True
89,1,20.0,99,True
11,3,0.4,12,False
21,1,-0.6,31,False
30,3,-0.6,31,False
22,0,-0.30000000000000004,12,False
1,3,0.4,2,False
12,3,0.4,13,False
12,3,-2.0,12,False
70,3,-0.6,71,False
10,2,-0.30000000000000004,10,False
43,2,-0.30000000000000004,42,False
42,1,0.4,52,False
1,2,-0.30000000000000004,0,False
12,3,0.4,13,False
10,3,0.4,11,False
0,3,0.4,1,False
10,1,0.4,20,False
22,1,-2.0,22,False
4,1,0.4,14,False
10,2,-0.30000000000000004,10,False
0,1,0.4,10,False
31,0,-0.30000000000000004,21,False
12,3,0.4,13,False
11,0,-0.30000000000000004,1,False
21,3,0.4,22,False
23,0,-0.30000000000000004,13,False
1,3,-2.0,1,False
1,2,-0.30000000000000004,0,False
14,3,0.4,15,False
23,3,0.4,24,False
11,1,0.4,21,False
11,2,-0.30000000000000004,10,False
20,3,0.4,21,False
0,3,0.4,1,False
10,0,-0.30000000000000004,0,False
71,1,0.4,81,False
11,3,0.4,12,False
10,1,0.4,20,False
12,1,0.4,22,False
10,1,0.4,20,False
21,2,-2.0,21,False
23,3,0.4,24,False
11,0,-0.30000000000000004,1,False
1,0,-0.30000000000000004,1,False
3,3,-2.0,3,False
12,3,0.4,13,False
40,1,0.4,50,False
32,3,0.4,33,False
1,2,-0.30000000000000004,0,False
20,1,0.4,30,False
0,3,0.4,1,False
11,3,0.4,12,False
2,0,-0.30000000000000004,2,False
98,3,20.0,99,True
21,3,0.4,22,False
10,3,0.4,11,False
0,1,0.4,10,False
21,2,-2.0,21,False
98,3,20.0,99,True
4,2,-0.30000000000000004,3,False
24,0,-0.30000000000000004,14,False
23,3,0.4,24,False
10,3,0.4,11,False
30,2,-1.3,30,False
1,0,-1.3,1,False
15,1,-3.0,15,False
0,3,-2.0,0,False
2,1,0.4,12,False
33,2,-1.3,32,False
46,3,0.4,47,False
13,3,0.4,14,False
0,3,0.4,1,False
1,1,0.4,11,False
2,3,0.4,3,False
0,3,0.4,1,False
33,3,0.4,34,False
36,3,0.4,37,False
20,1,0.4,30,False
12,3,0.4,13,False
54,3,0.4,55,False
10,3,0.4,11,False
11,3,0.4,12,False
11,0,-0.30000000000000004,1,False
0,1,0.4,10,False
0,3,0.4,1,False
21,3,0.4,22,False
22,3,0.4,23,False
20,1,0.4,30,False
65,1,-0.6,75,False
13,1,-0.6,23,False
1,3,0.4,2,False
64,1,0.4,74,False
10,0,-0.30000000000000004,0,False
0,0,-0.30000000000000004,0,False
1,2,-0.30000000000000004,0,False
10,1,0.4,20,False
10,1,0.4,20,False
10,3,0.4,11,False
23,1,0.4,33,False
21,1,0.4,31,False
2,1,0.4,12,False
30,2,-0.30000000000000004,30,False
31,3,0.4,32,False
24,1,-0.6,34,False
10,3,0.4,11,False
1,1,0.4,11,False
13,3,0.4,14,False
0,1,-2.0,0,False
20,2,-0.30000000000000004,20,False
98,3,20.0,99,True
20,3,-2.0,20,False
98,3,20.0,99,True
0,3,0.4,1,False
41,3,-3.0,41,False
98,3,20.0,99,True
0,1,0.4,10,False
4,3,0.4,5,False
1,1,0.4,11,False
1,1,0.4,11,False
53,1,0.4,63,False
31,1,0.4,41,False
0,0,-0.30000000000000004,0,False
0,0,-0.30000000000000004,0,False
20,1,0.4,30,False
89,1,20.0,99,True
10,3,0.4,11,False
2,1,0.4,12,False
32,0,-0.30000000000000004,22,False
14,1,-3.0,14,False
61,1,0.4,71,False
32,3,-2.0,32,False
1,3,0.4,2,False
1,1,-2.0,1,False
2,3,0.4,3,False
0,1,0.4,10,False
10,3,0.4,11,False
13,3,0.4,14,False
11,3,0.4,12,False
11,1,0.4,21,False
1,3,0.4,2,False
0,2,-1.3,0,False
0,0,-0.30000000000000004,0,False
22,1,0.4,32,False
1,2,-0.30000000000000004,0,False
0,3,0.4,1,False
1,1,0.4,11,False
15,1,0.4,25,False
20,2,-0.30000000000000004,20,False
30,1,-2.0,30,False
0,1,0.4,10,False
0,0,-0.30000000000000004,0,False
0,3,0.4,1,False
89,1,20.0,99,True
40,1,0.4,50,False
1,1,0.4,11,False
0,0,-0.30000000000000004,0,False
84,1,-3.0,84,False
22,1,0.4,32,False
11,3,0.4,12,False
34,1,0.4,44,False
10,0,-0.30000000000000004,0,False
12,3,0.4,13,False
42,3,0.4,43,False
1,3,0.4,2,False
0,3,0.4,1,False
0,0,-0.30000000000000004,0,False
37,3,0.4,38,False
0,3,0.4,1,False
20,3,0.4,21,False
14,2,-0.30000000000000004,13,False
12,1,0.4,22,False
23,1,0.4,33,False
23,1,0.4,33,False
0,1,0.4,10,False
12,2,-2.0,12,False
47,3,0.4,48,False
3,3,0.4,4,False
2,3,-2.0,2,False
20,1,0.4,30,False
0,3,0.4,1,False
43,1,0.4,53,False
0,3,0.4,1,False
30,3,-2.0,30,False
0,2,-0.30000000000000004,0,False
14,1,0.4,24,False
0,0,-0.30000000000000004,0,False
22,1,0.4,32,False
23,1,0.4,33,False
1,1,0.4,11,False
23,1,0.4,33,False
52,3,0.4,53,False
43,2,-0.30000000000000004,42,False
10,3,0.4,11,False
34,1,0.4,44,False
11,3,0.4,12,False
0,0,-0.30000000000000004,0,False
23,1,0.4,33,False
89,1,20.0,99,True
23,3,0.4,24,False
21,1,0.4,31,False
51,1,0.4,61,False
31,1,0.4,41,False
10,1,0.4,20,False
1,3,0.4,2,False
1,3,0.4,2,False
12,3,-2.0,12,False
1,3,0.4,2,False
1,3,0.4,2,False
89,1,20.0,99,True
42,3,0.4,43,False
20,1,0.4,30,False
0,1,-2.0,0,False
0,3,0.4,1,False
43,1,0.4,53,False
10,3,-2.0,10,False
1,3,0.4,2,False
34,2,-0.30000000000000004,33,False
11,2,-0.30000000000000004,10,False
0,1,0.4,10,False
0,3,0.4,1,False
21,1,0.4,31,False
41,1,0.4,51,False
0,1,0.4,10,False
45,3,0.4,46,False
31,1,0.4,41,False
98,3,20.0,99,True
42,3,0.4,43,False
1,0,-0.30000000000000004,1,False
10,1,-2.0,10,False
89,1,20.0,99,True
43,2,-1.3,42,False
98,3,20.0,99,True
23,3,0.4,24,False
89,1,20.0,99,True
0,3,0.4,1,False
89,1,20.0,99,True
3,3,0.4,4,False
12,3,0.4,13,False
1,2,-0.30000000000000004,0,False
28,0,-0.30000000000000004,18,False
10,3,0.4,11,False
1,1,0.4,11,False
20,2,-0.30000000000000004,20,False
43,1,-3.0,43,False
98,3,20.0,99,True
98,3,20.0,99,True
12,3,0.4,13,False
1,1,0.4,11,False
11,0,-0.30000000000000004,1,False
21,3,0.4,22,False
0,3,0.4,1,False
71,0,-1.3,61,False
12,3,0.4,13,False
3,3,0.4,4,False
89,1,20.0,99,True
98,3,20.0,99,True
64,1,0.4,74,False
2,1,-2.0,2,False
10,1,0.4,20,False
50,3,0.4,51,False
10,1,0.4,20,False
14,3,-2.0,14,False
11,3,0.4,12,False
0,1,0.4,10,False
93,2,-1.3,92,False
2,1,0.4,12,False
34,0,-0.30000000000000004,24,False
22,2,-0.30000000000000004,21,False
0,3,0.4,1,False
30,1,0.4,40,False
11,2,-0.30000000000000004,10,False
30,1,0.4,40,False
51,3,0.4,52,False
11,3,0.4,12,False
0,2,-0.30000000000000004,0,False
0,1,0.4,10,False
14,3,0.4,15,False
10,1,0.4,20,False
11,1,0.4,21,False
52,2,-1.3,51,False
1,2,-0.30000000000000004,0,False
12,1,-2.0,12,False
22,1,0.4,32,False
2,1,0.4,12,False
1,3,0.4,2,False
12,0,-0.30000000000000004,2,False
0,3,0.4,1,False
1,0,-0.30000000000000004,1,False
89,1,20.0,99,True
23,3,0.4,24,False
1,1,0.4,11,False
22,1,-3.0,22,False
22,1,-2.0,22,False
69,1,0.4,79,False
1,1,0.4,11,False
73,1,0.4,83,False
44,0,-0.30000000000000004,34,False
0,3,-2.0,0,False
10,0,-0.30000000000000004,0,False
12,1,0.4,22,False
30,2,-0.30000000000000004,30,False
89,1,20.0,99,True
0,3,0.4,1,False
89,1,20.0,99,True
1,0,-0.30000000000000004,1,False
22,1,0.4,32,False
20,0,-0.30000000000000004,10,False
13,0,-0.30000000000000004,3,False
41,1,0.4,51,False
98,3,20.0,99,True
23,2,-2.0,23,False
10,3,-2.0,10,False
1,3,0.4,2,False
2,2,-0.30000000000000004,1,False
2,1,0.4,12,False
30,1,0.4,40,False
12,0,-0.30000000000000004,2,False
11,0,-0.30000000000000004,1,False
0,1,0.4,10,False
24,1,0.4,34,False
0,3,-2.0,0,False
24,3,0.4,25,False
2,3,0.4,3,False
14,3,0.4,15,False
20,3,0.4,21,False
0,3,-2.0,0,False
40,3,0.4,41,False
0,0,-0.30000000000000004,0,False
12,1,0.4,22,False
10,1,0.4,20,False
10,3,-2.0,10,False
20,1,0.4,30,False
11,3,0.4,12,False
11,1,0.4,21,False
3,2,-0.30000000000000004,2,False
1,3,-2.0,1,False
0,3,-0.6,1,False
2,1,0.4,12,False
12,2,-0.30000000000000004,11,False
34,2,-0.30000000000000004,33,False
43,2,-0.30000000000000004,42,False
12,0,-0.30000000000000004,2,False
32,2,-0.30000000000000004,31,False
32,1,0.4,42,False
14,2,-1.3,13,False
30,3,0.4,31,False
11,0,-0.30000000000000004,1,False
21,0,-0.30000000000000004,11,False
1,1,0.4,11,False
12,3,0.4,13,False
21,3,0.4,22,False
12,0,-0.30000000000000004,2,False
2,2,-2.0,2,False
23,1,0.4,33,False
89,1,20.0,99,True
10,3,0.4,11,False
12,0,-0.30000000000000004,2,False
20,0,-0.30000000000000004,10,False
98,3,20.0,99,True
21,0,-0.30000000000000004,11,False
73,0,-1.3,63,False
20,2,-0.30000000000000004,20,False
12,0,-0.30000000000000004,2,False
0,1,-2.0,0,False
24,3,0.4,25,False
89,1,20.0,99,True
21,0,-0.30000000000000004,11,False
0,3,-2.0,0,False
13,1,0.4,23,False
0,3,0.4,1,False
32,3,0.4,33,False
10,1,0.4,20,False
25,2,-1.3,24,False
0,0,-0.30000000000000004,0,False
23,2,-0.30000000000000004,22,False
53,1,0.4,63,False
1,1,0.4,11,False
31,2,-0.30000000000000004,30,False
41,1,0.4,51,False
52,3,0.4,53,False
12,0,-0.30000000000000004,2,False
3,3,0.4,4,False
0,3,0.4,1,False
3,1,0.4,13,False
41,2,-0.30000000000000004,40,False
10,0,-0.30000000000000004,0,False
89,1,20.0,99,True
82,1,0.4,92,False
21,3,0.4,22,False
30,0,-0.30000000000000004,20,False
1,1,-2.0,1,False
20,1,0.4,30,False
12,3,0.4,13,False
0,3,0.4,1,False
0,1,0.4,10,False
2,0,-0.30000000000000004,2,False
12,1,0.4,22,False
24,2,-0.30000000000000004,23,False
12,1,0.4,22,False
53,2,-1.3,52,False
10,0,-0.30000000000000004,0,False
73,1,0.4,83,False
1,3,0.4,2,False
55,1,0.4,65,False
33,1,0.4,43,False
22,3,0.4,23,False
0,1,0.4,10,False
89,1,20.0,99,True
11,0,-0.30000000000000004,1,False
20,1,0.4,30,False
44,1,0.4,54,False
10,1,0.4,20,False
0,3,-2.0,0,False
22,1,-2.0,22,False
3,3,0.4,4,False
52,1,0.4,62,False
34,2,-0.30000000000000004,33,False
30,1,0.4,40,False
65,1,0.4,75,False
0,1,0.4,10,False
51,3,0.4,52,False
11,2,-0.30000000000000004,10,False
10,1,0.4,20,False
14,0,-0.30000000000000004,4,False
11,3,0.4,12,False
15,1,0.4,25,False
21,0,-0.30000000000000004,11,False
22,0,-2.0,22,False
51,3,0.4,52,False
15,0,-0.30000000000000004,5,False
35,3,0.4,36,False
0,0,-0.30000000000000004,0,False
0,1,0.4,10,False
32,2,-0.30000000000000004,31,False
40,3,0.4,41,False
3,0,-1.3,3,False
14,3,0.4,15,False
22,3,-2.0,22,False
20,1,0.4,30,False
12,3,0.4,13,False
44,3,0.4,45,False
10,1,0.4,20,False
0,0,-0.30000000000000004,0,False
0,1,0.4,10,False
89,1,20.0,99,True
0,1,0.4,10,False
10,1,0.4,20,False
39,1,0.4,49,False
52,3,0.4,53,False
98,3,20.0,99,True
43,1,0.4,53,False
89,1,20.0,99,True
10,1,-2.0,10,False
22,3,0.4,23,False
22,3,0.4,23,False
43,3,0.4,44,False
11,2,-0.30000000000000004,10,False
89,1,20.0,99,True
21,3,0.4,22,False
89,1,20.0,99,True
1,3,0.4,2,False
0,0,-0.30000000000000004,0,False
10,1,0.4,20,False
20,1,0.4,30,False
10,2,-0.30000000000000004,10,False
47,1,0.4,57,False
40,3,0.4,41,False
23,3,0.4,24,False
89,1,20.0,99,True
1,0,-0.30000000000000004,1,False
89,1,20.0,99,True
10,2,-0.30000000000000004,10,False
43,1,0.4,53,False
12,3,0.4,13,False
21,1,0.4,31,False
43,3,-3.0,43,False
11,3,0.4,12,False
10,1,0.4,20,False
0,3,0.4,1,False
13,1,-2.0,13,False
89,1,20.0,99,True
10,2,-0.30000000000000004,10,False
60,1,0.4,70,False
1,1,0.4,11,False
20,1,-2.0,20,False
98,3,20.0,99,True
12,1,0.4,22,False
11,1,0.4,21,False
20,1,0.4,30,False
14,3,0.4,15,False
10,1,0.4,20,False
0,3,-2.0,0,False
98,3,20.0,99,True
20,1,-2.0,20,False
11,1,-2.0,11,False
4,0,-1.3,4,False
48,2,-0.30000000000000004,47,False
11,1,0.4,21,False
10,3,0.4,11,False
11,0,-0.30000000000000004,1,False
89,1,20.0,99,True
21,1,0.4,31,False
2,1,-2.0,2,False
13,1,-0.6,23,False
22,3,-2.0,22,False
0,3,0.4,1,False
35,0,-0.30000000000000004,25,False
63,3,0.4,64,False
0,1,-2.0,0,False
89,1,20.0,99,True
2,1,-2.0,2,False
30,3,0.4,31,False
20,1,0.4,30,False
1,3,0.4,2,False
31,0,-0.30000000000000004,21,False
11,3,0.4,12,False
0,1,0.4,10,False
10,1,0.4,20,False
1,0,-0.30000000000000004,1,False
0,3,-2.0,0,False
20,1,0.4,30,False
21,1,0.4,31,False
1,3,0.4,2,False
0,3,0.4,1,False
0,3,0.4,1,False
44,3,0.4,45,False
22,0,-0.30000000000000004,12,False
15,3,-3.0,15,False
1,1,-2.0,1,False
22,3,0.4,23,False
0,3,-2.0,0,False
11,0,-0.30000000000000004,1,False
89,1,20.0,99,True
20,2,-0.30000000000000004,20,False
2,3,0.4,3,False
0,1,0.4,10,False
12,3,-2.0,12,False
10,3,0.4,11,False
52,2,-0.30000000000000004,51,False
1,0,-0.30000000000000004,1,False
1,1,-2.0,1,False
52,0,-0.30000000000000004,42,False
0,1,-2.0,0,False
21,3,0.4,22,False
22,0,-0.30000000000000004,12,False
14,1,0.4,24,False
1,0,-0.30000000000000004,1,False
2,0,-0.30000000000000004,2,False
42,3,0.4,43,False
98,3,20.0,99,True
1,3,0.4,2,False
23,3,0.4,24,False
98,3,20.0,99,True
1,1,-2.0,1,False
11,3,0.4,12,False
24,1,-3.0,24,False
20,0,-1.3,10,False
32,1,0.4,42,False
30,3,0.4,31,False
4,3,0.4,5,False
41,3,0.4,42,False
89,1,20.0,99,True
50,3,0.4,51,False
21,1,-2.0,21,False
24,1,0.4,34,False
12,1,0.4,22,False
98,3,20.0,99,True
1,1,0.4,11,False
21,1,-2.0,21,False
12,1,-3.0,12,False
1,3,0.4,2,False
3,0,-0.30000000000000004,3,False
21,2,-0.30000000000000004,20,False
40,0,-1.3,30,False
0,0,-0.30000000000000004,0,False
16,3,0.4,17,False
2,1,0.4,12,False
12,3,0.4,13,False
24,0,-1.3,14,False
11,1,-2.0,11,False
4,2,-0.30000000000000004,3,False
32,1,0.4,42,False
89,1,20.0,99,True
1,1,0.4,11,False
0,1,0.4,10,False
41,3,0.4,42,False
30,1,0.4,40,False
2,1,0.4,12,False
43,1,0.4,53,False
13,3,0.4,14,False
21,0,-0.30000000000000004,11,False
56,1,-3.0,56,False
0,1,0.4,10,False
0,1,0.4,10,False
0,1,0.4,10,False
1,3,0.4,2,False
0,1,0.4,10,False
98,3,20.0,99,True
1,0,-0.30000000000000004,1,False
1,1,0.4,11,False
10,3,0.4,11,False
13,3,0.4,14,False
41,0,-0.30000000000000004,31,False
89,1,20.0,99,True
98,3,20.0,99,True
2,1,0.4,12,False
10,3,0.4,11,False
14,3,0.4,15,False
0,3,0.4,1,False
17,1,-3.0,17,False
10,1,0.4,20,False
22,3,0.4,23,False
47,3,-3.0,47,False
20,1,0.4,30,False
4,1,0.4,14,False
0,1,0.4,10,False
0,1,0.4,10,False
0,3,0.4,1,False
31,0,-0.30000000000000004,21,False
13,1,0.4,23,False
27,0,-1.3,17,False
21,1,0.4,31,False
12,3,-2.0,12,False
14,1,0.4,24,False
12,3,0.4,13,False
25,3,-3.0,25,False
0,2,-0.30000000000000004,0,False
30,2,-0.30000000000000004,30,False
0,3,0.4,1,False
24,1,0.4,34,False
0,3,-2.0,0,False
22,3,0.4,23,False
23,3,0.4,24,False
11,2,-0.30000000000000004,10,False
0,3,0.4,1,False
0,1,0.4,10,False
21,1,0.4,31,False
21,3,0.4,22,False
98,3,20.0,99,True
10,0,-0.30000000000000004,0,False
10,1,0.4,20,False
20,2,-0.30000000000000004,20,False
0,0,-0.30000000000000004,0,False
4,3,0.4,5,False
34,0,-0.30000000000000004,24,False
41,3,-2.0,41,False
76,3,0.4,77,False
0,2,-0.30000000000000004,0,False
0,0,-0.30000000000000004,0,False
1,3,-2.0,1,False
73,1,0.4,83,False
10,0,-0.30000000000000004,0,False
2,1,0.4,12,False
1,1,0.4,11,False
23,3,-0.6,24,False
10,2,-0.30000000000000004,10,False
0,2,-0.30000000000000004,0,False
30,3,0.4,31,False
10,1,0.4,20,False
1,3,0.4,2,False
10,1,0.4,20,False
20,3,0.4,21,False
52,2,-0.30000000000000004,51,False
0,1,0.4,10,False
14,3,0.4,15,False
1,1,0.4,11,False
1,3,-0.6,2,False
0,0,-0.30000000000000004,0,False
43,3,0.4,44,False
43,1,-2.0,43,False
0,1,0.4,10,False
0,3,0.4,1,False
3,3,-3.0,3,False
1,2,-0.30000000000000004,0,False
24,3,0.4,25,False
30,0,-1.3,20,False
5,2,-0.30000000000000004,4,False
0,3,0.4,1,False
98,3,20.0,99,True
0,3,0.4,1,False
10,3,-2.0,10,False
12,3,0.4,13,False
3,0,-1.3,3,False
89,1,20.0,99,True
89,1,20.0,99,True
14,1,0.4,24,False
12,3,0.4,13,False
1,3,0.4,2,False
89,1,20.0,99,True
10,2,-0.30000000000000004,10,False
0,3,0.4,1,False
10,2,-0.30000000000000004,10,False
10,3,0.4,11,False
0,1,0.4,10,False
12,1,0.4,22,False
10,3,0.4,11,False
25,1,0.4,35,False
22,1,0.4,32,False
13,1,0.4,23,False
23,0,-0.30000000000000004,13,False
0,0,-0.30000000000000004,0,False
3,1,0.4,13,False
31,1,0.4,41,False
14,3,0.4,15,False
89,1,20.0,99,True
89,1,20.0,99,True
1,3,0.4,2,False
33,3,0.4,34,False
10,3,0.4,11,False
89,1,20.0,99,True
14,1,0.4,24,False
21,1,0.4,31,False
2,3,0.4,3,False
11,1,0.4,21,False
23,2,-2.0,23,False
33,2,-0.30000000000000004,32,False
0,1,0.4,10,False
21,1,0.4,31,False
11,3,0.4,12,False
30,3,0.4,31,False
1,2,-0.30000000000000004,0,False
1,1,-2.0,1,False
10,2,-0.30000000000000004,10,False
0,0,-0.30000000000000004,0,False
10,3,0.4,11,False
32,3,0.4,33,False
0,3,0.4,1,False
12,3,0.4,13,False
98,3,20.0,99,True
14,1,0.4,24,False
25,3,0.4,26,False
3,1,0.4,13,False
3,0,-1.3,3,False
31,2,-0.30000000000000004,30,False
10,0,-0.30000000000000004,0,False
10,3,0.4,11,False
0,3,-2.0,0,False
0,1,0.4,10,False
20,0,-0.30000000000000004,10,False
32,0,-0.30000000000000004,22,False
21,3,0.4,22,False
89,1,20.0,99,True
11,3,0.4,12,False
1,1,-2.0,1,False
2,3,0.4,3,False
50,3,0.4,51,False
0,3,0.4,1,False
98,3,20.0,99,True
66,0,-0.30000000000000004,56,False
28,2,-1.3,27,False
2,1,0.4,12,False
70,3,-0.6,71,False
42,3,0.4,43,False
10,3,0.4,11,False
34,2,-1.3,33,False
13,0,-0.30000000000000004,3,False
31,3,-2.0,31,False
13,1,-2.0,13,False
57,3,0.4,58,False
10,1,0.4,20,False
3,1,0.4,13,False
10,1,0.4,20,False
21,3,0.4,22,False
0,0,-0.30000000000000004,0,False
0,3,0.4,1,False
3,3,0.4,4,False
31,1,0.4,41,False
40,1,0.4,50,False
14,1,0.4,24,False
10,1,0.4,20,False
0,1,-2.0,0,False
53,1,0.4,63,False
43,2,-0.30000000000000004,42,False
13,0,-0.30000000000000004,3,False
54,1,-3.0,54,False
22,0,-0.30000000000000004,12,False
12,0,-1.3,2,False
89,1,20.0,99,True
0,0,-0.30000000000000004,0,False
64,3,-3.0,64,False
10,1,0.4,20,False
0,1,0.4,10,False
11,2,-0.30000000000000004,10,False
1,1,0.4,11,False
34,0,-0.30000000000000004,24,False
12,3,0.4,13,False
98,3,20.0,99,True
40,0,-0.30000000000000004,30,False
0,1,-2.0,0,False
33,1,0.4,43,False
33,1,0.4,43,False
1,3,0.4,2,False
1,1,-2.0,1,False
0,3,0.4,1,False
41,3,0.4,42,False
22,1,0.4,32,False
89,1,20.0,99,True
40,1,0.4,50,False
0,2,-0.30000000000000004,0,False
43,3,-3.0,43,False
0,1,0.4,10,False
89,1,20.0,99,True
89,1,20.0,99,True
22,2,-0.30000000000000004,21,False
0,0,-0.30000000000000004,0,False
0,3,0.4,1,False
16,2,-0.30000000000000004,15,False
18,3,0.4,19,False
11,1,0.4,21,False
5,2,-0.30000000000000004,4,False
13,1,-2.0,13,False
14,3,-2.0,14,False
22,2,-0.30000000000000004,21,False
22,0,-0.30000000000000004,12,False
1,3,0.4,2,False
3,3,0.4,4,False
10,3,-3.0,10,False
0,3,0.4,1,False
0,2,-0.30000000000000004,0,False
0,2,-0.30000000000000004,0,False
53,3,0.4,54,False
1,3,0.4,2,False
10,3,0.4,11,False
98,3,20.0,99,True
44,1,0.4,54,False
22,1,0.4,32,False
30,3,0.4,31,False
20,2,-0.30000000000000004,20,False
20,1,0.4,30,False
64,3,0.4,65,False
0,2,-0.30000000000000004,0,False
5,1,0.4,15,False
23,1,0.4,33,False
32,0,-1.3,22,False
31,2,-0.30000000000000004,30,False
89,1,20.0,99,True
10,1,0.4,20,False
11,3,0.4,12,False
0,3,0.4,1,False
50,1,0.4,60,False
12,0,-0.30000000000000004,2,False
24,1,0.4,34,False
0,2,-0.30000000000000004,0,False
98,3,20.0,99,True
20,1,0.4,30,False
2,0,-0.30000000000000004,2,False
0,3,0.4,1,False
10,3,0.4,11,False
12,0,-0.30000000000000004,2,False
22,2,-1.3,21,False
98,3,20.0,99,True
2,1,0.4,12,False
12,1,0.4,22,False
10,3,0.4,11,False
11,3,0.4,12,False
21,3,0.4,22,False
11,1,0.4,21,False
12,1,0.4,22,False
10,3,-2.0,10,False
0,3,0.4,1,False
14,3,0.4,15,False
10,0,-0.30000000000000004,0,False
31,3,-0.6,32,False
43,1,0.4,53,False
0,3,0.4,1,False
49,0,-1.3,39,False
2,3,0.4,3,False
20,0,-1.3,10,False
21,1,0.4,31,False
0,3,-3.0,0,False
1,0,-0.30000000000000004,1,False
21,2,-0.30000000000000004,20,False
11,3,0.4,12,False
30,1,0.4,40,False
11,3,-2.0,11,False
98,3,20.0,99,True
24,3,0.4,25,False
89,1,20.0,99,True
0,3,0.4,1,False
89,1,20.0,99,True
55,1,0.4,65,False
13,0,-0.30000000000000004,3,False
10,0,-0.30000000000000004,0,False
2,1,0.4,12,False
0,1,0.4,10,False
0,2,-0.30000000000000004,0,False
10,1,0.4,20,False
1,1,0.4,11,False
0,1,0.4,10,False
34,0,-0.30000000000000004,24,False
11,0,-0.30000000000000004,1,False
89,1,20.0,99,True
1,3,-2.0,1,False
0,2,-0.30000000000000004,0,False
24,3,0.4,25,False
1,2,-0.30000000000000004,0,False
51,0,-1.3,41,False
89,1,20.0,99,True
23,3,0.4,24,False
0,3,0.4,1,False
45,3,0.4,46,False
54,1,0.4,64,False
42,3,-0.6,43,False
10,3,-2.0,10,False
20,0,-1.3,10,False
22,0,-0.30000000000000004,12,False
3,3,0.4,4,False
2,2,-0.30000000000000004,1,False
1,3,0.4,2,False
89,1,20.0,99,True
1,3,0.4,2,False
0,2,-0.30000000000000004,0,False
11,1,0.4,21,False
89,1,20.0,99,True
2,0,-0.30000000000000004,2,False
22,3,0.4,23,False
0,2,-0.30000000000000004,0,False
10,1,0.4,20,False
0,0,-0.30000000000000004,0,False
0,1,0.4,10,False
30,2,-0.30000000000000004,30,False
0,3,-2.0,0,False
11,1,0.4,21,False
33,3,0.4,34,False
98,3,20.0,99,True
0,1,0.4,10,False
10,2,-0.30000000000000004,10,False
21,0,-0.30000000000000004,11,False
2,0,-0.30000000000000004,2,False
21,2,-0.30000000000000004,20,False
10,1,0.4,20,False
22,3,0.4,23,False
12,1,-0.6,22,False
5,1,0.4,15,False
0,3,0.4,1,False
16,1,-2.0,16,False
0,0,-0.30000000000000004,0,False
1,1,0.4,11,False
50,3,0.4,51,False
12,3,-2.0,12,False
11,1,0.4,21,False
32,2,-1.3,31,False
42,3,-2.0,42,False
45,1,0.4,55,False
89,1,20.0,99,True
2,0,-0.30000000000000004,2,False
1,3,0.4,2,False
0,1,0.4,10,False
1,3,0.4,2,False
40,1,0.4,50,False
74,2,-0.30000000000000004,73,False
2,1,-2.0,2,False
0,1,0.4,10,False
2,1,0.4,12,False
89,1,20.0,99,True
23,3,0.4,24,False
1,3,0.4,2,False
1,0,-0.30000000000000004,1,False
89,1,20.0,99,True
1,3,0.4,2,False
11,2,-0.30000000000000004,10,False
12,2,-0.30000000000000004,11,False
1,0,-0.30000000000000004,1,False
89,1,20.0,99,True
89,1,20.0,99,True
23,3,-3.0,23,False
1,1,0.4,11,False
10,3,0.4,11,False
2,1,-2.0,2,False
10,0,-0.30000000000000004,0,False
89,1,20.0,99,True
0,3,-2.0,0,False
98,3,20.0,99,True
15,3,-3.0,15,False
0,1,0.4,10,False
2,1,-2.0,2,False
2,1,0.4,12,False
29,1,0.4,39,False
11,3,0.4,12,False
12,1,0.4,22,False
89,1,20.0,99,True
2,3,0.4,3,False
0,1,0.4,10,False
11,1,0.4,21,False
2,2,-0.30000000000000004,1,False
0,3,0.4,1,False
23,0,-0.30000000000000004,13,False
89,1,20.0,99,True
23,1,0.4,33,False
1,1,0.4,11,False
1,1,0.4,11,False
11,2,-0.30000000000000004,10,False
20,1,0.4,30,False
1,3,0.4,2,False
22,3,0.4,23,False
89,1,20.0,99,True
53,1,0.4,63,False
20,1,0.4,30,False
13,2,-2.0,13,False
1,2,-0.30000000000000004,0,False
98,3,20.0,99,True
98,3,20.0,99,True
10,3,0.4,11,False
20,0,-1.3,10,False
12,3,-0.6,13,False
11,3,0.4,12,False
25,2,-1.3,24,False
20,3,0.4,21,False
34,2,-0.30000000000000004,33,False
89,1,20.0,99,True
12,3,0.4,13,False
21,1,0.4,31,False
23,3,0.4,24,False
0,1,0.4,10,False
32,0,-0.30000000000000004,22,False
12,1,0.4,22,False
14,1,0.4,24,False
10,2,-0.30000000000000004,10,False
22,3,0.4,23,False
12,3,0.4,13,False
1,3,0.4,2,False
56,1,-3.0,56,False
27,3,0.4,28,False
30,3,0.4,31,False
33,2,-0.30000000000000004,32,False
11,1,0.4,21,False
14,0,-0.30000000000000004,4,False
0,1,0.4,10,False
14,3,-2.0,14,False
1,2,-0.30000000000000004,0,False
0,3,0.4,1,False
0,3,-2.0,0,False
23,1,0.4,33,False
0,1,0.4,10,False
89,1,20.0,99,True
20,2,-0.30000000000000004,20,False
10,2,-0.30000000000000004,10,False
41,1,-2.0,41,False
61,1,-3.0,61,False
21,3,0.4,22,False
11,0,-2.0,11,False
23,3,0.4,24,False
10,2,-0.30000000000000004,10,False
89,1,20.0,99,True
0,1,0.4,10,False
0,3,0.4,1,False
0,1,0.4,10,False
1,1,0.4,11,False
1,0,-0.30000000000000004,1,False
54,1,0.4,64,False
0,1,0.4,10,False
31,1,0.4,41,False
2,1,0.4,12,False
98,3,20.0,99,True
3,3,0.4,4,False
4,0,-0.30000000000000004,4,False
98,3,20.0,99,True
30,3,-0.6,31,False
1,3,0.4,2,False
26,1,0.4,36,False
0,3,0.4,1,False
89,1,20.0,99,True
1,1,0.4,11,False
16,1,0.4,26,False
21,3,0.4,22,False
11,3,0.4,12,False
10,3,0.4,11,False
21,2,-0.30000000000000004,20,False
98,3,20.0,99,True
11,1,0.4,21,False
0,1,0.4,10,False
0,1,-2.0,0,False
89,1,20.0,99,True
56,1,-3.0,56,False
30,3,0.4,31,False
51,0,-0.30000000000000004,41,False
10,3,0.4,11,False
0,1,0.4,10,False
12,3,0.4,13,False
32,3,0.4,33,False
2,3,0.4,3,False
0,1,0.4,10,False
43,3,0.4,44,False
11,1,0.4,21,False
1,3,-2.0,1,False
41,1,0.4,51,False
89,1,20.0,99,True
10,3,-0.6,11,False
14,1,0.4,24,False
20,1,0.4,30,False
11,3,0.4,12,False
4,2,-1.3,3,False
22,1,0.4,32,False
12,0,-2.0,12,False
98,3,20.0,99,True
12,3,0.4,13,False
44,3,0.4,45,False
0,3,0.4,1,False
11,1,0.4,21,False
21,1,-2.0,21,False
32,0,-0.30000000000000004,22,False
1,2,-0.30000000000000004,0,False
10,2,-0.30000000000000004,10,False
0,2,-0.30000000000000004,0,False
22,1,0.4,32,False
1,0,-0.30000000000000004,1,False
0,2,-0.30000000000000004,0,False
11,1,0.4,21,False
22,1,0.4,32,False
23,3,0.4,24,False
20,1,0.4,30,False
0,1,0.4,10,False
1,1,0.4,11,False
25,3,0.4,26,False
14,1,0.4,24,False
58,3,0.4,59,False
1,0,-0.30000000000000004,1,False
43,0,-0.30000000000000004,33,False
30,2,-0.30000000000000004,30,False
12,2,-0.30000000000000004,11,False
13,2,-0.30000000000000004,12,False
10,2,-0.30000000000000004,10,False
0,3,0.4,1,False
13,1,0.4,23,False
43,3,0.4,44,False
32,1,0.4,42,False
12,3,-3.0,12,False
52,1,0.4,62,False
0,3,0.4,1,False
0,2,-0.30000000000000004,0,False
24,3,0.4,25,False
3,1,0.4,13,False
36,2,-1.3,35,False
11,1,0.4,21,False
0,1,0.4,10,False
2,2,-0.30000000000000004,1,False
10,2,-0.30000000000000004,10,False
10,1,0.4,20,False
98,3,20.0,99,True
1,3,0.4,2,False
1,0,-0.30000000000000004,1,False
0,0,-0.30000000000000004,0,False
10,0,-0.30000000000000004,0,False
89,1,20.0,99,True
10,3,-2.0,10,False
59,1,0.4,69,False
12,3,0.4,13,False
0,3,-2.0,0,False
45,2,-1.3,44,False
98,3,20.0,99,True
0,1,0.4,10,False
12,1,0.4,22,False
25,0,-0.30000000000000004,15,False
0,2,-0.30000000000000004,0,False
11,2,-0.30000000000000004,10,False
1,3,0.4,2,False
20,1,0.4,30,False
13,0,-0.30000000000000004,3,False
10,3,0.4,11,False
0,1,0.4,10,False
0,1,0.4,10,False
34,3,0.4,35,False
0,3,0.4,1,False
1,1,0.4,11,False
14,3,0.4,15,False
3,1,0.4,13,False
20,0,-0.30000000000000004,10,False
0,1,-2.0,0,False
0,2,-0.30000000000000004,0,False
23,3,0.4,24,False
33,0,-0.30000000000000004,23,False
2,1,-2.0,2,False
45,1,0.4,55,False
1,3,0.4,2,False
0,0,-0.30000000000000004,0,False
5,0,-1.3,5,False
34,3,0.4,35,False
3,1,0.4,13,False
44,3,0.4,45,False
11,3,0.4,12,False
0,1,-2.0,0,False
13,3,0.4,14,False
10,1,-2.0,10,False
1,0,-0.30000000000000004,1,False
21,3,0.4,22,False
1,1,0.4,11,False
13,3,-2.0,13,False
92,1,-1.3,92,False
22,1,0.4,32,False
32,1,-3.0,32,False
0,3,0.4,1,False
42,1,0.4,52,False
10,1,0.4,20,False
11,0,-0.30000000000000004,1,False
13,3,0.4,14,False
11,2,-1.3,10,False
40,3,0.4,41,False
10,1,0.4,20,False
11,3,0.4,12,False
12,1,0.4,22,False
0,1,0.4,10,False
33,1,0.4,43,False
1,0,-0.30000000000000004,1,False
34,1,0.4,44,False
0,0,-0.30000000000000004,0,False
13,3,0.4,14,False
61,3,0.4,62,False
0,1,-2.0,0,False
0,1,0.4,10,False
23,3,0.4,24,False
0,3,0.4,1,False
12,1,-2.0,12,False
12,2,-0.30000000000000004,11,False
1,1,0.4,11,False
1,1,0.4,11,False
23,3,0.4,24,False
24,3,-0.6,25,False
35,3,-3.0,35,False
31,3,0.4,32,False
24,1,-0.6,34,False
10,0,-0.30000000000000004,0,False
10,1,0.4,20,False
33,1,0.4,43,False
0,2,-0.30000000000000004,0,False
32,0,-0.30000000000000004,22,False
12,3,0.4,13,False
20,1,-2.0,20,False
0,0,-0.30000000000000004,0,False
1,1,-2.0,1,False
10,3,0.4,11,False
23,3,0.4,24,False
15,3,-0.6,16,False
1,3,0.4,2,False
12,3,0.4,13,False
89,1,20.0,99,True
11,3,0.4,12,False
34,3,0.4,35,False
12,3,-2.0,12,False
10,1,0.4,20,False
0,1,0.4,10,False
21,3,0.4,22,False
42,1,0.4,52,False
20,3,-0.6,21,False
89,1,20.0,99,True
21,1,0.4,31,False
89,1,20.0,99,True
22,2,-0.30000000000000004,21,False
11,2,-0.30000000000000004,10,False
2,1,0.4,12,False
21,3,0.4,22,False
1,1,-2.0,1,False
0,2,-0.30000000000000004,0,False
0,2,-0.30000000000000004,0,False
89,1,20.0,99,True
52,0,-2.0,52,False
60,3,-0.6,61,False
2,0,-0.30000000000000004,2,False
0,3,0.4,1,False
43,1,0.4,53,False
20,0,-0.30000000000000004,10,False
42,1,0.4,52,False
89,1,20.0,99,True
32,1,0.4,42,False
89,1,20.0,99,True
15,1,0.4,25,False
12,3,0.4,13,False
0,0,-0.30000000000000004,0,False
89,1,20.0,99,True
24,3,0.4,25,False
89,1,20.0,99,True
38,3,0.4,39,False
10,1,0.4,20,False
31,1,0.4,41,False
0,3,0.4,1,False
98,3,20.0,99,True
20,3,0.4,21,False
13,1,-0.6,23,False
12,1,-2.0,12,False
0,1,0.4,10,False
1,1,0.4,11,False
0,3,0.4,1,False
12,3,0.4,13,False
12,1,-2.0,12,False
21,1,0.4,31,False
34,3,0.4,35,False
53,1,0.4,63,False
11,3,0.4,12,False
30,3,0.4,31,False
20,1,0.4,30,False
22,3,0.4,23,False
10,1,-2.0,10,False
2,1,-2.0,2,False
15,2,-1.3,14,False
31,1,0.4,41,False
1,3,0.4,2,False
20,1,-2.0,20,False
1,3,0.4,2,False
22,3,0.4,23,False
98,3,20.0,99,True
1,1,0.4,11,False
33,1,0.4,43,False
43,1,0.4,53,False
43,3,0.4,44,False
50,3,0.4,51,False
0,2,-0.30000000000000004,0,False
81,3,-0.6,82,False
53,2,-1.3,52,False
13,2,-0.30000000000000004,12,False
0,3,0.4,1,False
20,1,0.4,30,False
31,3,0.4,32,False
92,3,-0.6,93,False
11,1,0.4,21,False
79,1,0.4,89,False
10,1,0.4,20,False
1,0,-0.30000000000000004,1,False
31,3,0.4,32,False
0,0,-0.30000000000000004,0,False
4,1,0.4,14,False
1,3,0.4,2,False
89,1,20.0,99,True
13,0,-0.30000000000000004,3,False
44,3,-2.0,44,False
41,1,0.4,51,False
21,1,0.4,31,False
31,0,-0.30000000000000004,21,False
33,1,0.4,43,False
30,1,0.4,40,False
11,3,0.4,12,False
23,3,0.4,24,False
34,2,-0.30000000000000004,33,False
0,3,0.4,1,False
11,1,0.4,21,False
20,1,0.4,30,False
22,1,0.4,32,False
20,1,0.4,30,False
43,1,-3.0,43,False
21,1,0.4,31,False
1,3,0.4,2,False
20,1,0.4,30,False
89,1,20.0,99,True
10,1,0.4,20,False
22,3,-2.0,22,False
13,0,-1.3,3,False
11,2,-2.0,11,False
14,1,0.4,24,False
1,0,-0.30000000000000004,1,False
2,1,0.4,12,False
10,3,-2.0,10,False
20,3,0.4,21,False
2,1,-2.0,2,False
0,3,0.4,1,False
1,2,-0.30000000000000004,0,False
0,1,0.4,10,False
89,1,20.0,99,True
13,1,-0.6,23,False
0,2,-0.30000000000000004,0,False
0,2,-0.30000000000000004,0,False
33,3,0.4,34,False
0,3,0.4,1,False
1,3,0.4,2,False
12,1,-2.0,12,False
1,0,-0.30000000000000004,1,False
20,2,-0.30000000000000004,20,False
11,3,-2.0,11,False
22,3,0.4,23,False
89,1,20.0,99,True
1,3,0.4,2,False
0,0,-0.30000000000000004,0,False
2,0,-0.30000000000000004,2,False
89,1,20.0,99,True
2,1,0.4,12,False
21,1,0.4,31,False
1,1,0.4,11,False
10,0,-0.30000000000000004,0,False
98,3,20.0,99,True
2,3,0.4,3,False
22,1,0.4,32,False
21,3,-2.0,21,False
2,0,-0.30000000000000004,2,False
0,0,-0.30000000000000004,0,False
32,3,0.4,33,False
33,0,-1.3,23,False
12,3,0.4,13,False
63,1,0.4,73,False
31,3,0.4,32,False
0,3,0.4,1,False
11,0,-0.30000000000000004,1,False
2,3,0.4,3,False
13,3,0.4,14,False
3,1,0.4,13,False
32,0,-0.30000000000000004,22,False
32,2,-0.30000000000000004,31,False
32,3,-2.0,32,False
98,3,20.0,99,True
0,0,-0.30000000000000004,0,False
0,2,-0.30000000000000004,0,False
43,1,0.4,53,False
50,1,0.4,60,False
0,0,-0.30000000000000004,0,False
0,3,0.4,1,False
13,1,0.4,23,False
10,1,0.4,20,False
0,2,-0.30000000000000004,0,False
35,3,0.4,36,False
2,3,-2.0,2,False
27,1,0.4,37,False
0,0,-0.30000000000000004,0,False
10,3,0.4,11,False
10,1,0.4,20,False
11,3,0.4,12,False
14,1,0.4,24,False
52,1,0.4,62,False
0,0,-0.30000000000000004,0,False
89,1,20.0,99,True
0,3,0.4,1,False
1,3,0.4,2,False
23,3,0.4,24,False
2,1,-2.0,2,False
0,1,-0.6,10,False
89,1,20.0,99,True
0,3,-2.0,0,False
89,1,20.0,99,True
50,3,0.4,51,False
2,1,-0.6,12,False
89,1,20.0,99,True
49,2,-0.30000000000000004,48,False
2,2,-0.30000000000000004,1,False
11,3,0.4,12,False
2,0,-0.30000000000000004,2,False
89,1,20.0,99,True
10,0,-0.30000000000000004,0,False
0,3,0.4,1,False
0,0,-0.30000000000000004,0,False
11,0,-0.30000000000000004,1,False
11,3,-2.0,11,False
0,3,0.4,1,False
0,3,0.4,1,False
10,1,0.4,20,False
31,3,-0.6,32,False
98,3,20.0,99,True
41,3,0.4,42,False
50,0,-0.30000000000000004,40,False
89,1,20.0,99,True
33,3,-3.0,33,False
1,3,0.4,2,False
0,3,0.4,1,False
1,1,0.4,11,False
13,2,-1.3,12,False
0,3,0.4,1,False
0,3,0.4,1,False
10,1,0.4,20,False
20,0,-0.30000000000000004,10,False
10,3,0.4,11,False
23,1,0.4,33,False
12,1,0.4,22,False
2,3,-3.0,2,False
12,0,-0.30000000000000004,2,False
31,1,0.4,41,False
30,3,0.4,31,False
98,3,20.0,99,True
11,1,-2.0,11,False
21,3,0.4,22,False
0,1,-2.0,0,False
31,0,-0.30000000000000004,21,False
11,2,-0.30000000000000004,10,False
42,1,-3.0,42,False
1,1,0.4,11,False
11,2,-0.30000000000000004,10,False
13,3,0.4,14,False
15,3,0.4,16,False
0,3,0.4,1,False
10,3,0.4,11,False
11,1,-2.0,11,False
20,3,-0.6,21,False
74,1,0.4,84,False
0,2,-0.30000000000000004,0,False
10,1,0.4,20,False
41,1,0.4,51,False
44,3,0.4,45,False
56,3,-3.0,56,False
22,3,-2.0,22,False
20,2,-0.30000000000000004,20,False
0,1,0.4,10,False
11,3,0.4,12,False
2,2,-0.30000000000000004,1,False
10,1,0.4,20,False
1,2,-0.30000000000000004,0,False
11,2,-0.30000000000000004,10,False
89,1,20.0,99,True
0,3,0.4,1,False
10,3,0.4,11,False
98,3,20.0,99,True
1,1,-2.0,1,False
13,1,-2.0,13,False
32,3,0.4,33,False
23,1,-2.0,23,False
10,1,0.4,20,False
10,0,-0.30000000000000004,0,False
10,1,0.4,20,False
41,2,-0.30000000000000004,40,False
0,2,-0.30000000000000004,0,False
11,3,-0.6,12,False
24,0,-1.3,14,False
3,3,0.4,4,False
33,3,0.4,34,False
24,0,-0.30000000000000004,14,False
0,1,-2.0,0,False
34,0,-0.30000000000000004,24,False
0,2,-0.30000000000000004,0,False
98,3,20.0,99,True
11,2,-0.30000000000000004,10,False
89,1,20.0,99,True
20,0,-0.30000000000000004,10,False
12,3,0.4,13,False
43,3,0.4,44,False
0,2,-0.30000000000000004,0,False
0,3,-2.0,0,False
1,1,0.4,11,False
22,3,0.4,23,False
98,3,20.0,99,True
20,2,-0.30000000000000004,20,False
22,3,0.4,23,False
4,3,0.4,5,False
30,2,-0.30000000000000004,30,False
21,1,0.4,31,False
10,3,0.4,11,False
22,2,-0.30000000000000004,21,False
1,1,0.4,11,False
0,0,-0.30000000000000004,0,False
14,3,0.4,15,False
2,0,-0.30000000000000004,2,False
0,1,-2.0,0,False
98,3,20.0,99,True
13,1,0.4,23,False
13,2,-0.30000000000000004,12,False
3,3,-2.0,3,False
0,2,-0.30000000000000004,0,False
24,0,-0.30000000000000004,14,False
31,1,0.4,41,False
33,1,0.4,43,False
0,1,0.4,10,False
13,1,-0.6,23,False
32,3,0.4,33,False
33,3,-2.0,33,False
1,2,-0.30000000000000004,0,False
1,1,0.4,11,False
10,3,0.4,11,False
22,3,0.4,23,False
11,3,0.4,12,False
21,3,-3.0,21,False
21,1,0.4,31,False
11,1,0.4,21,False
22,1,0.4,32,False
30,3,-0.6,31,False
89,1,20.0,99,True
98,3,20.0,99,True
0,1,0.4,10,False
11,1,0.4,21,False
34,3,0.4,35,False
0,1,-2.0,0,False
11,1,-2.0,11,False
20,3,0.4,21,False
14,2,-1.3,13,False
1,3,-3.0,1,False
11,3,-2.0,11,False
5,3,0.4,6,False
89,1,20.0,99,True
2,1,0.4,12,False
1,2,-0.30000000000000004,0,False
2,3,0.4,3,False
0,0,-0.30000000000000004,0,False
42,1,0.4,52,False
0,3,0.4,1,False
11,0,-0.30000000000000004,1,False
21,3,-3.0,21,False
3,3,-2.0,3,False
2,0,-0.30000000000000004,2,False
11,3,0.4,12,False
32,2,-0.30000000000000004,31,False
31,1,-2.0,31,False
12,1,-2.0,12,False
11,3,0.4,12,False
11,0,-0.30000000000000004,1,False
41,1,-3.0,41,False
89,1,20.0,99,True
15,2,-0.30000000000000004,14,False
1,0,-0.30000000000000004,1,False
1,0,-0.30000000000000004,1,False
89,1,20.0,99,True
11,3,-2.0,11,False
10,2,-0.30000000000000004,10,False
89,1,20.0,99,True
23,1,-2.0,23,False
11,3,0.4,12,False
35,1,0.4,45,False
15,2,-0.30000000000000004,14,False
11,3,0.4,12,False
41,3,0.4,42,False
23,1,0.4,33,False
11,3,-2.0,11,False
41,1,-2.0,41,False
10,0,-0.30000000000000004,0,False
43,1,0.4,53,False
1,2,-0.30000000000000004,0,False
0,3,0.4,1,False
10,1,-2.0,10,False
10,2,-0.30000000000000004,10,False
0,3,0.4,1,False
3,3,0.4,4,False
3,1,0.4,13,False
12,3,0.4,13,False
10,1,0.4,20,False
13,3,0.4,14,False
0,3,0.4,1,False
30,3,-0.6,31,False
10,3,0.4,11,False
20,1,0.4,30,False
32,0,-0.30000000000000004,22,False
0,3,0.4,1,False
24,1,0.4,34,False
1,0,-0.30000000000000004,1,False
10,3,0.4,11,False
21,3,0.4,22,False
0,1,0.4,10,False
21,1,0.4,31,False
98,3,20.0,99,True
1,3,-2.0,1,False
0,3,0.4,1,False
89,1,20.0,99,True
98,3,20.0,99,True
1,3,0.4,2,False
24,1,-2.0,24,False
22,0,-0.30000000000000004,12,False
11,3,0.4,12,False
20,2,-0.30000000000000004,20,False
10,1,0.4,20,False
21,1,0.4,31,False
22,0,-0.30000000000000004,12,False
89,1,20.0,99,True
21,1,0.4,31,False
10,1,0.4,20,False
1,3,0.4,2,False
22,0,-0.30000000000000004,12,False
51,0,-1.3,41,False
21,1,0.4,31,False
0,0,-0.30000000000000004,0,False
23,2,-1.3,22,False
0,0,-0.30000000000000004,0,False
22,0,-1.3,12,False
2,3,0.4,3,False
22,3,0.4,23,False
51,1,0.4,61,False
22,3,0.4,23,False
2,3,0.4,3,False
1,3,0.4,2,False
11,2,-0.30000000000000004,10,False
1,3,0.4,2,False
30,3,0.4,31,False
10,3,0.4,11,False
30,3,0.4,31,False
2,2,-0.30000000000000004,1,False
63,1,-3.0,63,False
3,2,-0.30000000000000004,2,False
43,2,-1.3,42,False
1,1,0.4,11,False
75,2,-0.30000000000000004,74,False
11,3,-3.0,11,False
12,1,0.4,22,False
12,3,0.4,13,False
10,3,0.4,11,False
32,3,0.4,33,False
1,3,0.4,2,False
3,3,-2.0,3,False
12,3,0.4,13,False
0,1,0.4,10,False
0,1,0.4,10,False
35,2,-1.3,34,False
42,1,0.4,52,False
33,3,0.4,34,False
1,3,0.4,2,False
11,3,0.4,12,False
12,3,0.4,13,False
3,1,0.4,13,False
20,1,0.4,30,False
89,1,20.0,99,True
10,1,-2.0,10,False
0,1,0.4,10,False
2,0,-0.30000000000000004,2,False
32,2,-0.30000000000000004,31,False
11,3,0.4,12,False
32,1,0.4,42,False
3,0,-1.3,3,False
41,3,0.4,42,False
11,3,0.4,12,False
0,3,0.4,1,False
31,1,-2.0,31,False
10,3,-2.0,10,False
10,2,-0.30000000000000004,10,False
11,3,0.4,12,False
47,1,0.4,57,False
11,2,-0.30000000000000004,10,False
12,1,0.4,22,False
0,0,-0.30000000000000004,0,False
1,1,0.4,11,False
33,1,0.4,43,False
10,3,0.4,11,False
20,0,-0.30000000000000004,10,False
20,3,0.4,21,False
20,1,0.4,30,False
2,3,-2.0,2,False
22,3,0.4,23,False
0,3,0.4,1,False
89,1,20.0,99,True
12,1,0.4,22,False
40,1,0.4,50,False
31,2,-0.30000000000000004,30,False
89,1,20.0,99,True
10,3,0.4,11,False
11,1,-2.0,11,False
33,3,0.4,34,False
0,1,0.4,10,False
10,0,-0.30000000000000004,0,False
0,1,0.4,10,False
32,0,-1.3,22,False
25,0,-0.30000000000000004,15,False
21,3,0.4,22,False
10,3,0.4,11,False
0,2,-0.30000000000000004,0,False
10,3,0.4,11,False
62,2,-0.30000000000000004,61,False
21,1,0.4,31,False
89,1,20.0,99,True
43,3,0.4,44,False
42,1,0.4,52,False
58,1,0.4,68,False
89,1,20.0,99,True
21,1,0.4,31,False
22,3,0.4,23,False
2,3,0.4,3,False
29,1,0.4,39,False
20,1,-2.0,20,False
1,1,0.4,11,False
41,0,-1.3,31,False
11,3,0.4,12,False
12,0,-0.30000000000000004,2,False
0,2,-0.30000000000000004,0,False
3,1,0.4,13,False
20,1,0.4,30,False
1,3,0.4,2,False
89,1,20.0,99,True
51,1,0.4,61,False
71,2,-0.30000000000000004,70,False
4,3,0.4,5,False
20,3,-2.0,20,False
0,1,0.4,10,False
22,1,0.4,32,False
36,0,-1.3,26,False
1,1,0.4,11,False
62,2,-0.30000000000000004,61,False
1,0,-0.30000000000000004,1,False
21,3,0.4,22,False
89,1,20.0,99,True
14,3,0.4,15,False
0,1,0.4,10,False
0,1,0.4,10,False
89,1,20.0,99,True
0,1,0.4,10,False
2,1,0.4,12,False
0,1,0.4,10,False
0,2,-1.3,0,False
14,3,0.4,15,False
12,2,-0.30000000000000004,11,False
10,2,-0.30000000000000004,10,False
13,1,0.4,23,False
1,1,0.4,11,False
35,1,0.4,45,False
65,1,-3.0,65,False
11,3,-2.0,11,False
3,0,-0.30000000000000004,3,False
74,0,-1.3,64,False
12,1,0.4,22,False
0,1,0.4,10,False
0,3,0.4,1,False
13,3,0.4,14,False
0,1,0.4,10,False
31,1,0.4,41,False
89,1,20.0,99,True
34,1,0.4,44,False
0,2,-0.30000000000000004,0,False
12,1,0.4,22,False
0,0,-0.30000000000000004,0,False
38,0,-1.3,28,False
23,1,0.4,33,False
11,1,0.4,21,False
35,3,0.4,36,False
51,3,0.4,52,False
42,3,0.4,43,False
71,3,0.4,72,False
42,0,-0.30000000000000004,32,False
20,1,0.4,30,False
21,0,-0.30000000000000004,11,False
44,1,0.4,54,False
32,0,-0.30000000000000004,22,False
40,3,-0.6,41,False
51,3,0.4,52,False
98,3,20.0,99,True
1,0,-0.30000000000000004,1,False
0,1,-2.0,0,False
11,2,-0.30000000000000004,10,False
21,3,0.4,22,False
40,2,-1.3,40,False
32,0,-0.30000000000000004,22,False
89,1,20.0,99,True
4,1,0.4,14,False
0,1,-2.0,0,False
0,1,0.4,10,False
33,3,0.4,34,False
98,3,20.0,99,True
0,0,-0.30000000000000004,0,False
1,3,0.4,2,False
0,3,0.4,1,False
89,1,20.0,99,True
12,2,-1.3,11,False
44,1,0.4,54,False
89,1,20.0,99,True
41,3,0.4,42,False
10,3,-2.0,10,False
2,0,-0.30000000000000004,2,False
22,3,0.4,23,False
98,3,20.0,99,True
2,3,0.4,3,False
13,0,-1.3,3,False
0,0,-0.30000000000000004,0,False
3,3,0.4,4,False
32,3,0.4,33,False
10,3,-2.0,10,False
2,3,0.4,3,False
63,1,0.4,73,False
2,0,-0.30000000000000004,2,False
89,1,20.0,99,True
10,3,0.4,11,False
22,3,0.4,23,False
15,0,-0.30000000000000004,5,False
55,2,-0.30000000000000004,54,False
20,3,0.4,21,False
0,3,0.4,1,False
0,1,-2.0,0,False
2,1,0.4,12,False
22,1,0.4,32,False
0,3,0.4,1,False
89,1,20.0,99,True
89,1,20.0,99,True
71,1,-3.0,71,False
63,2,-0.30000000000000004,62,False
98,3,20.0,99,True
21,1,0.4,31,False
23,3,0.4,24,False
24,1,0.4,34,False
0,3,-2.0,0,False
12,2,-0.30000000000000004,11,False
24,1,0.4,34,False
30,1,0.4,40,False
10,3,0.4,11,False
31,3,0.4,32,False
0,1,0.4,10,False
98,3,20.0,99,True
12,3,0.4,13,False
34,1,0.4,44,False
2,1,-3.0,2,False
42,1,0.4,52,False
0,3,0.4,1,False
2,3,-2.0,2,False
2,1,-2.0,2,False
10,3,0.4,11,False
0,1,-2.0,0,False
89,1,20.0,99,True
20,3,0.4,21,False
0,1,0.4,10,False
31,3,0.4,32,False
32,1,-2.0,32,False
1,0,-0.30000000000000004,1,False
10,1,0.4,20,False
0,1,0.4,10,False
32,3,0.4,33,False
4,3,0.4,5,False
33,3,0.4,34,False
2,0,-0.30000000000000004,2,False
42,1,0.4,52,False
53,3,0.4,54,False
10,1,0.4,20,False
4,3,0.4,5,False
23,0,-1.3,13,False
0,1,0.4,10,False
12,3,0.4,13,False
13,1,0.4,23,False
20,0,-0.30000000000000004,10,False
52,0,-1.3,42,False
35,0,-0.30000000000000004,25,False
1,1,0.4,11,False
1,0,-0.30000000000000004,1,False
24,1,0.4,34,False
12,2,-0.30000000000000004,11,False
89,1,20.0,99,True
40,2,-1.3,40,False
10,2,-0.30000000000000004,10,False
12,1,0.4,22,False
0,3,0.4,1,False
10,1,0.4,20,False
0,3,0.4,1,False
40,1,-2.0,40,False
30,3,0.4,31,False
1,0,-0.30000000000000004,1,False
22,2,-0.30000000000000004,21,False
50,3,0.4,51,False
10,1,0.4,20,False
16,1,0.4,26,False
11,3,-0.6,12,False
10,1,0.4,20,False
2,3,0.4,3,False
11,1,0.4,21,False
1,0,-1.3,1,False
12,3,0.4,13,False
94,3,-0.6,95,False
21,1,0.4,31,False
98,3,20.0,99,True
10,3,0.4,11,False
0,3,-2.0,0,False
0,1,0.4,10,False
0,3,0.4,1,False
98,3,20.0,99,True
21,3,0.4,22,False
23,0,-0.30000000000000004,13,False
0,0,-0.30000000000000004,0,False
0,0,-0.30000000000000004,0,False
3,3,0.4,4,False
11,0,-0.30000000000000004,1,False
89,1,20.0,99,True
10,1,0.4,20,False
30,2,-0.30000000000000004,30,False
0,1,-2.0,0,False
51,2,-0.30000000000000004,50,False
0,2,-0.30000000000000004,0,False
89,1,20.0,99,True
33,3,0.4,34,False
20,0,-0.30000000000000004,10,False
10,3,0.4,11,False
0,1,0.4,10,False
12,0,-2.0,12,False
25,3,0.4,26,False
21,1,0.4,31,False
13,3,0.4,14,False
10,3,-2.0,10,False
16,0,-0.30000000000000004,6,False
0,1,-2.0,0,False
13,1,-2.0,13,False
14,1,0.4,24,False
1,3,0.4,2,False
1,1,0.4,11,False
12,2,-0.30000000000000004,11,False
20,3,0.4,21,False
0,2,-0.30000000000000004,0,False
1,2,-0.30000000000000004,0,False
89,1,20.0,99,True
11,3,-2.0,11,False
28,3,0.4,29,False
42,3,0.4,43,False
24,2,-3.0,24,False
23,1,0.4,33,False
1,2,-0.30000000000000004,0,False
84,1,0.4,94,False
33,1,0.4,43,False
1,3,0.4,2,False
89,1,20.0,99,True
11,3,0.4,12,False
20,1,0.4,30,False
0,1,0.4,10,False
21,2,-0.30000000000000004,20,False
22,3,0.4,23,False
21,1,0.4,31,False
98,3,20.0,99,True
0,0,-0.30000000000000004,0,False
23,3,0.4,24,False
2,3,0.4,3,False
20,2,-0.30000000000000004,20,False
98,3,20.0,99,True
64,3,0.4,65,False
0,1,0.4,10,False
21,1,0.4,31,False
31,1,0.4,41,False
2,1,-2.0,2,False
0,3,0.4,1,False
20,0,-0.30000000000000004,10,False
25,3,0.4,26,False
0,1,0.4,10,False
20,1,0.4,30,False
0,1,-2.0,0,False
0,3,0.4,1,False
1,1,0.4,11,False
20,3,-2.0,20,False
13,1,0.4,23,False
0,3,0.4,1,False
20,2,-0.30000000000000004,20,False
1,2,-0.30000000000000004,0,False
0,1,0.4,10,False
0,2,-0.30000000000000004,0,False
10,3,0.4,11,False
12,3,0.4,13,False
89,1,20.0,99,True
0,3,-2.0,0,False
50,0,-0.30000000000000004,40,False
31,2,-0.30000000000000004,30,False
22,1,0.4,32,False
89,1,20.0,99,True
40,1,0.4,50,False
0,2,-0.30000000000000004,0,False
4,3,0.4,5,False
46,3,0.4,47,False
11,2,-0.30000000000000004,10,False
11,1,0.4,21,False
1,0,-0.30000000000000004,1,False
0,1,0.4,10,False
0,3,0.4,1,False
98,3,20.0,99,True
0,1,0.4,10,False
23,3,0.4,24,False
22,3,0.4,23,False
0,3,-2.0,0,False
10,3,0.4,11,False
10,0,-0.30000000000000004,0,False
1,2,-0.30000000000000004,0,False
24,1,-0.6,34,False
0,2,-0.30000000000000004,0,False
11,0,-0.30000000000000004,1,False
89,1,20.0,99,True
21,2,-0.30000000000000004,20,False
30,1,0.4,40,False
24,0,-0.30000000000000004,14,False
12,1,0.4,22,False
35,2,-1.3,34,False
40,0,-1.3,30,False
20,1,0.4,30,False
21,0,-0.30000000000000004,11,False
0,3,0.4,1,False
1,3,0.4,2,False
84,3,0.4,85,False
6,0,-1.3,6,False
41,2,-0.30000000000000004,40,False
0,3,0.4,1,False
89,1,20.0,99,True
22,1,0.4,32,False
0,2,-0.30000000000000004,0,False
54,3,0.4,55,False
98,3,20.0,99,True
13,1,-3.0,13,False
1,3,-2.0,1,False
1,3,0.4,2,False
0,2,-0.30000000000000004,0,False
11,1,0.4,21,False
0,3,-2.0,0,False
22,1,0.4,32,False
15,3,0.4,16,False
11,3,0.4,12,False
0,3,0.4,1,False
44,0,-0.30000000000000004,34,False
20,1,0.4,30,False
24,1,0.4,34,False
23,1,0.4,33,False
10,2,-0.30000000000000004,10,False
89,1,20.0,99,True
4,0,-0.30000000000000004,4,False
10,3,0.4,11,False
12,3,-2.0,12,False
10,2,-0.30000000000000004,10,False
25,3,0.4,26,False
0,1,0.4,10,False
98,3,20.0,99,True
1,1,0.4,11,False
22,0,-0.30000000000000004,12,False
14,0,-0.30000000000000004,4,False
89,1,20.0,99,True
13,3,0.4,14,False
5,1,0.4,15,False
0,1,0.4,10,False
0,0,-0.30000000000000004,0,False
33,1,0.4,43,False
11,2,-0.30000000000000004,10,False
10,2,-0.30000000000000004,10,False
1,1,0.4,11,False
2,3,0.4,3,False
12,1,0.4,22,False
0,3,0.4,1,False
0,1,0.4,10,False
1,1,0.4,11,False
1,3,-2.0,1,False
63,2,-0.30000000000000004,62,False
11,1,0.4,21,False
3,1,0.4,13,False
55,1,0.4,65,False
21,2,-0.30000000000000004,20,False
21,2,-0.30000000000000004,20,False
0,1,0.4,10,False
3,3,0.4,4,False
20,3,0.4,21,False
12,3,0.4,13,False
2,1,0.4,12,False
0,1,0.4,10,False
22,3,0.4,23,False
21,3,0.4,22,False
0,3,0.4,1,False
0,1,-0.6,10,False
31,3,0.4,32,False
0,2,-0.30000000000000004,0,False
20,1,0.4,30,False
18,3,0.4,19,False
21,0,-0.30000000000000004,11,False
2,3,0.4,3,False
0,1,0.4,10,False
4,3,0.4,5,False
21,2,-0.30000000000000004,20,False
11,0,-0.30000000000000004,1,False
11,1,0.4,21,False
1,1,0.4,11,False
21,0,-0.30000000000000004,11,False
22,0,-2.0,22,False
1,2,-0.30000000000000004,0,False
0,3,-2.0,0,False
12,2,-0.30000000000000004,11,False
10,1,0.4,20,False
1,2,-0.30000000000000004,0,False
0,3,0.4,1,False
33,2,-1.3,32,False
0,2,-0.30000000000000004,0,False
20,1,0.4,30,False
0,3,0.4,1,False
30,0,-0.30000000000000004,20,False
1,1,-2.0,1,False
31,3,0.4,32,False
30,2,-0.30000000000000004,30,False
3,1,0.4,13,False
93,3,0.4,94,False
20,1,0.4,30,False
61,0,-0.30000000000000004,51,False
28,3,0.4,29,False
89,1,20.0,99,True
19,1,0.4,29,False
10,3,-2.0,10,False
12,1,-2.0,12,False
10,1,0.4,20,False
3,3,-2.0,3,False
43,3,0.4,44,False
22,2,-0.30000000000000004,21,False
23,2,-0.30000000000000004,22,False
0,3,0.4,1,False
1,3,0.4,2,False
89,1,20.0,99,True
12,0,-0.30000000000000004,2,False
46,1,0.4,56,False
98,3,20.0,99,True
10,0,-0.30000000000000004,0,False
3,1,0.4,13,False
10,1,-2.0,10,False
0,1,0.4,10,False
32,1,0.4,42,False
14,0,-0.30000000000000004,4,False
2,1,0.4,12,False
3,0,-0.30000000000000004,3,False
32,1,0.4,42,False
23,2,-0.30000000000000004,22,False
40,2,-0.30000000000000004,40,False
32,3,0.4,33,False
89,1,20.0,99,True
11,1,0.4,21,False
11,1,0.4,21,False
0,3,-2.0,0,False
62,3,0.4,63,False
21,3,0.4,22,False
0,3,0.4,1,False
11,2,-0.30000000000000004,10,False
1,3,0.4,2,False
0,0,-0.30000000000000004,0,False
11,3,0.4,12,False
89,1,20.0,99,True
0,1,0.4,10,False
12,3,0.4,13,False
0,1,0.4,10,False
10,1,0.4,20,False
24,0,-0.30000000000000004,14,False
10,1,0.4,20,False
0,3,-2.0,0,False
33,3,-3.0,33,False
0,2,-0.30000000000000004,0,False
11,1,0.4,21,False
89,1,20.0,99,True
1,3,-2.0,1,False
12,1,-2.0,12,False
22,3,0.4,23,False
1,0,-0.30000000000000004,1,False
89,1,20.0,99,True
11,3,-2.0,11,False
2,2,-3.0,2,False
0,1,-2.0,0,False
25,1,0.4,35,False
24,3,0.4,25,False
22,0,-0.30000000000000004,12,False
20,1,0.4,30,False
2,1,0.4,12,False
21,2,-0.30000000000000004,20,False
13,3,0.4,14,False
1,3,0.4,2,False
0,3,0.4,1,False
13,3,-0.6,14,False
1,1,-2.0,1,False
30,1,0.4,40,False
0,2,-0.30000000000000004,0,False
17,1,0.4,27,False
41,3,0.4,42,False
40,1,0.4,50,False
22,0,-0.30000000000000004,12,False
89,1,20.0,99,True
89,1,20.0,99,True
10,3,0.4,11,False
30,3,-2.0,30,False
28,3,0.4,29,False
53,1,0.4,63,False
69,1,0.4,79,False
22,1,-3.0,22,False
2,1,0.4,12,False
30,0,-0.30000000000000004,20,False
0,1,0.4,10,False
0,3,0.4,1,False
0,3,0.4,1,False
10,2,-0.30000000000000004,10,False
11,1,0.4,21,False
12,2,-0.30000000000000004,11,False
1,0,-0.30000000000000004,1,False
43,3,0.4,44,False
2,1,0.4,12,False
0,1,0.4,10,False
36,2,-0.30000000000000004,35,False
23,2,-0.30000000000000004,22,False
10,3,0.4,11,False
21,0,-0.30000000000000004,11,False
30,1,0.4,40,False
0,3,-2.0,0,False
26,1,-3.0,26,False
0,3,0.4,1,False
89,1,20.0,99,True
51,0,-1.3,41,False
3,3,0.4,4,False
0,1,0.4,10,False
0,3,0.4,1,False
54,3,0.4,55,False
10,1,0.4,20,False
32,3,0.4,33,False
10,3,0.4,11,False
42,1,0.4,52,False
12,3,-2.0,12,False
30,1,0.4,40,False
20,2,-0.30000000000000004,20,False
11,1,0.4,21,False
0,1,-2.0,0,False
40,1,0.4,50,False
21,0,-0.30000000000000004,11,False
0,2,-0.30000000000000004,0,False
12,3,-2.0,12,False
0,3,-2.0,0,False
13,3,0.4,14,False
50,1,0.4,60,False
10,1,0.4,20,False
1,1,0.4,11,False
12,1,0.4,22,False
11,1,-2.0,11,False
11,3,0.4,12,False
34,1,0.4,44,False
10,2,-0.30000000000000004,10,False
98,3,20.0,99,True
33,3,0.4,34,False
33,3,0.4,34,False
11,3,0.4,12,False
0,1,-2.0,0,False
1,3,0.4,2,False
3,3,0.4,4,False
10,1,0.4,20,False
1,1,0.4,11,False
4,2,-0.30000000000000004,3,False
30,3,-0.6,31,False
1,1,0.4,11,False
10,2,-0.30000000000000004,10,False
1,1,0.4,11,False
34,1,0.4,44,False
0,1,0.4,10,False
0,3,0.4,1,False
32,3,0.4,33,False
12,2,-3.0,12,False
31,2,-1.3,30,False
10,0,-1.3,0,False
0,0,-0.30000000000000004,0,False
13,1,0.4,23,False
1,3,0.4,2,False
32,2,-0.30000000000000004,31,False
10,3,0.4,11,False
0,3,-0.6,1,False
11,2,-0.30000000000000004,10,False
89,1,20.0,99,True
61,1,0.4,71,False
0,0,-0.30000000000000004,0,False
89,1,20.0,99,True
1,2,-0.30000000000000004,0,False
41,0,-1.3,31,False
1,3,-2.0,1,False
13,3,-3.0,13,False
89,1,20.0,99,True
62,2,-0.30000000000000004,61,False
32,3,0.4,33,False
10,3,0.4,11,False
98,3,20.0,99,True
22,2,-0.30000000000000004,21,False
0,3,0.4,1,False
0,3,0.4,1,False
95,0,-0.30000000000000004,85,False
21,3,0.4,22,False
22,1,0.4,32,False
3,1,0.4,13,False
1,1,0.4,11,False
15,3,-2.0,15,False
2,1,0.4,12,False
35,2,-1.3,34,False
44,3,-3.0,44,False
3,3,-3.0,3,False
1,3,0.4,2,False
20,3,-2.0,20,False
10,3,0.4,11,False
98,3,20.0,99,True
0,1,0.4,10,False
74,2,-0.30000000000000004,73,False
0,1,0.4,10,False
12,1,0.4,22,False
0,1,-2.0,0,False
11,1,0.4,21,False
2,3,0.4,3,False
32,3,0.4,33,False
98,3,20.0,99,True
39,1,0.4,49,False
89,1,20.0,99,True
24,0,-3.0,24,False
0,3,0.4,1,False
34,3,0.4,35,False
89,1,20.0,99,True
11,3,0.4,12,False
10,3,0.4,11,False
48,1,0.4,58,False
0,2,-0.30000000000000004,0,False
0,3,0.4,1,False
0,0,-0.30000000000000004,0,False
2,1,0.4,12,False
14,1,0.4,24,False
54,3,0.4,55,False
10,1,0.4,20,False
30,2,-1.3,30,False
82,2,-0.30000000000000004,81,False
0,2,-0.30000000000000004,0,False
34,0,-0.30000000000000004,24,False
51,3,0.4,52,False
36,0,-0.30000000000000004,26,False
12,3,0.4,13,False
1,2,-0.30000000000000004,0,False
25,1,0.4,35,False
0,1,0.4,10,False
11,3,0.4,12,False
1,0,-0.30000000000000004,1,False
89,1,20.0,99,True
1,3,-2.0,1,False
47,3,0.4,48,False
12,1,0.4,22,False
13,1,0.4,23,False
10,3,0.4,11,False
20,3,0.4,21,False
41,0,-0.30000000000000004,31,False
35,1,0.4,45,False
0,0,-0.30000000000000004,0,False
3,3,0.4,4,False
0,2,-0.30000000000000004,0,False
11,1,0.4,21,False
0,3,0.4,1,False
12,3,0.4,13,False
0,3,0.4,1,False
14,3,0.4,15,False
0,1,-2.0,0,False
1,0,-0.30000000000000004,1,False
30,3,-3.0,30,False
24,3,0.4,25,False
21,1,0.4,31,False
24,3,0.4,25,False
1,1,0.4,11,False
13,0,-0.30000000000000004,3,False
10,3,0.4,11,False
20,3,0.4,21,False
21,1,0.4,31,False
12,0,-2.0,12,False
0,3,0.4,1,False
2,0,-0.30000000000000004,2,False
12,1,0.4,22,False
41,1,0.4,51,False
0,1,0.4,10,False
1,3,0.4,2,False
89,1,20.0,99,True
3,2,-0.30000000000000004,2,False
3,1,0.4,13,False
98,3,20.0,99,True
14,3,0.4,15,False
25,3,0.4,26,False
14,3,0.4,15,False
2,0,-0.30000000000000004,2,False
54,1,0.4,64,False
11,1,0.4,21,False
22,3,0.4,23,False
12,0,-0.30000000000000004,2,False
89,1,20.0,99,True
2,1,-2.0,2,False
10,3,-2.0,10,False
20,2,-0.30000000000000004,20,False
11,1,0.4,21,False
89,1,20.0,99,True
20,1,0.4,30,False
0,2,-0.30000000000000004,0,False
42,1,0.4,52,False
21,3,0.4,22,False
89,1,20.0,99,True
2,3,0.4,3,False
11,1,0.4,21,False
13,3,0.4,14,False
42,0,-0.30000000000000004,32,False
0,1,-2.0,0,False
23,3,0.4,24,False
12,0,-0.30000000000000004,2,False
12,3,0.4,13,False
2,3,-2.0,2,False
12,1,0.4,22,False
41,3,0.4,42,False
11,3,0.4,12,False
3,1,0.4,13,False
22,3,-0.6,23,False
35,3,0.4,36,False
0,2,-0.30000000000000004,0,False
1,1,0.4,11,False
40,0,-0.30000000000000004,30,False
11,3,0.4,12,False
89,1,20.0,99,True
51,3,0.4,52,False
11,2,-0.30000000000000004,10,False
0,3,-2.0,0,False
31,1,0.4,41,False
16,3,0.4,17,False
98,3,20.0,99,True
23,3,0.4,24,False
2,3,0.4,3,False
0,3,0.4,1,False
0,0,-0.30000000000000004,0,False
0,1,0.4,10,False
98,3,20.0,99,True
3,3,0.4,4,False
43,1,-2.0,43,False
16,2,-0.30000000000000004,15,False
21,0,-0.30000000000000004,11,False
12,3,0.4,13,False
20,1,0.4,30,False
0,3,0.4,1,False
23,2,-0.30000000000000004,22,False
10,1,0.4,20,False
1,1,0.4,11,False
20,1,0.4,30,False
12,1,-3.0,12,False
98,3,20.0,99,True
13,2,-1.3,12,False
20,2,-1.3,20,False
22,3,0.4,23,False
5,3,0.4,6,False
1,0,-0.30000000000000004,1,False
0,2,-0.30000000000000004,0,False
54,3,-0.6,55,False
3,1,0.4,13,False
20,3,0.4,21,False
20,0,-0.30000000000000004,10,False
0,3,0.4,1,False
4,1,0.4,14,False
52,3,0.4,53,False
12,1,-2.0,12,False
75,1,0.4,85,False
33,1,0.4,43,False
10,1,0.4,20,False
11,2,-1.3,10,False
2,1,-0.6,12,False
0,1,0.4,10,False
16,1,-2.0,16,False
11,2,-0.30000000000000004,10,False
22,3,0.4,23,False
74,3,0.4,75,False
11,3,0.4,12,False
1,3,0.4,2,False
52,3,0.4,53,False
54,1,0.4,64,False
21,3,0.4,22,False
89,1,20.0,99,True
36,3,0.4,37,False
89,1,20.0,99,True
3,2,-1.3,2,False
5,2,-0.30000000000000004,4,False
0,3,-2.0,0,False
0,1,0.4,10,False
0,1,-2.0,0,False
12,1,0.4,22,False
10,1,0.4,20,False
0,0,-0.30000000000000004,0,False
89,1,20.0,99,True
54,2,-1.3,53,False
0,3,0.4,1,False
1,3,0.4,2,False
0,3,0.4,1,False
1,1,0.4,11,False
0,1,0.4,10,False
4,2,-0.30000000000000004,3,False
0,3,0.4,1,False
1,1,0.4,11,False
10,1,0.4,20,False
0,3,0.4,1,False
36,3,-3.0,36,False
11,1,0.4,21,False
12,1,-3.0,12,False
1,1,0.4,11,False
3,2,-0.30000000000000004,2,False
0,3,0.4,1,False
10,0,-0.30000000000000004,0,False
0,3,0.4,1,False
0,3,0.4,1,False
10,0,-0.30000000000000004,0,False
22,3,0.4,23,False
89,1,20.0,99,True
0,1,0.4,10,False
10,3,0.4,11,False
13,1,0.4,23,False
1,1,0.4,11,False
98,3,20.0,99,True
20,1,0.4,30,False
42,1,0.4,52,False
0,1,0.4,10,False
0,3,-2.0,0,False
14,0,-0.30000000000000004,4,False
43,3,0.4,44,False
0,3,0.4,1,False
2,3,0.4,3,False
13,0,-0.30000000000000004,3,False
38,0,-1.3,28,False
41,3,0.4,42,False
40,3,0.4,41,False
89,1,20.0,99,True
22,3,0.4,23,False
0,3,-2.0,0,False
10,0,-0.30000000000000004,0,False
89,1,20.0,99,True
11,2,-0.30000000000000004,10,False
0,1,0.4,10,False
11,1,0.4,21,False
2,1,0.4,12,False
11,0,-0.30000000000000004,1,False
40,2,-1.3,40,False
23,3,0.4,24,False
0,0,-0.30000000000000004,0,False
0,1,0.4,10,False
27,3,0.4,28,False
34,0,-0.30000000000000004,24,False
10,0,-1.3,0,False
51,3,0.4,52,False
89,1,20.0,99,True
21,2,-0.30000000000000004,20,False
21,1,0.4,31,False
0,1,0.4,10,False
12,0,-0.30000000000000004,2,False
12,3,0.4,13,False
30,2,-0.30000000000000004,30,False
38,1,0.4,48,False
89,1,20.0,99,True
12,1,0.4,22,False
10,1,0.4,20,False
15,3,0.4,16,False
26,1,-3.0,26,False
0,0,-0.30000000000000004,0,False
98,3,20.0,99,True
46,0,-1.3,36,False
54,3,0.4,55,False
13,2,-0.30000000000000004,12,False
0,2,-0.30000000000000004,0,False
14,3,0.4,15,False
0,3,0.4,1,False
10,3,0.4,11,False
89,1,20.0,99,True
22,2,-0.30000000000000004,21,False
0,3,0.4,1,False
89,1,20.0,99,True
0,3,0.4,1,False
20,0,-0.30000000000000004,10,False
22,1,0.4,32,False
34,3,-2.0,34,False
1,2,-0.30000000000000004,0,False
20,1,0.4,30,False
44,3,-0.6,45,False
10,2,-0.30000000000000004,10,False
13,1,0.4,23,False
0,3,0.4,1,False
1,3,-2.0,1,False
10,0,-0.30000000000000004,0,False
13,1,0.4,23,False
21,1,0.4,31,False
61,2,-1.3,60,False
58,3,0.4,59,False
98,3,20.0,99,True
21,1,-2.0,21,False
10,2,-0.30000000000000004,10,False
89,1,20.0,99,True
3,2,-0.30000000000000004,2,False
21,0,-0.30000000000000004,11,False
10,1,-2.0,10,False
20,3,0.4,21,False
12,3,0.4,13,False
12,1,0.4,22,False
98,3,20.0,99,True
34,3,0.4,35,False
2,1,0.4,12,False
31,0,-3.0,31,False
21,3,0.4,22,False
10,1,0.4,20,False
10,2,-0.30000000000000004,10,False
11,3,-2.0,11,False
86,2,-0.30000000000000004,85,False
10,0,-0.30000000000000004,0,False
98,3,20.0,99,True
31,2,-1.3,30,False
10,3,0.4,11,False
32,1,0.4,42,False
22,3,-3.0,22,False
1,2,-0.30000000000000004,0,False
2,3,0.4,3,False
89,1,20.0,99,True
1,3,0.4,2,False
32,1,0.4,42,False
0,3,0.4,1,False
31,1,0.4,41,False
10,3,0.4,11,False
11,3,0.4,12,False
35,3,-3.0,35,False
40,1,0.4,50,False
10,1,0.4,20,False
10,1,-2.0,10,False
3,3,0.4,4,False
1,3,-2.0,1,False
42,3,0.4,43,False
98,3,20.0,99,True
13,3,0.4,14,False
21,2,-0.30000000000000004,20,False
98,3,20.0,99,True
11,3,0.4,12,False
89,1,20.0,99,True
22,0,-2.0,22,False
0,3,0.4,1,False
2,3,-3.0,2,False
0,3,-2.0,0,False
11,3,0.4,12,False
22,1,-2.0,22,False
20,1,0.4,30,False
0,3,0.4,1,False
89,1,20.0,99,True
27,1,0.4,37,False
11,3,0.4,12,False
0,3,0.4,1,False
0,1,0.4,10,False
89,1,20.0,99,True
12,1,0.4,22,False
98,3,20.0,99,True
0,1,0.4,10,False
3,1,-3.0,3,False
17,3,0.4,18,False
0,3,-2.0,0,False
89,1,20.0,99,True
21,0,-0.30000000000000004,11,False
31,3,0.4,32,False
0,2,-0.30000000000000004,0,False
0,1,-3.0,0,False
20,3,-2.0,20,False
31,3,0.4,32,False
0,1,0.4,10,False
0,2,-0.30000000000000004,0,False
41,3,0.4,42,False
0,0,-0.30000000000000004,0,False
22,1,0.4,32,False
0,0,-0.30000000000000004,0,False
0,3,0.4,1,False
71,0,-0.30000000000000004,61,False
63,1,0.4,73,False
12,3,-2.0,12,False
0,3,0.4,1,False
0,1,-2.0,0,False
11,1,0.4,21,False
11,1,-2.0,11,False
11,1,0.4,21,False
30,2,-0.30000000000000004,30,False
22,3,-0.6,23,False
98,3,20.0,99,True
44,2,-1.3,43,False
98,3,20.0,99,True
14,2,-0.30000000000000004,13,False
42,3,0.4,43,False
24,3,-3.0,24,False
2,2,-0.30000000000000004,1,False
24,2,-0.30000000000000004,23,False
98,3,20.0,99,True
0,3,0.4,1,False
21,0,-0.30000000000000004,11,False
10,3,0.4,11,False
22,1,-3.0,22,False
13,3,0.4,14,False
50,3,0.4,51,False
11,1,-2.0,11,False
12,1,-2.0,12,False
1,1,-2.0,1,False
0,1,0.4,10,False
88,1,-3.0,88,False
0,3,-2.0,0,False
10,2,-0.30000000000000004,10,False
51,0,-0.30000000000000004,41,False
21,0,-2.0,21,False
43,2,-3.0,43,False
10,3,0.4,11,False
0,3,0.4,1,False
10,1,-2.0,10,False
0,3,0.4,1,False
33,1,0.4,43,False
0,0,-0.30000000000000004,0,False
12,1,0.4,22,False
0,3,0.4,1,False
13,0,-0.30000000000000004,3,False
20,1,-2.0,20,False
10,3,0.4,11,False
1,1,-2.0,1,False
12,1,0.4,22,False
12,3,0.4,13,False
98,3,20.0,99,True
0,3,0.4,1,False
0,3,-2.0,0,False
10,0,-0.30000000000000004,0,False
1,3,0.4,2,False
2,1,0.4,12,False
98,3,20.0,99,True
20,1,0.4,30,False
89,1,20.0,99,True
1,1,0.4,11,False
31,3,0.4,32,False
0,1,0.4,10,False
43,1,0.4,53,False
98,3,20.0,99,True
22,1,0.4,32,False
89,1,20.0,99,True
65,0,-0.30000000000000004,55,False
2,3,0.4,3,False
0,1,0.4,10,False
3,3,0.4,4,False
0,1,0.4,10,False
20,1,0.4,30,False
89,1,20.0,99,True
0,1,0.4,10,False
15,1,0.4,25,False
1,1,0.4,11,False
10,1,0.4,20,False
21,1,0.4,31,False
31,1,-2.0,31,False
31,3,0.4,32,False
21,3,0.4,22,False
12,2,-0.30000000000000004,11,False
2,1,0.4,12,False
1,0,-0.30000000000000004,1,False
1,2,-0.30000000000000004,0,False
36,1,0.4,46,False
0,1,0.4,10,False
89,1,20.0,99,True
2,0,-0.30000000000000004,2,False
98,3,20.0,99,True
13,0,-0.30000000000000004,3,False
0,0,-0.30000000000000004,0,False
2,0,-0.30000000000000004,2,False
10,1,0.4,20,False
0,2,-0.30000000000000004,0,False
2,1,0.4,12,False
10,3,-2.0,10,False
20,1,0.4,30,False
32,1,0.4,42,False
43,0,-1.3,33,False
0,1,0.4,10,False
0,1,0.4,10,False
0,3,-2.0,0,False
1,3,0.4,2,False
2,3,0.4,3,False
11,1,0.4,21,False
31,1,0.4,41,False
32,2,-1.3,31,False
22,2,-2.0,22,False
0,0,-0.30000000000000004,0,False
11,0,-0.30000000000000004,1,False
10,0,-0.30000000000000004,0,False
23,1,0.4,33,False
63,1,0.4,73,False
24,3,0.4,25,False
22,1,0.4,32,False
30,3,-3.0,30,False
57,0,-0.30000000000000004,47,False
89,1,20.0,99,True
51,3,0.4,52,False
0,3,0.4,1,False
89,1,20.0,99,True
5,3,0.4,6,False
51,3,0.4,52,False
0,0,-0.30000000000000004,0,False
41,1,0.4,51,False
30,1,-2.0,30,False
31,0,-3.0,31,False
78,3,0.4,79,False
42,1,0.4,52,False
1,3,0.4,2,False
10,3,0.4,11,False
12,0,-0.30000000000000004,2,False
0,1,-2.0,0,False
12,3,0.4,13,False
42,3,0.4,43,False
41,3,-2.0,41,False
42,3,0.4,43,False
20,2,-0.30000000000000004,20,False
41,3,0.4,42,False
15,1,0.4,25,False
10,3,0.4,11,False
57,3,0.4,58,False
21,3,0.4,22,False
41,0,-0.30000000000000004,31,False
12,0,-0.30000000000000004,2,False
30,1,0.4,40,False
21,1,0.4,31,False
11,0,-0.30000000000000004,1,False
20,1,0.4,30,False
35,0,-0.30000000000000004,25,False
23,3,0.4,24,False
89,1,20.0,99,True
10,3,0.4,11,False
21,0,-2.0,21,False
1,2,-0.30000000000000004,0,False
89,1,20.0,99,True
89,1,20.0,99,True
0,0,-0.30000000000000004,0,False
22,3,-2.0,22,False
11,3,0.4,12,False
11,1,-2.0,11,False
1,0,-0.30000000000000004,1,False
20,3,-2.0,20,False
35,3,0.4,36,False
0,3,0.4,1,False
1,1,0.4,11,False
0,3,0.4,1,False
42,3,0.4,43,False
11,1,0.4,21,False
10,3,-2.0,10,False
1,1,0.4,11,False
1,1,0.4,11,False
89,1,20.0,99,True
1,3,-2.0,1,False
12,0,-0.30000000000000004,2,False
0,0,-0.30000000000000004,0,False
2,1,0.4,12,False
12,1,0.4,22,False
3,3,0.4,4,False
1,1,0.4,11,False
23,1,-2.0,23,False
41,3,-2.0,41,False
13,0,-0.30000000000000004,3,False
20,3,-2.0,20,False
89,1,20.0,99,True
12,1,0.4,22,False
0,3,0.4,1,False
13,0,-0.30000000000000004,3,False
13,2,-0.30000000000000004,12,False
13,1,0.4,23,False
0,1,0.4,10,False
4,3,0.4,5,False
10,3,0.4,11,False
10,2,-0.30000000000000004,10,False
1,3,0.4,2,False
22,0,-0.30000000000000004,12,False
0,1,0.4,10,False
1,1,0.4,11,False
1,3,0.4,2,False
20,1,0.4,30,False
56,1,0.4,66,False
4,3,0.4,5,False
2,0,-0.30000000000000004,2,False
89,1,20.0,99,True
20,1,-2.0,20,False
2,1,-3.0,2,False
22,1,0.4,32,False
89,1,20.0,99,True
31,1,0.4,41,False
0,0,-0.30000000000000004,0,False
11,3,0.4,12,False
31,2,-0.30000000000000004,30,False
21,2,-0.30000000000000004,20,False
21,1,0.4,31,False
1,1,0.4,11,False
98,3,20.0,99,True
21,0,-0.30000000000000004,11,False
35,3,-0.6,36,False
11,3,0.4,12,False
98,3,20.0,99,True
83,3,0.4,84,False
3,0,-0.30000000000000004,3,False
14,3,-2.0,14,False
1,1,-2.0,1,False
6,1,-0.6,16,False
11,3,0.4,12,False
89,1,20.0,99,True
32,1,0.4,42,False
10,3,-2.0,10,False
31,1,0.4,41,False
12,1,-2.0,12,False
46,3,0.4,47,False
12,3,0.4,13,False
0,3,0.4,1,False
25,3,-3.0,25,False
11,3,0.4,12,False
21,0,-0.30000000000000004,11,False
10,1,-2.0,10,False
0,1,0.4,10,False
11,3,0.4,12,False
89,1,20.0,99,True
0,0,-0.30000000000000004,0,False
33,0,-0.30000000000000004,23,False
20,2,-1.3,20,False
2,0,-0.30000000000000004,2,False
33,1,0.4,43,False
2,3,0.4,3,False
12,3,-0.6,13,False
20,0,-0.30000000000000004,10,False
21,1,0.4,31,False
0,3,0.4,1,False
20,1,0.4,30,False
0,0,-0.30000000000000004,0,False
12,2,-0.30000000000000004,11,False
0,3,0.4,1,False
42,0,-0.30000000000000004,32,False
0,2,-0.30000000000000004,0,False
0,2,-0.30000000000000004,0,False
11,3,-2.0,11,False
2,3,0.4,3,False
89,1,20.0,99,True
0,3,0.4,1,False
72,2,-1.3,71,False
2,0,-0.30000000000000004,2,False
63,2,-0.30000000000000004,62,False
22,0,-0.30000000000000004,12,False
89,1,20.0,99,True
5,0,-1.3,5,False
11,1,0.4,21,False
0,3,0.4,1,False
45,1,-0.6,55,False
1,0,-0.30000000000000004,1,False
89,1,20.0,99,True
0,1,0.4,10,False
31,3,0.4,32,False
42,1,0.4,52,False
89,1,20.0,99,True
89,1,20.0,99,True
0,1,0.4,10,False
11,3,0.4,12,False
0,2,-0.30000000000000004,0,False
0,3,0.4,1,False
33,1,0.4,43,False
0,3,0.4,1,False
63,3,0.4,64,False
22,3,0.4,23,False
89,1,20.0,99,True
10,1,0.4,20,False
74,1,0.4,84,False
0,1,0.4,10,False
10,3,0.4,11,False
89,1,20.0,99,True
22,1,0.4,32,False
11,3,0.4,12,False
21,2,-0.30000000000000004,20,False
16,3,0.4,17,False
14,0,-0.30000000000000004,4,False
0,1,0.4,10,False
12,2,-2.0,12,False
11,1,-2.0,11,False
0,3,0.4,1,False
21,0,-0.30000000000000004,11,False
12,2,-0.30000000000000004,11,False
49,1,0.4,59,False
0,3,-2.0,0,False
30,0,-0.30000000000000004,20,False
30,3,0.4,31,False
51,3,0.4,52,False
11,3,0.4,12,False
11,2,-0.30000000000000004,10,False
0,2,-0.30000000000000004,0,False
31,2,-0.30000000000000004,30,False
12,1,0.4,22,False
32,3,0.4,33,False
22,1,0.4,32,False
40,0,-0.30000000000000004,30,False
11,3,0.4,12,False
1,3,0.4,2,False
1,3,0.4,2,False
0,1,0.4,10,False
10,1,0.4,20,False
98,3,20.0,99,True
10,1,0.4,20,False
10,1,0.4,20,False
13,3,0.4,14,False
75,0,-0.30000000000000004,65,False
0,1,-2.0,0,False
20,2,-0.30000000000000004,20,False
0,3,0.4,1,False
1,3,0.4,2,False
12,1,-3.0,12,False
20,3,-2.0,20,False
11,1,0.4,21,False
89,1,20.0,99,True
0,0,-0.30000000000000004,0,False
14,3,0.4,15,False
0,1,0.4,10,False
1,1,0.4,11,False
0,3,0.4,1,False
3,1,0.4,13,False
32,3,0.4,33,False
10,2,-0.30000000000000004,10,False
89,1,20.0,99,True
0,2,-0.30000000000000004,0,False
0,2,-0.30000000000000004,0,False
89,1,20.0,99,True
1,3,0.4,2,False
22,1,0.4,32,False
22,3,0.4,23,False
1,1,0.4,11,False
21,3,0.4,22,False
22,3,-2.0,22,False
15,1,0.4,25,False
11,1,0.4,21,False
89,1,20.0,99,True
10,2,-0.30000000000000004,10,False
0,2,-0.30000000000000004,0,False
63,1,0.4,73,False
53,0,-1.3,43,False
10,1,0.4,20,False
12,2,-0.30000000000000004,11,False
2,1,0.4,12,False
2,3,-2.0,2,False
0,3,0.4,1,False
20,3,-2.0,20,False
14,3,0.4,15,False
36,2,-3.0,36,False
17,1,0.4,27,False
11,1,0.4,21,False
98,3,20.0,99,True
0,3,0.4,1,False
89,1,20.0,99,True
1,3,-2.0,1,False
20,1,0.4,30,False
30,3,0.4,31,False
10,3,0.4,11,False
12,2,-0.30000000000000004,11,False
11,0,-0.30000000000000004,1,False
12,3,0.4,13,False
20,3,0.4,21,False
11,0,-1.3,1,False
4,3,0.4,5,False
22,1,-2.0,22,False
44,0,-0.30000000000000004,34,False
11,1,0.4,21,False
33,1,0.4,43,False
89,1,20.0,99,True
3,3,-2.0,3,False
10,1,0.4,20,False
0,3,-2.0,0,False
51,3,-3.0,51,False
12,1,0.4,22,False
13,1,-2.0,13,False
21,3,-2.0,21,False
21,2,-0.30000000000000004,20,False
1,1,0.4,11,False
13,1,-2.0,13,False
0,1,0.4,10,False
11,1,0.4,21,False
31,1,0.4,41,False
1,0,-0.30000000000000004,1,False
0,1,-2.0,0,False
13,2,-0.30000000000000004,12,False
1,1,-2.0,1,False
33,3,0.4,34,False
3,0,-0.30000000000000004,3,False
0,3,0.4,1,False
98,3,20.0,99,True
20,3,0.4,21,False
11,3,0.4,12,False
21,2,-0.30000000000000004,20,False
0,1,0.4,10,False
32,1,0.4,42,False
23,1,0.4,33,False
10,0,-0.30000000000000004,0,False
11,1,0.4,21,False
16,1,0.4,26,False
27,1,0.4,37,False
89,1,20.0,99,True
20,3,0.4,21,False
1,3,0.4,2,False
10,1,0.4,20,False
22,1,0.4,32,False
20,0,-0.30000000000000004,10,False
0,1,0.4,10,False
25,1,0.4,35,False
30,1,-2.0,30,False
10,1,-2.0,10,False
1,1,0.4,11,False
32,3,0.4,33,False
0,3,0.4,1,False
23,2,-0.30000000000000004,22,False
21,3,0.4,22,False
11,1,0.4,21,False
10,1,0.4,20,False
21,1,-2.0,21,False
33,1,0.4,43,False
11,1,0.4,21,False
89,1,20.0,99,True
10,0,-0.30000000000000004,0,False
14,2,-0.30000000000000004,13,False
1,1,0.4,11,False
1,0,-0.30000000000000004,1,False
41,1,0.4,51,False
22,0,-0.30000000000000004,12,False
0,3,0.4,1,False
51,3,-0.6,52,False
14,2,-0.30000000000000004,13,False
2,3,0.4,3,False
0,3,0.4,1,False
55,2,-3.0,55,False
21,3,-2.0,21,False
40,1,0.4,50,False
23,3,0.4,24,False
10,3,0.4,11,False
1,0,-0.30000000000000004,1,False
1,2,-0.30000000000000004,0,False
2,1,0.4,12,False
11,1,-2.0,11,False
1,3,0.4,2,False
0,2,-0.30000000000000004,0,False
89,1,20.0,99,True
30,1,0.4,40,False
30,3,-2.0,30,False
23,3,0.4,24,False
16,3,0.4,17,False
89,1,20.0,99,True
2,3,0.4,3,False
14,2,-1.3,13,False
22,1,0.4,32,False
10,1,0.4,20,False
0,1,0.4,10,False
23,1,0.4,33,False
10,1,-2.0,10,False
50,1,0.4,60,False
20,0,-0.30000000000000004,10,False
10,1,-2.0,10,False
33,3,0.4,34,False
33,1,0.4,43,False
11,3,0.4,12,False
31,3,0.4,32,False
15,1,0.4,25,False
33,1,0.4,43,False
21,1,0.4,31,False
35,0,-0.30000000000000004,25,False
98,3,20.0,99,True
1,3,0.4,2,False
14,3,0.4,15,False
10,3,-2.0,10,False
44,1,0.4,54,False
12,0,-0.30000000000000004,2,False
15,2,-0.30000000000000004,14,False
1,3,-2.0,1,False
21,3,-2.0,21,False
13,1,-2.0,13,False
30,2,-0.30000000000000004,30,False
31,3,0.4,32,False
33,1,0.4,43,False
12,2,-0.30000000000000004,11,False
15,3,0.4,16,False
15,1,-2.0,15,False
11,3,0.4,12,False
22,1,0.4,32,False
0,1,0.4,10,False
35,3,-3.0,35,False
21,2,-0.30000000000000004,20,False
98,3,20.0,99,True
0,2,-0.30000000000000004,0,False
22,1,-2.0,22,False
22,2,-0.30000000000000004,21,False
32,2,-0.30000000000000004,31,False
30,1,0.4,40,False
12,1,0.4,22,False
89,1,20.0,99,True
1,1,0.4,11,False
41,3,0.4,42,False
11,3,0.4,12,False
13,1,0.4,23,False
30,3,0.4,31,False
54,3,-0.6,55,False
0,1,0.4,10,False
0,2,-0.30000000000000004,0,False
20,3,0.4,21,False
73,1,0.4,83,False
23,1,0.4,33,False
0,1,0.4,10,False
20,3,-2.0,20,False
3,2,-1.3,2,False
20,1,0.4,30,False
1,3,0.4,2,False
31,1,0.4,41,False
37,1,0.4,47,False
20,2,-0.30000000000000004,20,False
10,0,-0.30000000000000004,0,False
62,3,-0.6,63,False
89,1,20.0,99,True
1,3,0.4,2,False
33,1,0.4,43,False
42,0,-0.30000000000000004,32,False
0,3,0.4,1,False
0,2,-0.30000000000000004,0,False
98,3,20.0,99,True
52,3,0.4,53,False
21,3,0.4,22,False
1,2,-0.30000000000000004,0,False
0,3,0.4,1,False
89,1,20.0,99,True
1,3,0.4,2,False
0,2,-0.30000000000000004,0,False
53,3,-0.6,54,False
1,2,-0.30000000000000004,0,False
24,0,-0.30000000000000004,14,False
70,3,0.4,71,False
21,2,-0.30000000000000004,20,False
0,1,-2.0,0,False
89,1,20.0,99,True
21,1,0.4,31,False
0,3,0.4,1,False
20,2,-0.30000000000000004,20,False
10,0,-0.30000000000000004,0,False
0,3,-2.0,0,False
22,1,0.4,32,False
89,1,20.0,99,True
23,0,-0.30000000000000004,13,False
0,1,-2.0,0,False
21,1,0.4,31,False
0,3,-2.0,0,False
0,1,0.4,10,False
12,2,-0.30000000000000004,11,False
0,1,0.4,10,False
98,3,20.0,99,True
89,1,20.0,99,True
20,2,-0.30000000000000004,20,False
30,0,-0.30000000000000004,20,False
0,1,0.4,10,False
98,3,20.0,99,True
1,3,-2.0,1,False
0,1,0.4,10,False
0,3,0.4,1,False
89,1,20.0,99,True
89,1,20.0,99,True
14,3,0.4,15,False
1,2,-0.30000000000000004,0,False
1,2,-0.30000000000000004,0,False
12,3,0.4,13,False
20,3,-2.0,20,False
89,1,20.0,99,True
33,1,0.4,43,False
21,3,-2.0,21,False
21,1,-2.0,21,False
2,3,0.4,3,False
0,2,-0.30000000000000004,0,False
33,3,-2.0,33,False
41,1,0.4,51,False
31,2,-0.30000000000000004,30,False
22,2,-0.30000000000000004,21,False
24,1,0.4,34,False
42,2,-1.3,41,False
1,1,0.4,11,False
1,3,0.4,2,False
30,3,-2.0,30,False
12,2,-0.30000000000000004,11,False
0,0,-0.30000000000000004,0,False
40,2,-0.30000000000000004,40,False
1,2,-0.30000000000000004,0,False
40,1,0.4,50,False
0,0,-0.30000000000000004,0,False
11,1,0.4,21,False
89,1,20.0,99,True
0,1,0.4,10,False
89,1,20.0,99,True
10,3,0.4,11,False
2,1,0.4,12,False
0,1,0.4,10,False
22,1,0.4,32,False
89,1,20.0,99,True
21,2,-2.0,21,False
2,0,-0.30000000000000004,2,False
63,1,-3.0,63,False
10,3,0.4,11,False
11,1,0.4,21,False
42,3,0.4,43,False
0,1,0.4,10,False
26,0,-1.3,16,False
0,3,-2.0,0,False
46,2,-0.30000000000000004,45,False
31,1,-3.0,31,False
21,0,-3.0,21,False
1,3,0.4,2,False
12,1,0.4,22,False
50,1,0.4,60,False
20,1,0.4,30,False
2,1,-2.0,2,False
11,3,-3.0,11,False
0,1,0.4,10,False
89,1,20.0,99,True
11,1,0.4,21,False
0,2,-0.30000000000000004,0,False
89,1,20.0,99,True
2,1,0.4,12,False
1,3,0.4,2,False
3,0,-0.30000000000000004,3,False
30,0,-0.30000000000000004,20,False
22,3,0.4,23,False
13,1,0.4,23,False
31,3,0.4,32,False
40,3,0.4,41,False
60,0,-0.30000000000000004,50,False
4,3,0.4,5,False
24,1,-3.0,24,False
33,3,0.4,34,False
33,0,-0.30000000000000004,23,False
0,3,0.4,1,False
0,1,-2.0,0,False
0,0,-0.30000000000000004,0,False
11,3,0.4,12,False
89,1,20.0,99,True
0,2,-0.30000000000000004,0,False
0,3,0.4,1,False
42,2,-0.30000000000000004,41,False
0,3,0.4,1,False
11,3,0.4,12,False
0,0,-0.30000000000000004,0,False
0,1,0.4,10,False
1,1,0.4,11,False
12,2,-0.30000000000000004,11,False
89,1,20.0,99,True
2,3,0.4,3,False
0,3,0.4,1,False
0,1,0.4,10,False
11,1,0.4,21,False
23,1,-2.0,23,False
1,3,0.4,2,False
20,1,0.4,30,False
24,0,-0.30000000000000004,14,False
3,3,0.4,4,False
89,1,20.0,99,True
32,3,0.4,33,False
10,1,0.4,20,False
0,3,0.4,1,False
89,1,20.0,99,True
0,2,-0.30000000000000004,0,False
1,1,0.4,11,False
42,1,0.4,52,False
21,2,-0.30000000000000004,20,False
20,0,-0.30000000000000004,10,False
31,1,0.4,41,False
89,1,20.0,99,True
20,3,0.4,21,False
2,1,0.4,12,False
89,1,20.0,99,True
12,3,-3.0,12,False
30,3,0.4,31,False
1,0,-1.3,1,False
0,2,-0.30000000000000004,0,False
52,3,0.4,53,False
15,1,0.4,25,False
10,2,-0.30000000000000004,10,False
0,2,-0.30000000000000004,0,False
21,2,-0.30000000000000004,20,False
3,2,-0.30000000000000004,2,False
0,3,0.4,1,False
33,2,-0.30000000000000004,32,False
30,1,0.4,40,False
13,1,0.4,23,False
11,1,0.4,21,False
20,1,0.4,30,False
10,3,0.4,11,False
19,3,-1.3,19,False
40,0,-0.30000000000000004,30,False
14,2,-0.30000000000000004,13,False
1,3,0.4,2,False
2,1,0.4,12,False
11,3,0.4,12,False
10,3,-2.0,10,False
20,3,0.4,21,False
89,1,20.0,99,True
21,1,0.4,31,False
23,3,0.4,24,False
12,0,-0.30000000000000004,2,False
31,1,0.4,41,False
0,3,0.4,1,False
15,0,-0.30000000000000004,5,False
20,1,0.4,30,False
13,2,-0.30000000000000004,12,False
5,1,-3.0,5,False
43,1,0.4,53,False
13,3,0.4,14,False
2,1,0.4,12,False
11,0,-0.30000000000000004,1,False
23,3,0.4,24,False
0,2,-0.30000000000000004,0,False
14,1,0.4,24,False
11,0,-0.30000000000000004,1,False
25,3,0.4,26,False
0,2,-0.30000000000000004,0,False
10,1,0.4,20,False
1,1,0.4,11,False
10,0,-0.30000000000000004,0,False
52,1,0.4,62,False
0,3,0.4,1,False
12,3,0.4,13,False
1,1,0.4,11,False
0,0,-0.30000000000000004,0,False
11,0,-2.0,11,False
20,3,0.4,21,False
0,3,0.4,1,False
3,3,0.4,4,False
89,1,20.0,99,True
21,1,-2.0,21,False
34,3,0.4,35,False
20,1,0.4,30,False
89,1,20.0,99,True
89,1,20.0,99,True
41,3,0.4,42,False
32,1,0.4,42,False
13,3,0.4,14,False
42,1,0.4,52,False
23,0,-1.3,13,False
20,2,-0.30000000000000004,20,False
0,3,0.4,1,False
31,2,-3.0,31,False
24,2,-0.30000000000000004,23,False
1,3,0.4,2,False
23,1,0.4,33,False
49,2,-0.30000000000000004,48,False
10,1,0.4,20,False
22,3,0.4,23,False
51,2,-0.30000000000000004,50,False
10,1,0.4,20,False
0,0,-0.30000000000000004,0,False
0,1,0.4,10,False
12,2,-0.30000000000000004,11,False
89,1,20.0,99,True
0,0,-0.30000000000000004,0,False
0,0,-0.30000000000000004,0,False
10,1,0.4,20,False
0,1,0.4,10,False
20,1,0.4,30,False
84,1,0.4,94,False
2,0,-0.30000000000000004,2,False
0,3,0.4,1,False
43,3,0.4,44,False
89,1,20.0,99,True
0,2,-0.30000000000000004,0,False
0,2,-0.30000000000000004,0,False
22,3,0.4,23,False
1,3,-2.0,1,False
11,3,0.4,12,False
10,3,0.4,11,False
10,0,-0.30000000000000004,0,False
74,0,-0.30000000000000004,64,False
41,1,0.4,51,False
41,0,-0.30000000000000004,31,False
21,0,-0.30000000000000004,11,False
12,2,-1.3,11,False
10,1,0.4,20,False
0,1,-2.0,0,False
0,3,0.4,1,False
2,1,0.4,12,False
3,1,0.4,13,False
89,1,20.0,99,True
0,2,-0.30000000000000004,0,False
5,1,0.4,15,False
22,2,-0.30000000000000004,21,False
3,2,-0.30000000000000004,2,False
0,1,0.4,10,False
12,1,0.4,22,False
23,0,-1.3,13,False
2,0,-0.30000000000000004,2,False
0,2,-0.30000000000000004,0,False
1,1,-2.0,1,False
12,3,-2.0,12,False
12,2,-0.30000000000000004,11,False
10,3,0.4,11,False
31,3,0.4,32,False
89,1,20.0,99,True
0,1,0.4,10,False
1,1,0.4,11,False
40,2,-0.30000000000000004,40,False
23,0,-0.30000000000000004,13,False
2,2,-0.30000000000000004,1,False
1,1,0.4,11,False
20,0,-0.30000000000000004,10,False
11,3,0.4,12,False
0,3,0.4,1,False
15,1,0.4,25,False
22,3,0.4,23,False
30,0,-1.3,20,False
63,3,0.4,64,False
0,3,0.4,1,False
10,3,0.4,11,False
89,1,20.0,99,True
26,0,-0.30000000000000004,16,False
75,1,0.4,85,False
34,1,-3.0,34,False
1,3,0.4,2,False
11,1,0.4,21,False
11,3,0.4,12,False
15,3,0.4,16,False
1,1,0.4,11,False
0,1,0.4,10,False
89,1,20.0,99,True
12,3,0.4,13,False
41,0,-1.3,31,False
2,0,-0.30000000000000004,2,False
98,3,20.0,99,True
55,1,-0.6,65,False
2,0,-0.30000000000000004,2,False
14,2,-0.30000000000000004,13,False
11,3,0.4,12,False
1,3,0.4,2,False
12,1,0.4,22,False
15,3,-2.0,15,False
0,3,-2.0,0,False
0,3,0.4,1,False
24,0,-1.3,14,False
11,3,0.4,12,False
0,0,-0.30000000000000004,0,False
12,3,0.4,13,False
0,1,-2.0,0,False
35,1,0.4,45,False
52,3,0.4,53,False
15,1,0.4,25,False
2,2,-0.30000000000000004,1,False
51,3,-2.0,51,False
0,3,0.4,1,False
51,3,0.4,52,False
5,3,0.4,6,False
1,3,0.4,2,False
0,1,0.4,10,False
21,0,-0.30000000000000004,11,False
10,1,0.4,20,False
12,1,-2.0,12,False
10,3,0.4,11,False
42,0,-0.30000000000000004,32,False
11,1,0.4,21,False
40,3,0.4,41,False
21,1,0.4,31,False
41,3,0.4,42,False
33,3,0.4,34,False
12,3,-2.0,12,False
31,1,0.4,41,False
20,3,0.4,21,False
11,1,0.4,21,False
19,1,0.4,29,False
51,3,-0.6,52,False
32,3,0.4,33,False
89,1,20.0,99,True
53,2,-1.3,52,False
11,3,0.4,12,False
23,3,-2.0,23,False
10,3,0.4,11,False
11,2,-0.30000000000000004,10,False
2,0,-0.30000000000000004,2,False
21,2,-2.0,21,False
11,3,0.4,12,False
10,3,0.4,11,False
20,1,0.4,30,False
22,1,0.4,32,False
23,3,0.4,24,False
11,3,-2.0,11,False
11,3,0.4,12,False
0,0,-0.30000000000000004,0,False
0,1,0.4,10,False
2,1,0.4,12,False
22,1,0.4,32,False
21,2,-0.30000000000000004,20,False
0,2,-0.30000000000000004,0,False
30,3,0.4,31,False
30,3,0.4,31,False
89,1,20.0,99,True
34,1,0.4,44,False
89,1,20.0,99,True
20,3,0.4,21,False
11,3,0.4,12,False
10,3,0.4,11,False
10,3,0.4,11,False
21,2,-0.30000000000000004,20,False
31,1,0.4,41,False
0,1,0.4,10,False
11,1,0.4,21,False
51,3,0.4,52,False
89,1,20.0,99,True
1,1,0.4,11,False
11,3,-2.0,11,False
66,1,0.4,76,False
2,3,0.4,3,False
0,0,-0.30000000000000004,0,False
23,3,0.4,24,False
0,0,-0.30000000000000004,0,False
89,1,20.0,99,True
25,1,0.4,35,False
35,3,0.4,36,False
11,1,0.4,21,False
24,2,-3.0,24,False
20,3,0.4,21,False
16,1,-2.0,16,False
0,3,0.4,1,False
0,3,0.4,1,False
31,0,-0.30000000000000004,21,False
2,0,-0.30000000000000004,2,False
12,3,0.4,13,False
12,3,0.4,13,False
15,1,0.4,25,False
10,3,0.4,11,False
88,1,0.4,98,False
11,3,0.4,12,False
1,3,0.4,2,False
11,2,-2.0,11,False
10,1,0.4,20,False
10,3,-2.0,10,False
23,1,0.4,33,False
32,1,0.4,42,False
13,2,-0.30000000000000004,12,False
1,3,0.4,2,False
61,3,0.4,62,False
58,3,-0.6,59,False
1,1,0.4,11,False
3,0,-0.30000000000000004,3,False
0,0,-0.30000000000000004,0,False
31,2,-1.3,30,False
0,0,-0.30000000000000004,0,False
0,1,0.4,10,False
0,2,-0.30000000000000004,0,False
30,1,0.4,40,False
30,2,-0.30000000000000004,30,False
10,3,0.4,11,False
41,2,-0.30000000000000004,40,False
20,2,-0.30000000000000004,20,False
0,0,-0.30000000000000004,0,False
2,3,0.4,3,False
0,1,0.4,10,False
89,1,20.0,99,True
10,3,-2.0,10,False
31,3,0.4,32,False
2,0,-0.30000000000000004,2,False
53,1,0.4,63,False
0,1,0.4,10,False
89,1,20.0,99,True
89,1,20.0,99,True
1,1,0.4,11,False
10,3,0.4,11,False
15,1,0.4,25,False
89,1,20.0,99,True
41,2,-0.30000000000000004,40,False
41,2,-0.30000000000000004,40,False
0,3,0.4,1,False
1,1,0.4,11,False
98,3,20.0,99,True
42,3,0.4,43,False
89,1,20.0,99,True
43,2,-1.3,42,False
73,2,-1.3,72,False
98,3,20.0,99,True
2,3,0.4,3,False
0,3,0.4,1,False
22,3,-2.0,22,False
20,1,0.4,30,False
12,1,0.4,22,False
89,1,20.0,99,True
50,1,0.4,60,False
20,3,0.4,21,False
14,3,0.4,15,False
14,3,-2.0,14,False
23,1,-2.0,23,False
31,3,0.4,32,False
89,1,20.0,99,True
21,1,0.4,31,False
0,3,0.4,1,False
0,2,-0.30000000000000004,0,False
43,3,0.4,44,False
98,3,20.0,99,True
0,1,0.4,10,False
1,1,0.4,11,False
12,0,-3.0,12,False
10,1,0.4,20,False
22,3,0.4,23,False
20,2,-0.30000000000000004,20,False
1,1,0.4,11,False
15,2,-1.3,14,False
53,1,0.4,63,False
10,1,0.4,20,False
21,2,-0.30000000000000004,20,False
2,3,0.4,3,False
4,1,-3.0,4,False
0,2,-0.30000000000000004,0,False
30,2,-1.3,30,False
83,3,0.4,84,False
0,1,0.4,10,False
20,2,-0.30000000000000004,20,False
0,1,0.4,10,False
14,3,0.4,15,False
1,1,0.4,11,False
63,3,0.4,64,False
10,3,0.4,11,False
10,3,-2.0,10,False
32,2,-0.30000000000000004,31,False
20,2,-0.30000000000000004,20,False
10,3,0.4,11,False
1,3,-2.0,1,False
30,0,-0.30000000000000004,20,False
14,1,0.4,24,False
0,3,-2.0,0,False
0,3,-2.0,0,False
0,1,-2.0,0,False
12,0,-0.30000000000000004,2,False
0,3,0.4,1,False
30,2,-0.30000000000000004,30,False
22,2,-0.30000000000000004,21,False
12,0,-0.30000000000000004,2,False
12,2,-0.30000000000000004,11,False
53,1,0.4,63,False
21,3,0.4,22,False
23,3,0.4,24,False
89,1,20.0,99,True
89,1,20.0,99,True
2,2,-0.30000000000000004,1,False
14,1,-2.0,14,False
65,1,0.4,75,False
36,1,0.4,46,False
21,3,0.4,22,False
2,1,0.4,12,False
89,1,20.0,99,True
10,3,-2.0,10,False
0,0,-0.30000000000000004,0,False
98,3,20.0,99,True
22,0,-2.0,22,False
10,0,-0.30000000000000004,0,False
10,3,-2.0,10,False
1,1,0.4,11,False
32,1,0.4,42,False
12,2,-0.30000000000000004,11,False
1,0,-0.30000000000000004,1,False
2,3,0.4,3,False
98,3,20.0,99,True
1,0,-0.30000000000000004,1,False
89,1,20.0,99,True
13,2,-0.30000000000000004,12,False
0,0,-0.30000000000000004,0,False
11,3,0.4,12,False
40,3,0.4,41,False
89,1,20.0,99,True
3,2,-0.30000000000000004,2,False
98,3,20.0,99,True
20,1,0.4,30,False
10,2,-1.3,10,False
89,1,20.0,99,True
10,1,-2.0,10,False
0,3,0.4,1,False
0,3,0.4,1,False
20,1,0.4,30,False
0,1,0.4,10,False
0,3,0.4,1,False
10,2,-0.30000000000000004,10,False
20,1,0.4,30,False
72,3,-3.0,72,False
30,3,0.4,31,False
11,2,-0.30000000000000004,10,False
10,1,0.4,20,False
0,3,-2.0,0,False
24,3,0.4,25,False
30,3,0.4,31,False
12,3,0.4,13,False
3,1,0.4,13,False
20,3,0.4,21,False
1,3,0.4,2,False
13,1,0.4,23,False
98,3,20.0,99,True
20,1,0.4,30,False
0,3,0.4,1,False
41,1,-3.0,41,False
30,1,0.4,40,False
13,1,0.4,23,False
12,3,0.4,13,False
1,3,0.4,2,False
0,3,0.4,1,False
41,3,-0.6,42,False
10,3,0.4,11,False
21,2,-0.30000000000000004,20,False
10,2,-0.30000000000000004,10,False
20,3,0.4,21,False
10,1,0.4,20,False
0,2,-0.30000000000000004,0,False
0,3,0.4,1,False
32,2,-0.30000000000000004,31,False
32,0,-0.30000000000000004,22,False
0,3,0.4,1,False
43,3,0.4,44,False
24,0,-0.30000000000000004,14,False
33,1,0.4,43,False
13,3,0.4,14,False
40,2,-0.30000000000000004,40,False
13,0,-0.30000000000000004,3,False
21,3,0.4,22,False
10,1,-2.0,10,False
43,0,-0.30000000000000004,33,False
13,0,-0.30000000000000004,3,False
11,0,-0.30000000000000004,1,False
33,1,0.4,43,False
43,3,0.4,44,False
21,3,0.4,22,False
35,1,0.4,45,False
11,1,0.4,21,False
89,1,20.0,99,True
12,1,0.4,22,False
89,1,20.0,99,True
40,3,0.4,41,False
10,0,-0.30000000000000004,0,False
13,1,-0.6,23,False
45,2,-1.3,44,False
65,0,-1.3,55,False
2,1,0.4,12,False
35,1,0.4,45,False
2,2,-0.30000000000000004,1,False
21,3,-0.6,22,False
1,0,-0.30000000000000004,1,False
89,1,20.0,99,True
22,3,0.4,23,False
0,1,0.4,10,False
0,2,-0.30000000000000004,0,False
33,1,0.4,43,False
53,1,-2.0,53,False
20,2,-0.30000000000000004,20,False
30,2,-0.30000000000000004,30,False
20,3,0.4,21,False
21,2,-0.30000000000000004,20,False
10,3,0.4,11,False
22,1,0.4,32,False
0,1,0.4,10,False
11,1,0.4,21,False
10,1,0.4,20,False
22,3,0.4,23,False
1,3,0.4,2,False
1,1,0.4,11,False
0,2,-0.30000000000000004,0,False
43,3,-3.0,43,False
10,3,0.4,11,False
4,0,-0.30000000000000004,4,False
20,1,0.4,30,False
21,3,0.4,22,False
12,3,0.4,13,False
11,3,0.4,12,False
31,3,0.4,32,False
4,1,0.4,14,False
31,1,0.4,41,False
12,3,0.4,13,False
22,3,0.4,23,False
20,1,-2.0,20,False
34,1,0.4,44,False
52,1,0.4,62,False
31,3,0.4,32,False
12,3,0.4,13,False
31,3,0.4,32,False
0,1,-2.0,0,False
11,0,-0.30000000000000004,1,False
98,3,20.0,99,True
0,0,-0.30000000000000004,0,False
89,1,20.0,99,True
2,0,-0.30000000000000004,2,False
89,1,20.0,99,True
0,2,-0.30000000000000004,0,False
0,2,-0.30000000000000004,0,False
11,0,-0.30000000000000004,1,False
0,0,-0.30000000000000004,0,False
55,3,0.4,56,False
10,1,0.4,20,False
30,3,0.4,31,False
10,0,-0.30000000000000004,0,False
23,2,-0.30000000000000004,22,False
10,3,0.4,11,False
89,1,20.0,99,True
0,2,-0.30000000000000004,0,False
10,2,-0.30000000000000004,10,False
12,1,0.4,22,False
1,2,-0.30000000000000004,0,False
10,0,-0.30000000000000004,0,False
21,2,-0.30000000000000004,20,False
40,0,-0.30000000000000004,30,False
32,2,-0.30000000000000004,31,False
89,1,20.0,99,True
10,0,-0.30000000000000004,0,False
22,1,0.4,32,False
89,1,20.0,99,True
1,1,0.4,11,False
0,3,0.4,1,False
20,0,-0.30000000000000004,10,False
0,3,0.4,1,False
0,0,-0.30000000000000004,0,False
0,1,0.4,10,False
30,3,0.4,31,False
50,2,-0.30000000000000004,50,False
54,0,-1.3,44,False
10,3,0.4,11,False
11,1,0.4,21,False
1,1,0.4,11,False
24,3,0.4,25,False
0,1,0.4,10,False
10,3,0.4,11,False
0,3,-2.0,0,False
89,1,20.0,99,True
10,3,0.4,11,False
3,3,0.4,4,False
33,1,0.4,43,False
0,0,-0.30000000000000004,0,False
50,2,-0.30000000000000004,50,False
23,3,0.4,24,False
0,1,0.4,10,False
22,1,0.4,32,False
10,1,0.4,20,False
1,1,0.4,11,False
0,3,0.4,1,False
0,1,0.4,10,False
2,3,0.4,3,False
63,1,0.4,73,False
4,2,-0.30000000000000004,3,False
42,3,0.4,43,False
11,2,-0.30000000000000004,10,False
2,0,-0.30000000000000004,2,False
22,3,0.4,23,False
1,3,0.4,2,False
10,1,0.4,20,False
44,3,-2.0,44,False
21,1,0.4,31,False
15,3,0.4,16,False
1,0,-0.30000000000000004,1,False
0,0,-0.30000000000000004,0,False
33,1,0.4,43,False
11,3,0.4,12,False
21,3,-2.0,21,False
24,1,0.4,34,False
2,1,0.4,12,False
34,0,-2.0,34,False
0,0,-0.30000000000000004,0,False
22,3,0.4,23,False
23,0,-2.0,23,False
1,3,0.4,2,False
32,2,-0.30000000000000004,31,False
22,0,-2.0,22,False
42,0,-1.3,32,False
0,3,0.4,1,False
10,1,0.4,20,False
0,1,0.4,10,False
33,1,0.4,43,False
13,1,-0.6,23,False
1,1,0.4,11,False
30,0,-0.30000000000000004,20,False
1,0,-0.30000000000000004,1,False
41,0,-0.30000000000000004,31,False
20,2,-0.30000000000000004,20,False
20,1,0.4,30,False
30,1,0.4,40,False
0,2,-0.30000000000000004,0,False
1,3,0.4,2,False
21,3,0.4,22,False
1,1,0.4,11,False
41,1,0.4,51,False
11,2,-0.30000000000000004,10,False
25,0,-0.30000000000000004,15,False
13,1,0.4,23,False
3,3,0.4,4,False
22,1,0.4,32,False
1,2,-0.30000000000000004,0,False
20,3,0.4,21,False
1,1,0.4,11,False
0,3,0.4,1,False
1,3,0.4,2,False
0,1,0.4,10,False
89,1,20.0,99,True
21,1,0.4,31,False
39,1,0.4,49,False
0,2,-0.30000000000000004,0,False
89,1,20.0,99,True
2,1,0.4,12,False
0,1,-2.0,0,False
1,3,0.4,2,False
1,3,0.4,2,False
89,1,20.0,99,True
89,1,20.0,99,True
0,0,-0.30000000000000004,0,False
20,1,-0.6,30,False
1,1,0.4,11,False
20,3,0.4,21,False
9,1,0.4,19,False
37,3,0.4,38,False
23,3,0.4,24,False
30,3,0.4,31,False
10,3,0.4,11,False
1,2,-0.30000000000000004,0,False
32,1,0.4,42,False
1,1,0.4,11,False
30,0,-0.30000000000000004,20,False
2,1,0.4,12,False
0,0,-0.30000000000000004,0,False
24,3,0.4,25,False
30,0,-0.30000000000000004,20,False
94,3,0.4,95,False
98,3,20.0,99,True
20,3,0.4,21,False
1,0,-0.30000000000000004,1,False
0,1,0.4,10,False
0,1,-2.0,0,False
3,2,-0.30000000000000004,2,False
1,3,0.4,2,False
0,2,-0.30000000000000004,0,False
32,3,0.4,33,False
32,1,0.4,42,False
10,2,-0.30000000000000004,10,False
24,1,-2.0,24,False
33,3,0.4,34,False
24,3,0.4,25,False
8,1,0.4,18,False
0,3,0.4,1,False
10,1,0.4,20,False
89,1,20.0,99,True
20,1,0.4,30,False
31,3,-2.0,31,False
50,2,-1.3,50,False
0,1,0.4,10,False
1,1,0.4,11,False
11,1,0.4,21,False
1,1,0.4,11,False
0,0,-0.30000000000000004,0,False
32,0,-0.30000000000000004,22,False
23,0,-2.0,23,False
1,1,0.4,11,False
1,0,-0.30000000000000004,1,False
3,3,0.4,4,False
48,2,-1.3,47,False
2,1,-2.0,2,False
10,3,0.4,11,False
98,3,20.0,99,True
3,3,-2.0,3,False
13,3,0.4,14,False
42,1,0.4,52,False
10,1,0.4,20,False
31,0,-0.30000000000000004,21,False
13,3,0.4,14,False
13,3,0.4,14,False
14,1,0.4,24,False
23,1,0.4,33,False
20,3,0.4,21,False
11,2,-0.30000000000000004,10,False
10,3,0.4,11,False
20,0,-0.30000000000000004,10,False
2,1,0.4,12,False
31,3,-3.0,31,False
89,1,20.0,99,True
22,1,0.4,32,False
40,1,-2.0,40,False
20,0,-0.30000000000000004,10,False
10,3,0.4,11,False
10,3,0.4,11,False
0,3,0.4,1,False
11,0,-0.30000000000000004,1,False
98,3,20.0,99,True
32,1,0.4,42,False
1,1,0.4,11,False
40,1,0.4,50,False
41,1,0.4,51,False
0,0,-0.30000000000000004,0,False
30,0,-0.30000000000000004,20,False
12,1,-2.0,12,False
12,2,-0.30000000000000004,11,False
23,1,0.4,33,False
11,0,-0.30000000000000004,1,False
89,1,20.0,99,True
10,1,0.4,20,False
2,1,0.4,12,False
61,1,0.4,71,False
0,1,-2.0,0,False
41,1,0.4,51,False
11,3,-2.0,11,False
21,2,-0.30000000000000004,20,False
0,1,0.4,10,False
16,3,0.4,17,False
3,3,0.4,4,False
95,0,-0.30000000000000004,85,False
33,3,0.4,34,False
21,0,-0.30000000000000004,11,False
1,3,0.4,2,False
33,3,0.4,34,False
3,1,-2.0,3,False
89,1,20.0,99,True
22,0,-0.30000000000000004,12,False
53,1,0.4,63,False
89,1,20.0,99,True
21,1,0.4,31,False
89,1,20.0,99,True
23,3,0.4,24,False
10,3,0.4,11,False
12,1,0.4,22,False
33,1,0.4,43,False
33,1,-2.0,33,False
54,1,0.4,64,False
21,1,-0.6,31,False
15,1,0.4,25,False
32,3,0.4,33,False
20,3,0.4,21,False
12,1,-2.0,12,False
13,1,0.4,23,False
12,1,-2.0,12,False
10,3,-2.0,10,False
40,1,0.4,50,False
42,3,0.4,43,False
0,1,0.4,10,False
20,3,0.4,21,False
41,1,-2.0,41,False
1,3,0.4,2,False
21,1,0.4,31,False
0,1,0.4,10,False
11,1,0.4,21,False
1,1,0.4,11,False
11,1,0.4,21,False
1,3,0.4,2,False
1,2,-0.30000000000000004,0,False
0,3,0.4,1,False
41,2,-0.30000000000000004,40,False
2,0,-0.30000000000000004,2,False
33,1,0.4,43,False
2,1,0.4,12,False
32,1,0.4,42,False
11,3,0.4,12,False
12,0,-0.30000000000000004,2,False
45,2,-1.3,44,False
21,2,-0.30000000000000004,20,False
41,3,0.4,42,False
60,1,0.4,70,False
26,3,-2.0,26,False
21,3,0.4,22,False
11,2,-0.30000000000000004,10,False
98,3,20.0,99,True
41,3,0.4,42,False
72,1,0.4,82,False
21,3,0.4,22,False
89,1,20.0,99,True
0,2,-0.30000000000000004,0,False
0,3,0.4,1,False
89,1,20.0,99,True
2,1,0.4,12,False
0,0,-0.30000000000000004,0,False
11,3,0.4,12,False
89,1,20.0,99,True
0,0,-0.30000000000000004,0,False
11,3,-2.0,11,False
0,1,0.4,10,False
0,1,0.4,10,False
89,1,20.0,99,True
1,1,0.4,11,False
23,2,-0.30000000000000004,22,False
12,3,0.4,13,False
13,3,0.4,14,False
12,1,-2.0,12,False
0,1,-2.0,0,False
89,1,20.0,99,True
11,3,0.4,12,False
30,2,-0.30000000000000004,30,False
1,1,0.4,11,False
10,1,0.4,20,False
40,1,-2.0,40,False
14,3,0.4,15,False
21,0,-0.30000000000000004,11,False
10,2,-0.30000000000000004,10,False
20,0,-0.30000000000000004,10,False
12,3,-2.0,12,False
14,1,0.4,24,False
20,3,-0.6,21,False
33,3,0.4,34,False
30,3,0.4,31,False
23,3,0.4,24,False
10,1,0.4,20,False
0,3,0.4,1,False
11,3,0.4,12,False
0,3,-2.0,0,False
11,1,0.4,21,False
1,2,-0.30000000000000004,0,False
22,0,-0.30000000000000004,12,False
3,1,0.4,13,False
33,3,0.4,34,False
10,3,0.4,11,False
1,0,-0.30000000000000004,1,False
2,3,0.4,3,False
32,2,-0.30000000000000004,31,False
31,1,0.4,41,False
0,3,0.4,1,False
1,0,-0.30000000000000004,1,False
33,1,-2.0,33,False
21,0,-0.30000000000000004,11,False
2,2,-0.30000000000000004,1,False
53,2,-1.3,52,False
12,0,-0.30000000000000004,2,False
2,1,0.4,12,False
2,1,0.4,12,False
10,3,0.4,11,False
10,1,0.4,20,False
34,1,-2.0,34,False
24,1,0.4,34,False
89,1,20.0,99,True
0,1,0.4,10,False
21,0,-0.30000000000000004,11,False
98,3,20.0,99,True
20,2,-0.30000000000000004,20,False
89,1,20.0,99,True
22,1,0.4,32,False
89,1,20.0,99,True
0,0,-0.30000000000000004,0,False
2,0,-0.30000000000000004,2,False
50,0,-1.3,40,False
98,3,20.0,99,True
98,3,20.0,99,True
11,1,0.4,21,False
11,0,-0.30000000000000004,1,False
89,1,20.0,99,True
89,1,20.0,99,True
36,1,-3.0,36,False
11,3,0.4,12,False
10,1,0.4,20,False
0,3,0.4,1,False
41,1,-0.6,51,False
11,3,0.4,12,False
42,1,0.4,52,False
12,0,-0.30000000000000004,2,False
10,2,-0.30000000000000004,10,False
12,1,0.4,22,False
20,3,0.4,21,False
0,1,0.4,10,False
13,2,-0.30000000000000004,12,False
45,1,0.4,55,False
34,0,-0.30000000000000004,24,False
0,3,0.4,1,False
44,1,0.4,54,False
0,3,0.4,1,False
36,1,0.4,46,False
0,3,0.4,1,False
0,1,0.4,10,False
11,3,0.4,12,False
10,3,0.4,11,False
63,3,0.4,64,False
89,1,20.0,99,True
89,1,20.0,99,True
11,2,-2.0,11,False
23,2,-0.30000000000000004,22,False
20,3,0.4,21,False
0,2,-0.30000000000000004,0,False
3,0,-0.30000000000000004,3,False
11,1,0.4,21,False
12,3,0.4,13,False
50,1,0.4,60,False
0,3,0.4,1,False
0,3,0.4,1,False
0,3,0.4,1,False
13,1,0.4,23,False
11,3,0.4,12,False
24,0,-0.30000000000000004,14,False
2,1,0.4,12,False
0,1,0.4,10,False
6,1,-0.6,16,False
3,3,0.4,4,False
20,1,-2.0,20,False
25,3,0.4,26,False
0,3,-2.0,0,False
0,0,-0.30000000000000004,0,False
11,1,0.4,21,False
3,1,0.4,13,False
34,2,-0.30000000000000004,33,False
21,3,0.4,22,False
52,3,0.4,53,False
89,1,20.0,99,True
44,1,0.4,54,False
39,2,-0.30000000000000004,38,False
21,0,-0.30000000000000004,11,False
10,1,0.4,20,False
0,0,-0.30000000000000004,0,False
11,1,0.4,21,False
0,2,-0.30000000000000004,0,False
25,2,-0.30000000000000004,24,False
0,3,0.4,1,False
0,1,0.4,10,False
51,2,-0.30000000000000004,50,False
0,1,-2.0,0,False
0,3,0.4,1,False
20,1,0.4,30,False
22,3,0.4,23,False
22,1,-3.0,22,False
33,2,-0.30000000000000004,32,False
10,3,0.4,11,False
0,0,-0.30000000000000004,0,False
44,3,0.4,45,False
17,3,0.4,18,False
0,1,0.4,10,False
12,3,0.4,13,False
1,3,-2.0,1,False
0,0,-0.30000000000000004,0,False
20,0,-0.30000000000000004,10,False
10,1,0.4,20,False
0,1,0.4,10,False
11,1,0.4,21,False
12,3,0.4,13,False
22,1,0.4,32,False
1,3,0.4,2,False
0,3,0.4,1,False
3,0,-0.30000000000000004,3,False
1,1,-2.0,1,False
21,3,0.4,22,False
1,1,0.4,11,False
44,2,-1.3,43,False
41,1,0.4,51,False
0,3,0.4,1,False
89,1,20.0,99,True
0,3,0.4,1,False
22,1,0.4,32,False
54,1,0.4,64,False
2,3,0.4,3,False
0,1,0.4,10,False
54,3,-3.0,54,False
2,3,0.4,3,False
1,1,0.4,11,False
56,3,0.4,57,False
10,3,0.4,11,False
89,1,20.0,99,True
13,3,0.4,14,False
11,1,0.4,21,False
31,2,-0.30000000000000004,30,False
11,2,-0.30000000000000004,10,False
1,1,0.4,11,False
33,1,0.4,43,False
98,3,20.0,99,True
24,3,-3.0,24,False
2,3,0.4,3,False
40,1,-2.0,40,False
89,1,20.0,99,True
31,3,0.4,32,False
0,1,-2.0,0,False
2,3,0.4,3,False
98,3,20.0,99,True
98,3,20.0,99,True
10,3,-2.0,10,False
2,3,0.4,3,False
39,1,0.4,49,False
2,2,-0.30000000000000004,1,False
34,1,0.4,44,False
15,1,0.4,25,False
11,2,-0.30000000000000004,10,False
33,3,0.4,34,False
1,3,0.4,2,False
12,3,0.4,13,False
1,1,0.4,11,False
0,0,-0.30000000000000004,0,False
1,3,0.4,2,False
22,1,-2.0,22,False
0,3,0.4,1,False
22,1,0.4,32,False
0,1,0.4,10,False
11,0,-0.30000000000000004,1,False
89,1,20.0,99,True
10,1,0.4,20,False
53,1,0.4,63,False
40,3,0.4,41,False
31,1,-3.0,31,False
23,3,0.4,24,False
1,1,0.4,11,False
43,1,0.4,53,False
89,1,20.0,99,True
0,1,0.4,10,False
31,3,0.4,32,False
1,1,0.4,11,False
89,1,20.0,99,True
12,3,0.4,13,False
22,2,-2.0,22,False
11,3,-2.0,11,False
22,2,-0.30000000000000004,21,False
14,1,0.4,24,False
1,0,-0.30000000000000004,1,False
3,3,0.4,4,False
15,1,0.4,25,False
44,2,-1.3,43,False
20,1,0.4,30,False
20,3,0.4,21,False
89,1,20.0,99,True
0,3,0.4,1,False
20,2,-0.30000000000000004,20,False
0,0,-0.30000000000000004,0,False
3,1,0.4,13,False
0,2,-0.30000000000000004,0,False
1,1,0.4,11,False
13,1,-2.0,13,False
3,2,-1.3,2,False
72,0,-1.3,62,False
40,3,0.4,41,False
33,3,0.4,34,False
0,2,-0.30000000000000004,0,False
12,1,-0.6,22,False
60,3,0.4,61,False
1,1,0.4,11,False
65,1,0.4,75,False
10,2,-0.30000000000000004,10,False
21,0,-0.30000000000000004,11,False
22,3,0.4,23,False
10,3,0.4,11,False
0,1,0.4,10,False
89,1,20.0,99,True
89,1,20.0,99,True
20,2,-0.30000000000000004,20,False
0,0,-0.30000000000000004,0,False
12,3,-2.0,12,False
14,1,0.4,24,False
98,3,20.0,99,True
63,1,0.4,73,False
10,0,-0.30000000000000004,0,False
24,3,0.4,25,False
34,0,-0.30000000000000004,24,False
71,3,0.4,72,False
89,1,20.0,99,True
98,3,20.0,99,True
12,3,0.4,13,False
0,3,0.4,1,False
0,1,0.4,10,False
45,1,0.4,55,False
2,0,-0.30000000000000004,2,False
0,1,0.4,10,False
20,1,0.4,30,False
30,3,0.4,31,False
0,2,-0.30000000000000004,0,False
2,0,-0.30000000000000004,2,False
21,3,0.4,22,False
30,2,-0.30000000000000004,30,False
12,3,0.4,13,False
12,3,0.4,13,False
21,1,0.4,31,False
1,1,-2.0,1,False
13,3,0.4,14,False
22,1,0.4,32,False
23,0,-0.30000000000000004,13,False
1,3,0.4,2,False
10,0,-0.30000000000000004,0,False
2,3,0.4,3,False
30,1,0.4,40,False
43,3,0.4,44,False
41,2,-0.30000000000000004,40,False
35,0,-0.30000000000000004,25,False
13,2,-0.30000000000000004,12,False
0,1,0.4,10,False
40,1,0.4,50,False
20,1,0.4,30,False
0,3,-2.0,0,False
0,2,-0.30000000000000004,0,False
1,3,0.4,2,False
10,3,0.4,11,False
0,0,-0.30000000000000004,0,False
3,1,0.4,13,False
0,0,-0.30000000000000004,0,False
0,1,0.4,10,False
23,3,0.4,24,False
13,1,-2.0,13,False
89,1,20.0,99,True
1,1,-0.6,11,False
55,2,-0.30000000000000004,54,False
98,3,20.0,99,True
10,1,0.4,20,False
33,1,0.4,43,False
51,3,0.4,52,False
0,2,-0.30000000000000004,0,False
0,1,-2.0,0,False
0,1,0.4,10,False
11,3,-0.6,12,False
21,3,0.4,22,False
20,1,0.4,30,False
22,2,-3.0,22,False
10,2,-0.30000000000000004,10,False
30,3,0.4,31,False
54,3,0.4,55,False
1,1,0.4,11,False
30,3,0.4,31,False
31,0,-0.30000000000000004,21,False
6,1,-2.0,6,False
45,3,0.4,46,False
2,3,0.4,3,False
0,1,0.4,10,False
89,1,20.0,99,True
22,2,-0.30000000000000004,21,False
2,1,0.4,12,False
0,2,-0.30000000000000004,0,False
12,1,0.4,22,False
0,3,-2.0,0,False
24,1,0.4,34,False
20,3,-2.0,20,False
72,1,-3.0,72,False
98,3,20.0,99,True
10,2,-0.30000000000000004,10,False
61,1,0.4,71,False
10,3,0.4,11,False
89,1,20.0,99,True
20,3,0.4,21,False
22,3,0.4,23,False
22,3,-0.6,23,False
11,0,-0.30000000000000004,1,False
42,3,-2.0,42,False
34,0,-0.30000000000000004,24,False
24,2,-0.30000000000000004,23,False
0,0,-0.30000000000000004,0,False
34,3,0.4,35,False
11,3,0.4,12,False
0,2,-0.30000000000000004,0,False
42,0,-1.3,32,False
12,1,0.4,22,False
0,1,0.4,10,False
12,1,0.4,22,False
0,3,0.4,1,False
10,3,0.4,11,False
1,1,-2.0,1,False
0,0,-0.30000000000000004,0,False
89,1,20.0,99,True
21,2,-2.0,21,False
89,1,20.0,99,True
2,3,-2.0,2,False
0,1,0.4,10,False
12,1,0.4,22,False
32,3,0.4,33,False
10,2,-0.30000000000000004,10,False
11,1,0.4,21,False
33,3,0.4,34,False
0,3,0.4,1,False
30,0,-0.30000000000000004,20,False
10,1,0.4,20,False
0,1,0.4,10,False
34,3,0.4,35,False
40,1,0.4,50,False
40,1,0.4,50,False
0,2,-0.30000000000000004,0,False
2,1,0.4,12,False
10,1,0.4,20,False
72,3,0.4,73,False
0,2,-0.30000000000000004,0,False
42,0,-0.30000000000000004,32,False
0,2,-0.30000000000000004,0,False
3,1,0.4,13,False
1,1,0.4,11,False
31,0,-0.30000000000000004,21,False
11,0,-1.3,1,False
0,0,-0.30000000000000004,0,False
11,0,-0.30000000000000004,1,False
61,1,0.4,71,False
25,1,-0.6,35,False
21,1,0.4,31,False
12,0,-1.3,2,False
2,1,0.4,12,False
10,1,0.4,20,False
54,0,-1.3,44,False
12,3,0.4,13,False
0,0,-0.30000000000000004,0,False
21,1,0.4,31,False
22,1,0.4,32,False
21,2,-0.30000000000000004,20,False
10,3,0.4,11,False
1,1,0.4,11,False
12,3,0.4,13,False
14,1,0.4,24,False
89,1,20.0,99,True
12,1,0.4,22,False
20,3,0.4,21,False
10,1,0.4,20,False
10,3,0.4,11,False
1,1,-2.0,1,False
44,1,0.4,54,False
22,1,0.4,32,False
0,3,0.4,1,False
10,3,0.4,11,False
11,1,0.4,21,False
10,1,0.4,20,False
0,1,0.4,10,False
2,3,0.4,3,False
23,0,-0.30000000000000004,13,False
13,1,0.4,23,False
1,3,0.4,2,False
52,3,0.4,53,False
24,3,0.4,25,False
1,2,-0.30000000000000004,0,False
1,3,0.4,2,False
1,1,-2.0,1,False
11,3,0.4,12,False
20,1,0.4,30,False
21,3,0.4,22,False
20,1,0.4,30,False
10,1,-2.0,10,False
20,3,0.4,21,False
21,3,0.4,22,False
1,0,-0.30000000000000004,1,False
2,3,0.4,3,False
10,0,-0.30000000000000004,0,False
3,3,0.4,4,False
30,0,-0.30000000000000004,20,False
21,1,0.4,31,False
11,2,-2.0,11,False
4,1,0.4,14,False
13,3,0.4,14,False
18,2,-0.30000000000000004,17,False
42,3,0.4,43,False
0,3,0.4,1,False
0,3,0.4,1,False
40,1,0.4,50,False
25,1,-3.0,25,False
10,1,-2.0,10,False
98,3,20.0,99,True
21,1,0.4,31,False
32,3,0.4,33,False
24,2,-0.30000000000000004,23,False
21,3,0.4,22,False
98,3,20.0,99,True
20,1,-2.0,20,False
20,0,-0.30000000000000004,10,False
1,3,0.4,2,False
1,1,0.4,11,False
1,1,0.4,11,False
34,1,0.4,44,False
98,3,20.0,99,True
0,3,0.4,1,False
2,3,0.4,3,False
0,0,-0.30000000000000004,0,False
0,0,-0.30000000000000004,0,False
89,1,20.0,99,True
14,3,0.4,15,False
0,2,-0.30000000000000004,0,False
1,0,-0.30000000000000004,1,False
10,3,0.4,11,False
52,1,0.4,62,False
10,1,0.4,20,False
1,1,0.4,11,False
1,0,-0.30000000000000004,1,False
0,0,-0.30000000000000004,0,False
0,3,0.4,1,False
22,1,0.4,32,False
20,1,0.4,30,False
2,3,-2.0,2,False
89,1,20.0,99,True
89,1,20.0,99,True
0,0,-0.30000000000000004,0,False
0,3,0.4,1,False
3,3,0.4,4,False
24,1,0.4,34,False
12,3,0.4,13,False
1,1,-2.0,1,False
12,0,-0.30000000000000004,2,False
23,3,0.4,24,False
11,3,0.4,12,False
20,1,0.4,30,False
80,0,-1.3,70,False
1,1,0.4,11,False
2,1,0.4,12,False
10,1,0.4,20,False
12,0,-0.30000000000000004,2,False
42,2,-1.3,41,False
2,3,0.4,3,False
10,0,-0.30000000000000004,0,False
12,1,0.4,22,False
25,0,-1.3,15,False
3,3,0.4,4,False
89,1,20.0,99,True
0,1,0.4,10,False
3,1,0.4,13,False
1,1,-3.0,1,False
11,0,-0.30000000000000004,1,False
12,1,0.4,22,False
0,1,0.4,10,False
13,1,0.4,23,False
3,1,0.4,13,False
1,1,0.4,11,False
11,1,0.4,21,False
0,1,0.4,10,False
0,1,0.4,10,False
12,3,0.4,13,False
31,0,-1.3,21,False
21,0,-2.0,21,False
11,1,-2.0,11,False
2,2,-0.30000000000000004,1,False
20,3,0.4,21,False
32,3,0.4,33,False
21,3,0.4,22,False
21,0,-0.30000000000000004,11,False
50,3,0.4,51,False
89,1,20.0,99,True
12,1,-3.0,12,False
11,2,-0.30000000000000004,10,False
20,3,0.4,21,False
89,1,20.0,99,True
22,3,0.4,23,False
21,3,0.4,22,False
11,1,0.4,21,False
0,1,-2.0,0,False
11,1,-2.0,11,False
0,3,-2.0,0,False
0,0,-0.30000000000000004,0,False
4,3,0.4,5,False
0,0,-0.30000000000000004,0,False
0,3,0.4,1,False
1,1,0.4,11,False
16,1,0.4,26,False
10,3,0.4,11,False
0,2,-0.30000000000000004,0,False
24,3,0.4,25,False
1,3,0.4,2,False
2,0,-1.3,2,False
52,1,0.4,62,False
56,2,-1.3,55,False
12,1,-2.0,12,False
12,3,0.4,13,False
21,2,-0.30000000000000004,20,False
52,1,0.4,62,False
89,1,20.0,99,True
10,1,0.4,20,False
24,3,0.4,25,False
0,0,-0.30000000000000004,0,False
0,3,-2.0,0,False
0,3,0.4,1,False
89,1,20.0,99,True
10,1,0.4,20,False
24,3,0.4,25,False
10,3,0.4,11,False
89,1,20.0,99,True
43,0,-2.0,43,False
13,0,-1.3,3,False
24,0,-3.0,24,False
89,1,20.0,99,True
32,3,0.4,33,False
15,1,0.4,25,False
1,1,0.4,11,False
1,1,0.4,11,False
20,1,0.4,30,False
54,3,0.4,55,False
22,1,0.4,32,False
52,1,0.4,62,False
1,1,0.4,11,False
10,3,0.4,11,False
21,1,0.4,31,False
13,3,-0.6,14,False
10,1,0.4,20,False
3,1,-2.0,3,False
1,3,0.4,2,False
12,1,-0.6,22,False
20,3,0.4,21,False
21,0,-0.30000000000000004,11,False
11,2,-2.0,11,False
45,1,0.4,55,False
41,2,-0.30000000000000004,40,False
32,3,0.4,33,False
2,3,0.4,3,False
50,3,0.4,51,False
0,2,-0.30000000000000004,0,False
31,3,0.4,32,False
40,2,-0.30000000000000004,40,False
98,3,20.0,99,True
20,3,0.4,21,False
13,1,0.4,23,False
3,3,0.4,4,False
2,0,-0.30000000000000004,2,False
10,0,-0.30000000000000004,0,False
12,3,-2.0,12,False
10,2,-0.30000000000000004,10,False
98,3,20.0,99,True
10,1,0.4,20,False
42,2,-0.30000000000000004,41,False
5,0,-1.3,5,False
35,3,0.4,36,False
10,3,-2.0,10,False
0,1,-2.0,0,False
0,1,0.4,10,False
42,3,-3.0,42,False
24,2,-1.3,23,False
12,3,0.4,13,False
89,1,20.0,99,True
21,1,0.4,31,False
10,1,0.4,20,False
10,3,0.4,11,False
40,1,0.4,50,False
0,0,-0.30000000000000004,0,False
13,2,-0.30000000000000004,12,False
10,0,-0.30000000000000004,0,False
89,1,20.0,99,True
10,1,0.4,20,False
89,1,20.0,99,True
98,3,20.0,99,True
89,1,20.0,99,True
15,1,-0.6,25,False
21,0,-0.30000000000000004,11,False
89,1,20.0,99,True
4,0,-0.30000000000000004,4,False
0,1,0.4,10,False
0,1,0.4,10,False
0,1,0.4,10,False
12,3,0.4,13,False
98,3,20.0,99,True
13,3,0.4,14,False
0,0,-0.30000000000000004,0,False
30,1,-2.0,30,False
41,0,-0.30000000000000004,31,False
6,1,0.4,16,False
0,3,0.4,1,False
54,3,0.4,55,False
13,1,-2.0,13,False
22,3,0.4,23,False
13,0,-0.30000000000000004,3,False
89,1,20.0,99,True
0,1,0.4,10,False
31,1,0.4,41,False
20,2,-0.30000000000000004,20,False
22,1,0.4,32,False
43,2,-3.0,43,False
12,0,-0.30000000000000004,2,False
0,1,0.4,10,False
12,3,0.4,13,False
12,3,0.4,13,False
20,3,0.4,21,False
41,1,0.4,51,False
12,1,0.4,22,False
4,0,-0.30000000000000004,4,False
0,0,-0.30000000000000004,0,False
10,0,-0.30000000000000004,0,False
10,2,-0.30000000000000004,10,False
0,3,0.4,1,False
11,2,-0.30000000000000004,10,False
14,3,-3.0,14,False
2,0,-0.30000000000000004,2,False
53,1,0.4,63,False
23,1,0.4,33,False
31,2,-0.30000000000000004,30,False
0,1,0.4,10,False
55,0,-1.3,45,False
10,1,0.4,20,False
98,3,20.0,99,True
10,3,0.4,11,False
20,1,0.4,30,False
12,3,0.4,13,False
22,1,-0.6,32,False
13,3,0.4,14,False
0,1,0.4,10,False
23,3,0.4,24,False
15,2,-0.30000000000000004,14,False
12,3,0.4,13,False
36,3,0.4,37,False
0,3,0.4,1,False
89,1,20.0,99,True
98,3,20.0,99,True
14,0,-0.30000000000000004,4,False
0,0,-0.30000000000000004,0,False
40,1,-2.0,40,False
1,3,0.4,2,False
1,1,0.4,11,False
23,0,-3.0,23,False
13,1,-2.0,13,False
3,1,0.4,13,False
16,0,-0.30000000000000004,6,False
89,1,20.0,99,True
21,2,-0.30000000000000004,20,False
2,3,0.4,3,False
0,3,0.4,1,False
89,1,20.0,99,True
21,3,0.4,22,False
22,3,0.4,23,False
2,1,0.4,12,False
1,0,-0.30000000000000004,1,False
79,1,0.4,89,False
1,3,0.4,2,False
1,1,0.4,11,False
0,2,-0.30000000000000004,0,False
1,3,0.4,2,False
2,3,-0.6,3,False
74,1,0.4,84,False
11,0,-0.30000000000000004,1,False
11,0,-0.30000000000000004,1,False
26,1,0.4,36,False
89,1,20.0,99,True
23,3,-2.0,23,False
0,3,0.4,1,False
32,1,0.4,42,False
10,3,0.4,11,False
12,3,0.4,13,False
24,3,-2.0,24,False
11,3,0.4,12,False
41,1,0.4,51,False
31,1,0.4,41,False
10,3,0.4,11,False
2,1,0.4,12,False
89,1,20.0,99,True
0,3,0.4,1,False
14,1,0.4,24,False
11,2,-0.30000000000000004,10,False
2,3,-2.0,2,False
4,1,0.4,14,False
2,0,-0.30000000000000004,2,False
14,2,-1.3,13,False
21,3,0.4,22,False
0,1,-2.0,0,False
89,1,20.0,99,True
20,0,-0.30000000000000004,10,False
10,3,0.4,11,False
2,3,0.4,3,False
32,2,-0.30000000000000004,31,False
23,0,-0.30000000000000004,13,False
10,1,0.4,20,False
2,0,-0.30000000000000004,2,False
0,1,-2.0,0,False
0,0,-0.30000000000000004,0,False
32,1,0.4,42,False
25,3,0.4,26,False
14,2,-0.30000000000000004,13,False
32,1,0.4,42,False
1,1,-2.0,1,False
21,3,0.4,22,False
0,2,-0.30000000000000004,0,False
35,3,0.4,36,False
1,1,0.4,11,False
34,1,0.4,44,False
30,3,0.4,31,False
34,1,-3.0,34,False
28,3,0.4,29,False
0,1,0.4,10,False
0,1,-2.0,0,False
32,3,0.4,33,False
13,3,-2.0,13,False
16,0,-0.30000000000000004,6,False
1,1,0.4,11,False
21,1,0.4,31,False
3,3,0.4,4,False
89,1,20.0,99,True
2,1,-2.0,2,False
64,3,0.4,65,False
52,2,-0.30000000000000004,51,False
22,0,-0.30000000000000004,12,False
30,2,-0.30000000000000004,30,False
32,3,0.4,33,False
0,2,-0.30000000000000004,0,False
2,0,-0.30000000000000004,2,False
12,1,0.4,22,False
3,1,0.4,13,False
0,1,0.4,10,False
1,1,0.4,11,False
20,1,-2.0,20,False
89,1,20.0,99,True
24,3,0.4,25,False
33,2,-0.30000000000000004,32,False
22,3,0.4,23,False
31,1,0.4,41,False
24,1,0.4,34,False
0,3,0.4,1,False
11,1,0.4,21,False
2,3,0.4,3,False
11,1,0.4,21,False
23,1,0.4,33,False
23,3,0.4,24,False
22,0,-0.30000000000000004,12,False
30,3,-2.0,30,False
0,0,-0.30000000000000004,0,False
1,0,-0.30000000000000004,1,False
98,3,20.0,99,True
2,1,0.4,12,False
21,3,-2.0,21,False
30,3,0.4,31,False
0,3,0.4,1,False
21,3,0.4,22,False
0,3,0.4,1,False
0,1,0.4,10,False
11,3,-2.0,11,False
98,3,20.0,99,True
14,3,0.4,15,False
34,3,0.4,35,False
43,3,0.4,44,False
0,3,0.4,1,False
11,1,-2.0,11,False
89,1,20.0,99,True
2,1,-2.0,2,False
33,3,0.4,34,False
16,1,0.4,26,False
0,3,0.4,1,False
0,2,-0.30000000000000004,0,False
1,1,-2.0,1,False
2,3,0.4,3,False
0,3,-2.0,0,False
45,0,-1.3,35,False
0,0,-0.30000000000000004,0,False
10,0,-0.30000000000000004,0,False
42,1,0.4,52,False
12,1,0.4,22,False
13,3,0.4,14,False
1,2,-0.30000000000000004,0,False
98,3,20.0,99,True
0,0,-0.30000000000000004,0,False
13,1,0.4,23,False
98,3,20.0,99,True
5,3,0.4,6,False
98,3,20.0,99,True
43,3,-3.0,43,False
41,2,-0.30000000000000004,40,False
11,1,0.4,21,False
12,1,0.4,22,False
0,3,0.4,1,False
14,0,-0.30000000000000004,4,False
44,2,-1.3,43,False
1,1,0.4,11,False
12,1,0.4,22,False
10,3,0.4,11,False
32,1,0.4,42,False
1,3,0.4,2,False
70,2,-0.30000000000000004,70,False
89,1,20.0,99,True
34,1,0.4,44,False
15,0,-0.30000000000000004,5,False
89,1,20.0,99,True
10,3,0.4,11,False
32,1,0.4,42,False
33,3,0.4,34,False
31,0,-0.30000000000000004,21,False
0,0,-0.30000000000000004,0,False
23,1,0.4,33,False
20,1,-2.0,20,False
0,3,0.4,1,False
98,3,20.0,99,True
10,3,0.4,11,False
21,0,-0.30000000000000004,11,False
20,2,-0.30000000000000004,20,False
51,0,-0.30000000000000004,41,False
1,1,0.4,11,False
0,3,-2.0,0,False
1,1,0.4,11,False
13,1,0.4,23,False
1,2,-0.30000000000000004,0,False
31,3,0.4,32,False
89,1,20.0,99,True
42,2,-1.3,41,False
0,1,0.4,10,False
3,1,0.4,13,False
20,1,0.4,30,False
53,3,0.4,54,False
23,3,0.4,24,False
33,3,-2.0,33,False
23,1,-2.0,23,False
2,1,-2.0,2,False
0,3,-2.0,0,False
30,0,-0.30000000000000004,20,False
89,1,20.0,99,True
0,3,0.4,1,False
3,3,-2.0,3,False
11,2,-0.30000000000000004,10,False
0,2,-0.30000000000000004,0,False
57,1,0.4,67,False
12,2,-0.30000000000000004,11,False
0,3,0.4,1,False
34,0,-0.30000000000000004,24,False
11,3,0.4,12,False
5,0,-0.30000000000000004,5,False
33,2,-0.30000000000000004,32,False
10,2,-0.30000000000000004,10,False
56,3,0.4,57,False
0,1,-2.0,0,False
33,3,0.4,34,False
3,3,0.4,4,False
53,0,-0.30000000000000004,43,False
36,2,-0.30000000000000004,35,False
25,1,0.4,35,False
11,2,-2.0,11,False
14,3,0.4,15,False
30,3,-0.6,31,False
13,2,-0.30000000000000004,12,False
0,0,-0.30000000000000004,0,False
10,0,-0.30000000000000004,0,False
43,1,0.4,53,False
0,1,0.4,10,False
33,1,-2.0,33,False
11,3,0.4,12,False
30,3,0.4,31,False
1,3,-2.0,1,False
1,1,-2.0,1,False
1,3,0.4,2,False
98,3,20.0,99,True
11,2,-0.30000000000000004,10,False
1,1,-2.0,1,False
22,2,-1.3,21,False
12,2,-0.30000000000000004,11,False
21,0,-0.30000000000000004,11,False
11,3,0.4,12,False
89,1,20.0,99,True
22,3,-2.0,22,False
89,1,20.0,99,True
25,0,-0.30000000000000004,15,False
2,3,0.4,3,False
89,1,20.0,99,True
21,2,-2.0,21,False
43,1,0.4,53,False
11,3,0.4,12,False
2,1,-2.0,2,False
14,3,-3.0,14,False
63,2,-0.30000000000000004,62,False
34,1,0.4,44,False
12,0,-1.3,2,False
23,3,0.4,24,False
21,1,-2.0,21,False
34,1,0.4,44,False
11,3,0.4,12,False
11,2,-0.30000000000000004,10,False
41,0,-0.30000000000000004,31,False
22,1,0.4,32,False
21,1,-0.6,31,False
37,0,-0.30000000000000004,27,False
1,1,0.4,11,False
98,3,20.0,99,True
22,1,0.4,32,False
98,3,20.0,99,True
10,3,0.4,11,False
10,1,0.4,20,False
11,1,0.4,21,False
20,2,-0.30000000000000004,20,False
11,1,0.4,21,False
32,3,-2.0,32,False
0,2,-0.30000000000000004,0,False
0,1,-2.0,0,False
0,2,-0.30000000000000004,0,False
0,0,-0.30000000000000004,0,False
2,0,-0.30000000000000004,2,False
0,2,-0.30000000000000004,0,False
10,1,0.4,20,False
22,1,0.4,32,False
30,1,0.4,40,False
11,3,0.4,12,False
34,1,0.4,44,False
11,3,0.4,12,False
23,2,-0.30000000000000004,22,False
0,3,0.4,1,False
12,1,-2.0,12,False
31,0,-0.30000000000000004,21,False
0,0,-0.30000000000000004,0,False
20,2,-0.30000000000000004,20,False
1,3,0.4,2,False
31,2,-0.30000000000000004,30,False
31,0,-0.30000000000000004,21,False
3,3,0.4,4,False
14,3,0.4,15,False
1,3,0.4,2,False
10,3,0.4,11,False
31,3,0.4,32,False
89,1,20.0,99,True
89,1,20.0,99,True
11,3,0.4,12,False
71,3,0.4,72,False
89,1,20.0,99,True
23,1,0.4,33,False
4,1,0.4,14,False
1,2,-0.30000000000000004,0,False
1,3,-2.0,1,False
10,2,-0.30000000000000004,10,False
11,1,0.4,21,False
20,0,-0.30000000000000004,10,False
24,1,0.4,34,False
34,1,-3.0,34,False
22,2,-0.30000000000000004,21,False
40,3,0.4,41,False
21,0,-0.30000000000000004,11,False
13,0,-0.30000000000000004,3,False
10,0,-0.30000000000000004,0,False
1,1,0.4,11,False
98,3,20.0,99,True
1,3,-2.0,1,False
21,3,0.4,22,False
0,3,0.4,1,False
0,2,-0.30000000000000004,0,False
3,1,-2.0,3,False
10,1,0.4,20,False
10,3,0.4,11,False
10,1,0.4,20,False
0,3,0.4,1,False
13,2,-0.30000000000000004,12,False
1,3,0.4,2,False
0,0,-0.30000000000000004,0,False
20,3,-2.0,20,False
30,0,-0.30000000000000004,20,False
20,1,0.4,30,False
10,1,0.4,20,False
25,1,0.4,35,False
0,1,0.4,10,False
44,2,-1.3,43,False
13,2,-0.30000000000000004,12,False
1,0,-0.30000000000000004,1,False
10,1,0.4,20,False
22,1,0.4,32,False
61,1,0.4,71,False
41,3,-2.0,41,False
0,1,-2.0,0,False
4,0,-0.30000000000000004,4,False
1,1,0.4,11,False
11,3,0.4,12,False
11,3,0.4,12,False
12,0,-0.30000000000000004,2,False
11,2,-0.30000000000000004,10,False
2,1,0.4,12,False
1,0,-0.30000000000000004,1,False
31,0,-1.3,21,False
2,0,-0.30000000000000004,2,False
0,3,-2.0,0,False
0,2,-0.30000000000000004,0,False
89,1,20.0,99,True
41,1,0.4,51,False
1,3,0.4,2,False
11,3,0.4,12,False
54,1,0.4,64,False
89,1,20.0,99,True
1,3,0.4,2,False
0,3,0.4,1,False
0,3,0.4,1,False
0,1,0.4,10,False
42,1,-3.0,42,False
89,1,20.0,99,True
53,1,0.4,63,False
12,2,-0.30000000000000004,11,False
98,3,20.0,99,True
16,2,-1.3,15,False
3,1,0.4,13,False
20,3,-2.0,20,False
0,3,0.4,1,False
23,3,0.4,24,False
23,2,-1.3,22,False
89,1,20.0,99,True
20,1,0.4,30,False
2,2,-0.30000000000000004,1,False
0,1,0.4,10,False
89,1,20.0,99,True
1,1,-2.0,1,False
52,1,0.4,62,False
12,3,0.4,13,False
2,0,-1.3,2,False
30,2,-1.3,30,False
11,0,-0.30000000000000004,1,False
42,3,0.4,43,False
5,1,-0.6,15,False
0,3,0.4,1,False
10,0,-0.30000000000000004,0,False
11,3,0.4,12,False
10,2,-0.30000000000000004,10,False
0,0,-0.30000000000000004,0,False
20,1,-2.0,20,False
2,2,-0.30000000000000004,1,False
1,3,0.4,2,False
1,0,-0.30000000000000004,1,False
11,0,-0.30000000000000004,1,False
27,3,0.4,28,False
0,1,-2.0,0,False
1,1,0.4,11,False
14,2,-1.3,13,False
20,3,0.4,21,False
25,2,-1.3,24,False
23,2,-0.30000000000000004,22,False
12,0,-0.30000000000000004,2,False
0,3,0.4,1,False
13,1,-2.0,13,False
11,0,-0.30000000000000004,1,False
57,2,-1.3,56,False
21,3,0.4,22,False
0,3,0.4,1,False
4,3,0.4,5,False
10,3,0.4,11,False
21,3,0.4,22,False
20,3,0.4,21,False
12,0,-0.30000000000000004,2,False
22,1,0.4,32,False
2,3,0.4,3,False
2,3,0.4,3,False
10,0,-0.30000000000000004,0,False
98,3,20.0,99,True
41,1,0.4,51,False
0,1,0.4,10,False
41,2,-0.30000000000000004,40,False
64,0,-0.30000000000000004,54,False
10,0,-0.30000000000000004,0,False
40,1,-2.0,40,False
89,1,20.0,99,True
0,1,0.4,10,False
22,1,0.4,32,False
1,1,0.4,11,False
1,0,-0.30000000000000004,1,False
10,3,0.4,11,False
1,1,0.4,11,False
10,2,-0.30000000000000004,10,False
98,3,20.0,99,True
53,3,0.4,54,False
23,0,-0.30000000000000004,13,False
14,0,-1.3,4,False
5,3,0.4,6,False
21,0,-2.0,21,False
1,1,0.4,11,False
22,2,-1.3,21,False
11,1,0.4,21,False
0,3,-2.0,0,False
0,2,-0.30000000000000004,0,False
20,2,-0.30000000000000004,20,False
63,0,-1.3,53,False
12,1,0.4,22,False
61,3,0.4,62,False
22,1,0.4,32,False
11,1,0.4,21,False
1,3,0.4,2,False
13,1,0.4,23,False
20,3,0.4,21,False
61,3,0.4,62,False
10,3,0.4,11,False
10,2,-0.30000000000000004,10,False
0,1,-2.0,0,False
10,1,0.4,20,False
22,3,-2.0,22,False
12,2,-0.30000000000000004,11,False
31,3,0.4,32,False
0,1,0.4,10,False
10,1,0.4,20,False
0,1,0.4,10,False
10,3,0.4,11,False
13,3,-0.6,14,False
10,1,-2.0,10,False
0,3,0.4,1,False
21,1,0.4,31,False
0,2,-0.30000000000000004,0,False
11,3,0.4,12,False
10,3,0.4,11,False
12,0,-0.30000000000000004,2,False
12,1,0.4,22,False
14,3,0.4,15,False
0,3,0.4,1,False
20,3,-2.0,20,False
24,3,0.4,25,False
21,3,0.4,22,False
89,1,20.0,99,True
89,1,20.0,99,True
0,3,0.4,1,False
62,0,-2.0,62,False
13,3,0.4,14,False
11,0,-0.30000000000000004,1,False
10,3,0.4,11,False
22,3,0.4,23,False
66,1,-3.0,66,False
12,3,0.4,13,False
0,0,-0.30000000000000004,0,False
34,2,-1.3,33,False
31,1,0.4,41,False
89,1,20.0,99,True
50,3,0.4,51,False
22,3,0.4,23,False
1,1,0.4,11,False
3,3,0.4,4,False
55,1,0.4,65,False
0,1,0.4,10,False
0,1,-2.0,0,False
11,3,0.4,12,False
0,3,-2.0,0,False
31,3,0.4,32,False
1,1,0.4,11,False
32,1,0.4,42,False
2,3,-2.0,2,False
32,3,0.4,33,False
11,1,0.4,21,False
21,0,-0.30000000000000004,11,False
14,3,0.4,15,False
0,3,0.4,1,False
1,1,-2.0,1,False
1,3,0.4,2,False
0,2,-0.30000000000000004,0,False
31,1,0.4,41,False
0,1,0.4,10,False
10,2,-0.30000000000000004,10,False
22,3,0.4,23,False
10,1,0.4,20,False
10,0,-0.30000000000000004,0,False
3,0,-0.30000000000000004,3,False
21,2,-0.30000000000000004,20,False
10,2,-0.30000000000000004,10,False
0,1,0.4,10,False
10,1,-2.0,10,False
10,3,0.4,11,False
89,1,20.0,99,True
1,1,0.4,11,False
42,2,-0.30000000000000004,41,False
21,2,-0.30000000000000004,20,False
0,1,0.4,10,False
12,3,0.4,13,False
1,1,0.4,11,False
15,3,0.4,16,False
0,3,0.4,1,False
0,0,-0.30000000000000004,0,False
98,3,20.0,99,True
12,3,0.4,13,False
14,1,0.4,24,False
2,3,0.4,3,False
89,1,20.0,99,True
10,1,0.4,20,False
10,2,-0.30000000000000004,10,False
0,3,-2.0,0,False
53,3,0.4,54,False
98,3,20.0,99,True
10,2,-0.30000000000000004,10,False
32,1,0.4,42,False
15,3,0.4,16,False
0,3,0.4,1,False
20,2,-0.30000000000000004,20,False
24,2,-1.3,23,False
20,1,-2.0,20,False
0,1,0.4,10,False
11,1,0.4,21,False
42,0,-0.30000000000000004,32,False
2,3,0.4,3,False
12,3,-2.0,12,False
22,1,0.4,32,False
1,3,0.4,2,False
0,1,0.4,10,False
14,3,-0.6,15,False
98,3,20.0,99,True
2,3,0.4,3,False
10,1,0.4,20,False
21,3,0.4,22,False
16,3,0.4,17,False
20,3,0.4,21,False
0,1,0.4,10,False
89,1,20.0,99,True
98,3,20.0,99,True
10,2,-0.30000000000000004,10,False
23,1,-3.0,23,False
11,3,-2.0,11,False
31,1,0.4,41,False
53,1,0.4,63,False
1,1,0.4,11,False
2,1,0.4,12,False
89,1,20.0,99,True
89,1,20.0,99,True
98,3,20.0,99,True
13,1,0.4,23,False
8,1,0.4,18,False
2,1,0.4,12,False
12,1,0.4,22,False
89,1,20.0,99,True
89,1,20.0,99,True
0,2,-0.30000000000000004,0,False
21,2,-0.30000000000000004,20,False
0,0,-0.30000000000000004,0,False
22,1,0.4,32,False
11,3,0.4,12,False
1,1,0.4,11,False
10,1,0.4,20,False
27,3,0.4,28,False
16,1,-3.0,16,False
10,2,-0.30000000000000004,10,False
20,1,0.4,30,False
0,3,0.4,1,False
0,1,0.4,10,False
1,1,0.4,11,False
89,1,20.0,99,True
0,2,-0.30000000000000004,0,False
1,3,0.4,2,False
0,2,-0.30000000000000004,0,False
1,2,-0.30000000000000004,0,False
1,1,0.4,11,False
2,3,0.4,3,False
21,3,0.4,22,False
98,3,20.0,99,True
10,1,0.4,20,False
33,0,-0.30000000000000004,23,False
0,3,0.4,1,False
30,2,-0.30000000000000004,30,False
12,3,0.4,13,False
0,3,0.4,1,False
11,3,0.4,12,False
2,3,-2.0,2,False
12,1,0.4,22,False
1,0,-0.30000000000000004,1,False
4,3,-2.0,4,False
10,2,-0.30000000000000004,10,False
82,1,0.4,92,False
20,1,0.4,30,False
9,3,-1.3,9,False
21,3,0.4,22,False
0,1,0.4,10,False
0,1,0.4,10,False
0,3,0.4,1,False
22,3,-3.0,22,False
0,1,-2.0,0,False
22,3,0.4,23,False
4,3,-0.6,5,False
0,2,-0.30000000000000004,0,False
11,2,-2.0,11,False
10,1,0.4,20,False
0,1,0.4,10,False
2,1,0.4,12,False
33,3,0.4,34,False
0,0,-0.30000000000000004,0,False
0,1,0.4,10,False
0,2,-0.30000000000000004,0,False
79,1,0.4,89,False
10,1,0.4,20,False
12,0,-0.30000000000000004,2,False
98,3,20.0,99,True
0,3,0.4,1,False
11,3,0.4,12,False
12,2,-0.30000000000000004,11,False
51,1,0.4,61,False
12,3,0.4,13,False
51,0,-1.3,41,False
12,3,-3.0,12,False
33,1,0.4,43,False
42,3,0.4,43,False
32,3,0.4,33,False
11,0,-0.30000000000000004,1,False
10,3,0.4,11,False
11,1,0.4,21,False
21,3,0.4,22,False
0,1,0.4,10,False
89,1,20.0,99,True
1,1,0.4,11,False
0,3,0.4,1,False
54,3,0.4,55,False
10,3,0.4,11,False
20,2,-0.30000000000000004,20,False
2,0,-1.3,2,False
30,3,-2.0,30,False
26,3,-0.6,27,False
2,1,0.4,12,False
11,2,-0.30000000000000004,10,False
22,3,0.4,23,False
1,3,0.4,2,False
53,1,0.4,63,False
11,3,0.4,12,False
2,1,0.4,12,False
89,1,20.0,99,True
30,3,0.4,31,False
0,1,-2.0,0,False
30,2,-0.30000000000000004,30,False
33,3,0.4,34,False
53,2,-0.30000000000000004,52,False
63,2,-0.30000000000000004,62,False
24,0,-3.0,24,False
11,1,0.4,21,False
89,1,20.0,99,True
98,3,20.0,99,True
11,2,-0.30000000000000004,10,False
11,1,0.4,21,False
98,3,20.0,99,True
1,1,-2.0,1,False
34,2,-0.30000000000000004,33,False
21,2,-0.30000000000000004,20,False
89,1,20.0,99,True
1,1,-2.0,1,False
20,3,0.4,21,False
1,3,0.4,2,False
89,1,20.0,99,True
24,1,0.4,34,False
11,1,-2.0,11,False
0,0,-0.30000000000000004,0,False
0,3,0.4,1,False
0,1,-2.0,0,False
89,1,20.0,99,True
0,1,0.4,10,False
2,1,0.4,12,False
24,2,-1.3,23,False
20,3,0.4,21,False
57,3,0.4,58,False
11,3,0.4,12,False
0,0,-0.30000000000000004,0,False
31,2,-1.3,30,False
89,1,20.0,99,True
21,0,-0.30000000000000004,11,False
11,2,-0.30000000000000004,10,False
13,3,-3.0,13,False
23,0,-0.30000000000000004,13,False
3,3,-2.0,3,False
70,1,0.4,80,False
89,1,20.0,99,True
57,2,-1.3,56,False
93,2,-0.30000000000000004,92,False
11,3,0.4,12,False
89,1,20.0,99,True
4,1,0.4,14,False
13,2,-1.3,12,False
0,2,-0.30000000000000004,0,False
20,1,0.4,30,False
4,3,0.4,5,False
13,3,0.4,14,False
12,1,0.4,22,False
0,1,0.4,10,False
21,3,0.4,22,False
20,2,-0.30000000000000004,20,False
0,0,-0.30000000000000004,0,False
21,1,0.4,31,False
12,3,-0.6,13,False
43,1,0.4,53,False
89,1,20.0,99,True
89,1,20.0,99,True
45,1,0.4,55,False
6,3,0.4,7,False
61,0,-1.3,51,False
42,2,-0.30000000000000004,41,False
0,3,0.4,1,False
20,1,0.4,30,False
72,3,0.4,73,False
12,0,-0.30000000000000004,2,False
11,1,0.4,21,False
43,2,-0.30000000000000004,42,False
0,1,0.4,10,False
31,2,-0.30000000000000004,30,False
89,1,20.0,99,True
89,1,20.0,99,True
43,1,0.4,53,False
22,3,0.4,23,False
13,0,-0.30000000000000004,3,False
73,0,-0.30000000000000004,63,False
20,3,0.4,21,False
10,1,0.4,20,False
22,0,-1.3,12,False
31,1,0.4,41,False
10,0,-0.30000000000000004,0,False
22,3,0.4,23,False
89,1,20.0,99,True
13,1,0.4,23,False
72,1,0.4,82,False
11,2,-0.30000000000000004,10,False
73,3,0.4,74,False
36,3,0.4,37,False
0,1,0.4,10,False
2,2,-0.30000000000000004,1,False
0,3,0.4,1,False
10,1,0.4,20,False
2,1,0.4,12,False
22,3,0.4,23,False
1,2,-0.30000000000000004,0,False
21,1,0.4,31,False
2,3,0.4,3,False
25,3,0.4,26,False
16,1,0.4,26,False
20,1,0.4,30,False
72,3,-0.6,73,False
48,3,0.4,49,False
21,1,0.4,31,False
20,1,0.4,30,False
12,3,0.4,13,False
33,1,0.4,43,False
13,3,0.4,14,False
2,3,0.4,3,False
20,3,0.4,21,False
98,3,20.0,99,True
13,3,0.4,14,False
20,3,0.4,21,False
0,1,0.4,10,False
98,3,20.0,99,True
89,1,20.0,99,True
12,1,0.4,22,False
0,3,0.4,1,False
22,3,0.4,23,False
12,0,-0.30000000000000004,2,False
32,3,0.4,33,False
11,2,-0.30000000000000004,10,False
16,3,0.4,17,False
12,3,0.4,13,False
23,0,-0.30000000000000004,13,False
10,1,0.4,20,False
3,1,0.4,13,False
20,0,-0.30000000000000004,10,False
22,2,-3.0,22,False
10,1,0.4,20,False
89,1,20.0,99,True
11,1,-2.0,11,False
29,0,-0.30000000000000004,19,False
10,3,0.4,11,False
11,0,-0.30000000000000004,1,False
1,2,-0.30000000000000004,0,False
2,0,-0.30000000000000004,2,False
0,2,-0.30000000000000004,0,False
3,3,0.4,4,False
89,1,20.0,99,True
89,1,20.0,99,True
30,1,0.4,40,False
11,1,0.4,21,False
32,0,-0.30000000000000004,22,False
0,3,0.4,1,False
2,1,-2.0,2,False
89,1,20.0,99,True
0,2,-0.30000000000000004,0,False
10,3,0.4,11,False
0,3,0.4,1,False
34,3,0.4,35,False
1,1,0.4,11,False
40,1,0.4,50,False
45,1,-3.0,45,False
13,3,0.4,14,False
89,1,20.0,99,True
89,1,20.0,99,True
89,1,20.0,99,True
0,2,-0.30000000000000004,0,False
55,3,0.4,56,False
12,3,0.4,13,False
13,1,0.4,23,False
0,0,-0.30000000000000004,0,False
43,1,0.4,53,False
0,3,0.4,1,False
2,1,0.4,12,False
89,1,20.0,99,True
54,0,-1.3,44,False
89,1,20.0,99,True
13,1,-3.0,13,False
15,2,-0.30000000000000004,14,False
7,2,-0.30000000000000004,6,False
89,1,20.0,99,True
0,3,0.4,1,False
0,1,0.4,10,False
98,3,20.0,99,True
33,1,0.4,43,False
3,2,-0.30000000000000004,2,False
98,3,20.0,99,True
22,1,0.4,32,False
50,3,0.4,51,False
23,3,0.4,24,False
20,0,-0.30000000000000004,10,False
32,3,-2.0,32,False
89,1,20.0,99,True
0,3,0.4,1,False
13,3,-0.6,14,False
34,3,0.4,35,False
0,1,-2.0,0,False
1,3,0.4,2,False
10,2,-0.30000000000000004,10,False
40,3,0.4,41,False
89,1,20.0,99,True
12,1,-2.0,12,False
1,2,-0.30000000000000004,0,False
20,1,0.4,30,False
0,1,0.4,10,False
30,1,-2.0,30,False
21,2,-0.30000000000000004,20,False
30,3,0.4,31,False
31,0,-0.30000000000000004,21,False
31,1,-3.0,31,False
0,1,-2.0,0,False
10,2,-0.30000000000000004,10,False
10,3,0.4,11,False
12,3,0.4,13,False
0,0,-0.30000000000000004,0,False
13,2,-0.30000000000000004,12,False
23,0,-0.30000000000000004,13,False
0,1,0.4,10,False
20,3,-2.0,20,False
14,1,0.4,24,False
33,3,-0.6,34,False
0,0,-0.30000000000000004,0,False
3,1,0.4,13,False
62,3,0.4,63,False
21,3,0.4,22,False
40,1,0.4,50,False
1,3,0.4,2,False
11,2,-2.0,11,False
1,0,-0.30000000000000004,1,False
11,1,0.4,21,False
10,0,-0.30000000000000004,0,False
80,3,0.4,81,False
20,3,-2.0,20,False
0,3,0.4,1,False
0,3,0.4,1,False
11,3,0.4,12,False
12,2,-0.30000000000000004,11,False
31,2,-1.3,30,False
97,3,0.4,98,False
41,2,-0.30000000000000004,40,False
20,2,-0.30000000000000004,20,False
21,3,0.4,22,False
0,3,-2.0,0,False
14,2,-1.3,13,False
30,3,-2.0,30,False
52,2,-0.30000000000000004,51,False
98,3,20.0,99,True
0,3,-2.0,0,False
10,0,-0.30000000000000004,0,False
12,1,0.4,22,False
22,0,-0.30000000000000004,12,False
21,3,0.4,22,False
31,1,0.4,41,False
76,1,0.4,86,False
1,3,0.4,2,False
0,1,0.4,10,False
0,1,0.4,10,False
15,2,-0.30000000000000004,14,False
40,1,-3.0,40,False
72,3,0.4,73,False
10,1,0.4,20,False
98,3,20.0,99,True
11,2,-0.30000000000000004,10,False
54,3,0.4,55,False
24,1,0.4,34,False
0,2,-0.30000000000000004,0,False
1,3,0.4,2,False
0,3,0.4,1,False
1,0,-0.30000000000000004,1,False
14,2,-0.30000000000000004,13,False
12,0,-2.0,12,False
22,1,0.4,32,False
2,1,0.4,12,False
22,3,-2.0,22,False
0,3,0.4,1,False
1,3,0.4,2,False
20,3,0.4,21,False
0,0,-0.30000000000000004,0,False
1,1,0.4,11,False
0,1,0.4,10,False
11,3,0.4,12,False
0,1,0.4,10,False
1,2,-0.30000000000000004,0,False
6,1,0.4,16,False
22,3,0.4,23,False
22,3,0.4,23,False
63,1,0.4,73,False
10,2,-0.30000000000000004,10,False
43,1,0.4,53,False
11,2,-0.30000000000000004,10,False
31,1,0.4,41,False
11,2,-0.30000000000000004,10,False
13,0,-2.0,13,False
47,1,0.4,57,False
41,1,-3.0,41,False
53,1,0.4,63,False
0,3,0.4,1,False
20,1,-2.0,20,False
1,3,0.4,2,False
10,3,0.4,11,False
13,1,0.4,23,False
12,3,-3.0,12,False
35,3,0.4,36,False
12,1,-3.0,12,False
42,1,0.4,52,False
12,3,0.4,13,False
14,3,0.4,15,False
21,1,0.4,31,False
10,3,-2.0,10,False
2,3,0.4,3,False
10,3,0.4,11,False
0,3,-2.0,0,False
11,0,-0.30000000000000004,1,False
21,1,0.4,31,False
2,3,-2.0,2,False
45,3,0.4,46,False
11,2,-0.30000000000000004,10,False
0,0,-0.30000000000000004,0,False
12,1,0.4,22,False
14,0,-0.30000000000000004,4,False
11,2,-0.30000000000000004,10,False
20,0,-0.30000000000000004,10,False
40,2,-0.30000000000000004,40,False
21,1,-3.0,21,False
24,3,0.4,25,False
10,3,0.4,11,False
24,1,0.4,34,False
41,1,0.4,51,False
13,3,0.4,14,False
12,1,-0.6,22,False
0,1,0.4,10,False
3,2,-0.30000000000000004,2,False
43,2,-0.30000000000000004,42,False
23,3,-0.6,24,False
2,3,0.4,3,False
89,1,20.0,99,True
13,1,0.4,23,False
35,3,0.4,36,False
11,3,-2.0,11,False
41,3,0.4,42,False
0,1,-2.0,0,False
33,3,0.4,34,False
25,2,-0.30000000000000004,24,False
11,3,0.4,12,False
21,3,0.4,22,False
21,1,0.4,31,False
2,1,0.4,12,False
11,3,-2.0,11,False
2,0,-1.3,2,False
0,2,-0.30000000000000004,0,False
10,2,-0.30000000000000004,10,False
94,2,-1.3,93,False
0,1,0.4,10,False
0,1,0.4,10,False
10,2,-0.30000000000000004,10,False
60,0,-1.3,50,False
18,3,0.4,19,False
74,3,0.4,75,False
98,3,20.0,99,True
26,3,0.4,27,False
21,0,-0.30000000000000004,11,False
3,2,-0.30000000000000004,2,False
30,3,0.4,31,False
65,3,-3.0,65,False
20,1,0.4,30,False
10,3,0.4,11,False
21,1,0.4,31,False
1,2,-0.30000000000000004,0,False
11,1,0.4,21,False
10,1,0.4,20,False
2,1,0.4,12,False
89,1,20.0,99,True
31,1,-2.0,31,False
16,0,-0.30000000000000004,6,False
10,3,0.4,11,False
71,3,0.4,72,False
1,0,-0.30000000000000004,1,False
0,3,0.4,1,False
6,1,0.4,16,False
12,3,0.4,13,False
57,2,-0.30000000000000004,56,False
1,3,0.4,2,False
23,2,-1.3,22,False
21,0,-0.30000000000000004,11,False
42,1,0.4,52,False
20,3,-2.0,20,False
24,0,-1.3,14,False
10,2,-0.30000000000000004,10,False
10,3,0.4,11,False
11,3,0.4,12,False
2,1,0.4,12,False
0,3,0.4,1,False
12,3,0.4,13,False
0,0,-0.30000000000000004,0,False
89,1,20.0,99,True
0,3,0.4,1,False
22,0,-0.30000000000000004,12,False
11,3,0.4,12,False
13,1,0.4,23,False
42,1,0.4,52,False
63,3,0.4,64,False
0,3,-2.0,0,False
1,3,0.4,2,False
98,3,20.0,99,True
11,2,-1.3,10,False
40,1,-2.0,40,False
0,1,0.4,10,False
21,3,-2.0,21,False
46,3,0.4,47,False
50,1,0.4,60,False
10,2,-0.30000000000000004,10,False
12,1,0.4,22,False
21,2,-1.3,20,False
11,2,-0.30000000000000004,10,False
21,2,-0.30000000000000004,20,False
22,1,0.4,32,False
12,2,-0.30000000000000004,11,False
12,3,0.4,13,False
0,1,0.4,10,False
21,2,-2.0,21,False
1,1,0.4,11,False
0,2,-1.3,0,False
13,1,0.4,23,False
0,3,0.4,1,False
1,0,-0.30000000000000004,1,False
28,3,0.4,29,False
26,3,0.4,27,False
32,1,-2.0,32,False
4,3,0.4,5,False
23,3,0.4,24,False
0,3,0.4,1,False
98,3,20.0,99,True
59,0,-1.3,49,False
0,1,0.4,10,False
24,1,0.4,34,False
12,3,0.4,13,False
50,0,-0.30000000000000004,40,False
2,0,-1.3,2,False
10,2,-0.30000000000000004,10,False
10,2,-0.30000000000000004,10,False
13,1,0.4,23,False
2,0,-0.30000000000000004,2,False
98,3,20.0,99,True
2,0,-0.30000000000000004,2,False
11,1,0.4,21,False
10,3,0.4,11,False
4,0,-1.3,4,False
4,1,0.4,14,False
24,1,0.4,34,False
22,1,0.4,32,False
72,0,-1.3,62,False
22,3,0.4,23,False
0,0,-0.30000000000000004,0,False
89,1,20.0,99,True
2,0,-0.30000000000000004,2,False
0,3,0.4,1,False
32,3,0.4,33,False
30,3,0.4,31,False
11,0,-2.0,11,False
0,0,-0.30000000000000004,0,False
0,1,0.4,10,False
15,1,-3.0,15,False
0,1,0.4,10,False
1,2,-0.30000000000000004,0,False
13,1,-2.0,13,False
0,1,0.4,10,False
10,0,-0.30000000000000004,0,False
11,3,0.4,12,False
0,1,-2.0,0,False
13,1,0.4,23,False
89,1,20.0,99,True
60,3,0.4,61,False
42,1,0.4,52,False
8,3,0.4,9,False
25,2,-0.30000000000000004,24,False
1,3,0.4,2,False
11,1,0.4,21,False
2,3,0.4,3,False
43,2,-0.30000000000000004,42,False
10,1,0.4,20,False
23,0,-0.30000000000000004,13,False
0,3,0.4,1,False
0,3,0.4,1,False
20,2,-1.3,20,False
13,1,-2.0,13,False
1,3,-2.0,1,False
20,2,-0.30000000000000004,20,False
11,3,0.4,12,False
31,1,0.4,41,False
31,1,0.4,41,False
10,3,0.4,11,False
89,1,20.0,99,True
3,3,0.4,4,False
21,3,0.4,22,False
10,3,-2.0,10,False
11,2,-0.30000000000000004,10,False
23,3,0.4,24,False
0,1,0.4,10,False
13,3,0.4,14,False
22,2,-1.3,21,False
25,3,0.4,26,False
10,3,0.4,11,False
2,1,-0.6,12,False
11,2,-0.30000000000000004,10,False
62,0,-1.3,52,False
0,2,-0.30000000000000004,0,False
1,2,-0.30000000000000004,0,False
95,2,-1.3,94,False
21,3,0.4,22,False
13,0,-0.30000000000000004,3,False
89,1,20.0,99,True
0,0,-0.30000000000000004,0,False
21,1,0.4,31,False
0,1,0.4,10,False
1,1,-0.6,11,False
10,3,0.4,11,False
0,2,-0.30000000000000004,0,False
20,3,0.4,21,False
0,0,-0.30000000000000004,0,False
21,3,0.4,22,False
32,1,0.4,42,False
35,1,0.4,45,False
4,2,-1.3,3,False
98,3,20.0,99,True
10,1,0.4,20,False
20,1,0.4,30,False
1,2,-0.30000000000000004,0,False
89,1,20.0,99,True
10,1,0.4,20,False
33,1,0.4,43,False
0,3,0.4,1,False
2,3,0.4,3,False
21,3,0.4,22,False
1,1,0.4,11,False
13,1,0.4,23,False
1,0,-0.30000000000000004,1,False
89,1,20.0,99,True
34,3,0.4,35,False
63,1,0.4,73,False
13,0,-0.30000000000000004,3,False
0,2,-0.30000000000000004,0,False
10,3,-2.0,10,False
62,3,0.4,63,False
11,0,-1.3,1,False
0,1,0.4,10,False
3,3,-2.0,3,False
0,3,0.4,1,False
0,0,-0.30000000000000004,0,False
22,1,0.4,32,False
2,3,0.4,3,False
11,0,-0.30000000000000004,1,False
0,1,0.4,10,False
19,1,-0.6,29,False
43,1,0.4,53,False
12,3,0.4,13,False
10,1,0.4,20,False
0,1,0.4,10,False
31,3,0.4,32,False
12,1,0.4,22,False
23,0,-1.3,13,False
82,1,-3.0,82,False
10,3,0.4,11,False
0,3,0.4,1,False
23,0,-0.30000000000000004,13,False
11,1,-2.0,11,False
21,3,0.4,22,False
12,1,0.4,22,False
0,0,-0.30000000000000004,0,False
98,3,20.0,99,True
40,3,0.4,41,False
12,1,0.4,22,False
10,3,0.4,11,False
23,2,-0.30000000000000004,22,False
4,0,-1.3,4,False
23,3,0.4,24,False
10,3,0.4,11,False
41,3,0.4,42,False
0,0,-0.30000000000000004,0,False
22,3,0.4,23,False
11,3,0.4,12,False
1,1,0.4,11,False
98,3,20.0,99,True
89,1,20.0,99,True
41,1,0.4,51,False
24,1,0.4,34,False
34,3,0.4,35,False
10,2,-0.30000000000000004,10,False
32,1,-2.0,32,False
0,3,0.4,1,False
10,3,0.4,11,False
14,1,0.4,24,False
46,2,-0.30000000000000004,45,False
24,1,0.4,34,False
3,2,-0.30000000000000004,2,False
1,1,0.4,11,False
10,0,-0.30000000000000004,0,False
91,3,-0.6,92,False
33,1,0.4,43,False
1,3,0.4,2,False
1,2,-0.30000000000000004,0,False
50,2,-0.30000000000000004,50,False
10,3,0.4,11,False
10,1,0.4,20,False
0,1,0.4,10,False
1,1,0.4,11,False
2,3,0.4,3,False
0,1,0.4,10,False
98,3,20.0,99,True
1,0,-0.30000000000000004,1,False
21,1,0.4,31,False
89,1,20.0,99,True
2,2,-0.30000000000000004,1,False
31,3,0.4,32,False
60,1,0.4,70,False
89,1,20.0,99,True
14,1,0.4,24,False
43,0,-0.30000000000000004,33,False
11,3,0.4,12,False
0,2,-0.30000000000000004,0,False
0,3,0.4,1,False
31,1,-2.0,31,False
89,1,20.0,99,True
10,3,0.4,11,False
10,3,0.4,11,False
32,2,-0.30000000000000004,31,False
1,3,0.4,2,False
14,1,0.4,24,False
30,1,0.4,40,False
13,1,0.4,23,False
13,3,0.4,14,False
0,0,-0.30000000000000004,0,False
12,3,0.4,13,False
11,1,-2.0,11,False
1,1,0.4,11,False
63,0,-1.3,53,False
13,1,0.4,23,False
0,1,0.4,10,False
42,3,0.4,43,False
20,0,-0.30000000000000004,10,False
61,1,0.4,71,False
21,2,-2.0,21,False
89,1,20.0,99,True
20,0,-0.30000000000000004,10,False
3,3,0.4,4,False
10,1,0.4,20,False
21,1,-2.0,21,False
13,0,-0.30000000000000004,3,False
31,2,-0.30000000000000004,30,False
0,2,-0.30000000000000004,0,False
10,3,0.4,11,False
85,1,-0.6,95,False
98,3,20.0,99,True
11,0,-0.30000000000000004,1,False
26,1,-2.0,26,False
98,3,20.0,99,True
13,3,0.4,14,False
0,1,0.4,10,False
21,3,0.4,22,False
11,3,0.4,12,False
0,1,-2.0,0,False
10,3,-2.0,10,False
22,3,0.4,23,False
11,1,0.4,21,False
10,3,-3.0,10,False
20,3,-2.0,20,False
11,0,-0.30000000000000004,1,False
30,3,0.4,31,False
12,0,-2.0,12,False
0,3,0.4,1,False
41,3,0.4,42,False
43,2,-3.0,43,False
22,3,0.4,23,False
1,1,0.4,11,False
14,2,-0.30000000000000004,13,False
1,1,0.4,11,False
1,2,-0.30000000000000004,0,False
0,2,-0.30000000000000004,0,False
0,1,0.4,10,False
63,1,0.4,73,False
2,3,0.4,3,False
10,1,-2.0,10,False
11,3,0.4,12,False
0,1,-2.0,0,False
31,2,-0.30000000000000004,30,False
10,1,0.4,20,False
12,1,0.4,22,False
52,1,0.4,62,False
24,3,0.4,25,False
23,3,-2.0,23,False
23,3,0.4,24,False
54,2,-3.0,54,False
20,1,0.4,30,False
2,3,0.4,3,False
1,3,0.4,2,False
23,0,-2.0,23,False
1,1,0.4,11,False
13,3,-2.0,13,False
23,1,0.4,33,False
1,3,0.4,2,False
13,1,-2.0,13,False
31,2,-0.30000000000000004,30,False
23,2,-0.30000000000000004,22,False
21,2,-0.30000000000000004,20,False
2,2,-0.30000000000000004,1,False
80,3,0.4,81,False
89,1,20.0,99,True
98,3,20.0,99,True
55,2,-0.30000000000000004,54,False
10,1,0.4,20,False
89,1,20.0,99,True
20,2,-1.3,20,False
89,1,20.0,99,True
22,1,0.4,32,False
3,1,0.4,13,False
3,3,0.4,4,False
53,1,0.4,63,False
20,3,0.4,21,False
3,3,-2.0,3,False
89,1,20.0,99,True
30,1,0.4,40,False
22,3,0.4,23,False
89,1,20.0,99,True
0,0,-0.30000000000000004,0,False
11,0,-0.30000000000000004,1,False
1,3,0.4,2,False
12,3,0.4,13,False
41,3,0.4,42,False
89,1,20.0,99,True
43,0,-1.3,33,False
51,1,-3.0,51,False
41,1,-2.0,41,False
21,0,-0.30000000000000004,11,False
30,3,0.4,31,False
2,1,-2.0,2,False
0,2,-0.30000000000000004,0,False
89,1,20.0,99,True
12,1,0.4,22,False
4,1,0.4,14,False
20,3,0.4,21,False
0,0,-0.30000000000000004,0,False
12,1,-3.0,12,False
3,1,0.4,13,False
11,0,-0.30000000000000004,1,False
0,1,0.4,10,False
33,3,0.4,34,False
12,3,-2.0,12,False
2,3,0.4,3,False
0,1,0.4,10,False
13,3,0.4,14,False
0,3,0.4,1,False
1,3,0.4,2,False
20,2,-0.30000000000000004,20,False
45,3,0.4,46,False
98,3,20.0,99,True
25,3,0.4,26,False
64,2,-0.30000000000000004,63,False
89,1,20.0,99,True
89,1,20.0,99,True
11,1,-2.0,11,False
30,3,0.4,31,False
22,1,0.4,32,False
1,3,-2.0,1,False
98,3,20.0,99,True
11,2,-0.30000000000000004,10,False
12,1,0.4,22,False
1,3,0.4,2,False
10,3,0.4,11,False
0,1,0.4,10,False
89,1,20.0,99,True
1,0,-0.30000000000000004,1,False
11,1,0.4,21,False
33,0,-1.3,23,False
0,0,-0.30000000000000004,0,False
0,1,0.4,10,False
89,1,20.0,99,True
1,3,0.4,2,False
0,1,0.4,10,False
89,1,20.0,99,True
1,3,-2.0,1,False
25,1,0.4,35,False
0,1,0.4,10,False
54,2,-1.3,53,False
46,1,0.4,56,False
20,3,0.4,21,False
11,1,-2.0,11,False
3,1,0.4,13,False
52,3,-2.0,52,False
89,1,20.0,99,True
12,1,0.4,22,False
89,1,20.0,99,True
21,3,0.4,22,False
34,3,-3.0,34,False
10,3,0.4,11,False
0,3,0.4,1,False
10,3,0.4,11,False
0,3,0.4,1,False
43,3,0.4,44,False
43,1,0.4,53,False
7,1,0.4,17,False
22,1,0.4,32,False
10,1,-2.0,10,False
3,0,-0.30000000000000004,3,False
12,3,0.4,13,False
23,1,0.4,33,False
10,2,-0.30000000000000004,10,False
0,3,0.4,1,False
1,1,-2.0,1,False
0,3,0.4,1,False
11,2,-0.30000000000000004,10,False
10,1,0.4,20,False
24,2,-0.30000000000000004,23,False
11,2,-0.30000000000000004,10,False
21,1,0.4,31,False
2,3,-2.0,2,False
10,0,-0.30000000000000004,0,False
20,3,0.4,21,False
23,1,-3.0,23,False
3,3,-3.0,3,False
11,1,0.4,21,False
3,1,0.4,13,False
1,2,-0.30000000000000004,0,False
0,1,0.4,10,False
89,1,20.0,99,True
0,3,0.4,1,False
10,2,-0.30000000000000004,10,False
10,3,0.4,11,False
11,1,0.4,21,False
89,1,20.0,99,True
12,3,0.4,13,False
32,3,0.4,33,False
0,3,0.4,1,False
11,1,0.4,21,False
21,3,0.4,22,False
89,1,20.0,99,True
0,2,-0.30000000000000004,0,False
10,1,-2.0,10,False
12,1,-0.6,22,False
10,3,0.4,11,False
2,3,0.4,3,False
33,1,0.4,43,False
17,1,0.4,27,False
1,0,-0.30000000000000004,1,False
6,1,0.4,16,False
0,1,-2.0,0,False
2,3,0.4,3,False
1,3,-2.0,1,False
1,1,0.4,11,False
0,3,0.4,1,False
30,3,-2.0,30,False
0,1,0.4,10,False
89,1,20.0,99,True
21,1,0.4,31,False
34,0,-0.30000000000000004,24,False
12,1,0.4,22,False
23,2,-0.30000000000000004,22,False
4,0,-0.30000000000000004,4,False
31,2,-0.30000000000000004,30,False
1,3,0.4,2,False
0,1,0.4,10,False
12,3,-2.0,12,False
0,3,0.4,1,False
10,1,0.4,20,False
30,3,0.4,31,False
12,3,-0.6,13,False
4,3,0.4,5,False
10,3,0.4,11,False
2,1,-2.0,2,False
1,0,-0.30000000000000004,1,False
10,1,0.4,20,False
22,1,0.4,32,False
98,3,20.0,99,True
24,3,-2.0,24,False
0,3,0.4,1,False
50,1,0.4,60,False
21,1,0.4,31,False
24,3,0.4,25,False
24,1,-0.6,34,False
0,0,-0.30000000000000004,0,False
34,2,-0.30000000000000004,33,False
10,2,-0.30000000000000004,10,False
12,2,-0.30000000000000004,11,False
10,3,-2.0,10,False
23,1,0.4,33,False
22,0,-0.30000000000000004,12,False
21,1,0.4,31,False
41,0,-0.30000000000000004,31,False
2,1,0.4,12,False
41,1,0.4,51,False
0,1,0.4,10,False
80,1,0.4,90,False
0,3,0.4,1,False
21,0,-0.30000000000000004,11,False
23,1,0.4,33,False
1,1,0.4,11,False
23,2,-0.30000000000000004,22,False
33,2,-0.30000000000000004,32,False
13,3,0.4,14,False
63,2,-1.3,62,False
34,0,-1.3,24,False
0,3,0.4,1,False
98,3,20.0,99,True
30,1,-2.0,30,False
44,3,0.4,45,False
20,2,-0.30000000000000004,20,False
1,2,-0.30000000000000004,0,False
0,3,-2.0,0,False
11,1,0.4,21,False
0,0,-0.30000000000000004,0,False
0,1,0.4,10,False
0,3,0.4,1,False
0,2,-0.30000000000000004,0,False
5,1,0.4,15,False
16,1,-0.6,26,False
21,3,-2.0,21,False
14,1,0.4,24,False
11,1,0.4,21,False
10,3,-2.0,10,False
11,1,0.4,21,False
21,3,0.4,22,False
32,1,0.4,42,False
32,2,-0.30000000000000004,31,False
22,1,0.4,32,False
12,1,0.4,22,False
2,3,0.4,3,False
2,0,-0.30000000000000004,2,False
24,3,0.4,25,False
10,1,0.4,20,False
94,0,-1.3,84,False
0,1,0.4,10,False
13,3,-3.0,13,False
21,0,-2.0,21,False
52,3,0.4,53,False
2,0,-0.30000000000000004,2,False
3,3,-2.0,3,False
21,1,0.4,31,False
89,1,20.0,99,True
38,0,-0.30000000000000004,28,False
40,2,-0.30000000000000004,40,False
22,0,-0.30000000000000004,12,False
89,1,20.0,99,True
89,1,20.0,99,True
0,3,0.4,1,False
89,1,20.0,99,True
2,2,-2.0,2,False
40,0,-1.3,30,False
0,0,-0.30000000000000004,0,False
84,3,0.4,85,False
1,3,0.4,2,False
0,2,-0.30000000000000004,0,False
13,1,0.4,23,False
54,3,0.4,55,False
11,2,-0.30000000000000004,10,False
0,2,-0.30000000000000004,0,False
53,3,0.4,54,False
44,1,0.4,54,False
0,1,-2.0,0,False
17,0,-0.30000000000000004,7,False
10,1,0.4,20,False
1,3,0.4,2,False
1,3,0.4,2,False
22,1,0.4,32,False
32,1,0.4,42,False
21,3,0.4,22,False
2,3,-2.0,2,False
1,0,-0.30000000000000004,1,False
12,3,-2.0,12,False
1,3,0.4,2,False
22,1,0.4,32,False
10,0,-0.30000000000000004,0,False
0,3,0.4,1,False
0,0,-0.30000000000000004,0,False
0,1,-2.0,0,False
3,1,-2.0,3,False
0,1,0.4,10,False
41,1,-2.0,41,False
10,2,-0.30000000000000004,10,False
22,1,-2.0,22,False
0,1,0.4,10,False
89,1,20.0,99,True
98,3,20.0,99,True
32,3,-3.0,32,False
33,2,-1.3,32,False
10,3,0.4,11,False
33,1,0.4,43,False
10,1,0.4,20,False
15,0,-1.3,5,False
30,1,0.4,40,False
13,0,-1.3,3,False
0,1,-2.0,0,False
54,1,0.4,64,False
1,3,0.4,2,False
26,2,-1.3,25,False
30,3,0.4,31,False
42,3,0.4,43,False
0,3,0.4,1,False
61,3,-0.6,62,False
89,1,20.0,99,True
42,1,-2.0,42,False
0,1,0.4,10,False
10,3,0.4,11,False
0,1,0.4,10,False
13,2,-2.0,13,False
13,3,0.4,14,False
10,0,-0.30000000000000004,0,False
31,1,0.4,41,False
13,3,-0.6,14,False
1,1,-2.0,1,False
0,1,0.4,10,False
24,3,-2.0,24,False
98,3,20.0,99,True
32,1,0.4,42,False
1,1,-2.0,1,False
3,3,0.4,4,False
89,1,20.0,99,True
98,3,20.0,99,True
11,3,0.4,12,False
0,1,0.4,10,False
10,3,-3.0,10,False
3,0,-1.3,3,False
32,1,-2.0,32,False
0,1,0.4,10,False
12,2,-0.30000000000000004,11,False
12,3,0.4,13,False
13,2,-1.3,12,False
0,3,0.4,1,False
1,0,-0.30000000000000004,1,False
0,3,0.4,1,False
0,2,-0.30000000000000004,0,False
41,3,0.4,42,False
12,1,0.4,22,False
55,0,-1.3,45,False
20,3,-2.0,20,False
30,1,0.4,40,False
61,3,0.4,62,False
98,3,20.0,99,True
12,1,0.4,22,False
73,2,-0.30000000000000004,72,False
21,3,0.4,22,False
31,1,0.4,41,False
0,1,0.4,10,False
14,2,-0.30000000000000004,13,False
0,0,-0.30000000000000004,0,False
32,1,-3.0,32,False
31,1,0.4,41,False
89,1,20.0,99,True
30,1,0.4,40,False
0,3,0.4,1,False
41,1,0.4,51,False
10,0,-0.30000000000000004,0,False
0,2,-0.30000000000000004,0,False
1,1,0.4,11,False
0,3,0.4,1,False
21,1,0.4,31,False
16,0,-0.30000000000000004,6,False
23,1,-2.0,23,False
11,3,0.4,12,False
51,1,0.4,61,False
30,1,-2.0,30,False
11,2,-0.30000000000000004,10,False
0,3,0.4,1,False
0,3,0.4,1,False
13,1,0.4,23,False
11,1,0.4,21,False
89,1,20.0,99,True
31,1,0.4,41,False
10,3,0.4,11,False
21,1,0.4,31,False
40,3,0.4,41,False
12,3,0.4,13,False
20,1,0.4,30,False
98,3,20.0,99,True
3,3,0.4,4,False
11,3,0.4,12,False
0,3,0.4,1,False
21,0,-0.30000000000000004,11,False
12,1,0.4,22,False
22,1,-2.0,22,False
11,3,0.4,12,False
62,1,0.4,72,False
1,1,0.4,11,False
13,2,-0.30000000000000004,12,False
1,1,0.4,11,False
11,1,0.4,21,False
23,0,-0.30000000000000004,13,False
1,3,0.4,2,False
1,1,0.4,11,False
1,2,-0.30000000000000004,0,False
10,1,0.4,20,False
12,1,-0.6,22,False
14,2,-0.30000000000000004,13,False
50,1,0.4,60,False
22,1,0.4,32,False
1,2,-0.30000000000000004,0,False
1,3,0.4,2,False
23,2,-0.30000000000000004,22,False
21,1,0.4,31,False
1,2,-0.30000000000000004,0,False
89,1,20.0,99,True
31,1,0.4,41,False
2,3,0.4,3,False
1,3,0.4,2,False
1,1,0.4,11,False
0,3,0.4,1,False
13,1,0.4,23,False
12,3,0.4,13,False
0,0,-0.30000000000000004,0,False
1,3,0.4,2,False
89,1,20.0,99,True
89,1,20.0,99,True
21,3,0.4,22,False
0,2,-0.30000000000000004,0,False
60,2,-1.3,60,False
0,1,-0.6,10,False
44,3,0.4,45,False
0,3,0.4,1,False
1,2,-0.30000000000000004,0,False
98,3,20.0,99,True
20,1,0.4,30,False
1,3,0.4,2,False
1,0,-0.30000000000000004,1,False
52,3,0.4,53,False
2,3,0.4,3,False
41,1,0.4,51,False
1,3,0.4,2,False
13,1,-2.0,13,False
34,3,0.4,35,False
98,3,20.0,99,True
1,1,-2.0,1,False
12,1,-2.0,12,False
2,1,0.4,12,False
31,1,0.4,41,False
10,3,0.4,11,False
89,1,20.0,99,True
0,1,0.4,10,False
10,3,0.4,11,False
26,1,0.4,36,False
0,3,0.4,1,False
12,3,0.4,13,False
21,3,0.4,22,False
1,1,-2.0,1,False
11,1,-2.0,11,False
11,1,0.4,21,False
10,2,-0.30000000000000004,10,False
11,0,-0.30000000000000004,1,False
10,0,-0.30000000000000004,0,False
21,2,-0.30000000000000004,20,False
39,1,0.4,49,False
13,1,0.4,23,False
1,1,0.4,11,False
5,1,-0.6,15,False
11,1,0.4,21,False
10,3,-0.6,11,False
31,1,0.4,41,False
10,0,-0.30000000000000004,0,False
41,0,-0.30000000000000004,31,False
1,2,-0.30000000000000004,0,False
13,1,0.4,23,False
10,1,0.4,20,False
33,1,0.4,43,False
31,2,-0.30000000000000004,30,False
11,3,0.4,12,False
10,1,-2.0,10,False
0,1,-2.0,0,False
33,3,0.4,34,False
33,2,-1.3,32,False
11,2,-0.30000000000000004,10,False
13,1,0.4,23,False
42,3,0.4,43,False
0,1,0.4,10,False
14,3,0.4,15,False
0,1,-2.0,0,False
11,3,0.4,12,False
12,1,0.4,22,False
32,2,-2.0,32,False
89,1,20.0,99,True
1,1,0.4,11,False
51,1,0.4,61,False
2,0,-0.30000000000000004,2,False
1,1,0.4,11,False
0,3,0.4,1,False
1,3,0.4,2,False
0,3,-2.0,0,False
12,1,0.4,22,False
11,3,0.4,12,False
10,1,-2.0,10,False
0,1,0.4,10,False
12,1,-2.0,12,False
0,3,0.4,1,False
22,3,0.4,23,False
1,3,0.4,2,False
33,3,0.4,34,False
35,1,-0.6,45,False
3,1,0.4,13,False
0,3,0.4,1,False
2,1,0.4,12,False
42,3,0.4,43,False
98,3,20.0,99,True
20,1,0.4,30,False
85,1,-0.6,95,False
20,1,0.4,30,False
36,1,0.4,46,False
1,2,-0.30000000000000004,0,False
0,1,-2.0,0,False
1,0,-0.30000000000000004,1,False
0,3,0.4,1,False
12,1,0.4,22,False
30,2,-0.30000000000000004,30,False
22,1,0.4,32,False
2,3,0.4,3,False
4,1,0.4,14,False
13,3,0.4,14,False
89,1,20.0,99,True
89,1,20.0,99,True
21,1,-0.6,31,False
11,0,-2.0,11,False
0,1,0.4,10,False
12,3,0.4,13,False
2,2,-0.30000000000000004,1,False
0,1,0.4,10,False
13,3,0.4,14,False
3,0,-1.3,3,False
2,1,-2.0,2,False
1,0,-0.30000000000000004,1,False
44,1,0.4,54,False
21,1,-2.0,21,False
0,3,0.4,1,False
0,0,-0.30000000000000004,0,False
2,0,-0.30000000000000004,2,False
0,0,-0.30000000000000004,0,False
0,3,0.4,1,False
98,3,20.0,99,True
41,3,0.4,42,False
0,0,-0.30000000000000004,0,False
13,2,-1.3,12,False
32,3,0.4,33,False
31,0,-0.30000000000000004,21,False
89,1,20.0,99,True
43,1,0.4,53,False
20,3,0.4,21,False
20,0,-0.30000000000000004,10,False
10,2,-0.30000000000000004,10,False
13,3,0.4,14,False
1,3,0.4,2,False
30,3,0.4,31,False
89,1,20.0,99,True
89,1,20.0,99,True
20,3,0.4,21,False
89,1,20.0,99,True
1,3,0.4,2,False
89,1,20.0,99,True
43,2,-0.30000000000000004,42,False
52,3,-2.0,52,False
43,2,-0.30000000000000004,42,False
43,1,0.4,53,False
0,1,0.4,10,False
0,3,0.4,1,False
1,1,-2.0,1,False
45,1,-3.0,45,False
30,1,0.4,40,False
44,1,0.4,54,False
13,1,0.4,23,False
21,1,0.4,31,False
0,2,-0.30000000000000004,0,False
22,3,0.4,23,False
1,3,0.4,2,False
13,2,-0.30000000000000004,12,False
14,3,0.4,15,False
1,0,-0.30000000000000004,1,False
1,3,0.4,2,False
23,1,-2.0,23,False
20,1,0.4,30,False
11,3,0.4,12,False
22,0,-0.30000000000000004,12,False
20,0,-0.30000000000000004,10,False
53,3,0.4,54,False
2,0,-0.30000000000000004,2,False
10,3,0.4,11,False
11,1,-2.0,11,False
12,1,0.4,22,False
21,1,-2.0,21,False
13,1,-3.0,13,False
16,0,-0.30000000000000004,6,False
3,3,0.4,4,False
13,3,0.4,14,False
89,1,20.0,99,True
53,1,0.4,63,False
16,1,0.4,26,False
40,3,0.4,41,False
12,3,0.4,13,False
32,3,0.4,33,False
0,2,-0.30000000000000004,0,False
0,3,0.4,1,False
10,3,-2.0,10,False
89,1,20.0,99,True
10,1,0.4,20,False
10,1,0.4,20,False
10,3,-2.0,10,False
21,3,0.4,22,False
0,1,0.4,10,False
0,3,-2.0,0,False
32,0,-1.3,22,False
89,1,20.0,99,True
1,1,0.4,11,False
26,1,0.4,36,False
10,1,0.4,20,False
89,1,20.0,99,True
31,3,0.4,32,False
62,3,-0.6,63,False
3,1,0.4,13,False
98,3,20.0,99,True
32,3,0.4,33,False
4,1,0.4,14,False
3,1,0.4,13,False
89,1,20.0,99,True
3,1,0.4,13,False
89,1,20.0,99,True
33,1,0.4,43,False
0,1,-2.0,0,False
20,1,0.4,30,False
11,1,-2.0,11,False
0,0,-0.30000000000000004,0,False
13,3,0.4,14,False
1,2,-0.30000000000000004,0,False
62,1,0.4,72,False
89,1,20.0,99,True
0,2,-1.3,0,False
12,2,-0.30000000000000004,11,False
3,3,0.4,4,False
2,3,-2.0,2,False
22,3,0.4,23,False
0,1,0.4,10,False
1,1,0.4,11,False
10,3,-2.0,10,False
37,0,-1.3,27,False
89,1,20.0,99,True
98,3,20.0,99,True
21,3,0.4,22,False
3,1,0.4,13,False
0,2,-0.30000000000000004,0,False
89,1,20.0,99,True
0,3,0.4,1,False
11,2,-0.30000000000000004,10,False
11,3,0.4,12,False
98,3,20.0,99,True
22,1,0.4,32,False
89,1,20.0,99,True
13,3,0.4,14,False
22,1,-3.0,22,False
12,2,-0.30000000000000004,11,False
55,3,0.4,56,False
0,1,0.4,10,False
1,3,0.4,2,False
2,0,-0.30000000000000004,2,False
33,1,0.4,43,False
30,0,-0.30000000000000004,20,False
11,3,-2.0,11,False
72,3,0.4,73,False
98,3,20.0,99,True
10,1,0.4,20,False
11,1,-2.0,11,False
60,1,0.4,70,False
1,3,0.4,2,False
74,1,0.4,84,False
23,1,-2.0,23,False
85,3,0.4,86,False
11,2,-0.30000000000000004,10,False
0,3,0.4,1,False
1,1,0.4,11,False
10,0,-0.30000000000000004,0,False
11,1,0.4,21,False
20,1,0.4,30,False
22,3,-3.0,22,False
41,3,0.4,42,False
10,1,0.4,20,False
3,3,0.4,4,False
13,3,-2.0,13,False
0,1,-2.0,0,False
0,1,0.4,10,False
20,3,0.4,21,False
32,3,0.4,33,False
11,3,0.4,12,False
77,2,-3.0,77,False
20,1,0.4,30,False
13,2,-0.30000000000000004,12,False
50,3,0.4,51,False
34,1,0.4,44,False
32,1,0.4,42,False
23,3,0.4,24,False
52,3,0.4,53,False
20,1,0.4,30,False
98,3,20.0,99,True
0,3,0.4,1,False
0,1,0.4,10,False
13,2,-0.30000000000000004,12,False
0,1,-0.6,10,False
2,0,-0.30000000000000004,2,False
31,3,0.4,32,False
10,1,0.4,20,False
33,2,-0.30000000000000004,32,False
44,0,-1.3,34,False
0,1,0.4,10,False
0,0,-0.30000000000000004,0,False
0,1,-2.0,0,False
1,1,0.4,11,False
10,3,0.4,11,False
41,0,-0.30000000000000004,31,False
1,3,0.4,2,False
11,1,0.4,21,False
23,0,-0.30000000000000004,13,False
1,1,0.4,11,False
20,3,-2.0,20,False
0,1,0.4,10,False
0,1,-2.0,0,False
0,1,-2.0,0,False
43,3,0.4,44,False
10,1,0.4,20,False
13,0,-0.30000000000000004,3,False
0,0,-0.30000000000000004,0,False
21,3,0.4,22,False
12,0,-1.3,2,False
0,0,-0.30000000000000004,0,False
89,1,20.0,99,True
12,1,0.4,22,False
45,0,-0.30000000000000004,35,False
42,2,-0.30000000000000004,41,False
12,1,0.4,22,False
0,1,0.4,10,False
53,0,-1.3,43,False
11,3,0.4,12,False
10,0,-0.30000000000000004,0,False
63,3,-0.6,64,False
2,3,0.4,3,False
40,0,-0.30000000000000004,30,False
20,1,0.4,30,False
11,3,0.4,12,False
10,3,0.4,11,False
0,2,-0.30000000000000004,0,False
11,1,0.4,21,False
0,0,-0.30000000000000004,0,False
2,2,-0.30000000000000004,1,False
1,2,-0.30000000000000004,0,False
51,1,0.4,61,False
0,1,-2.0,0,False
51,1,0.4,61,False
20,0,-0.30000000000000004,10,False
1,3,0.4,2,False
54,3,0.4,55,False
53,1,0.4,63,False
11,1,0.4,21,False
0,0,-0.30000000000000004,0,False
22,3,0.4,23,False
31,1,0.4,41,False
10,2,-0.30000000000000004,10,False
10,3,0.4,11,False
10,0,-0.30000000000000004,0,False
15,0,-3.0,15,False
30,2,-0.30000000000000004,30,False
13,3,0.4,14,False
54,1,-3.0,54,False
24,3,0.4,25,False
10,3,0.4,11,False
0,2,-0.30000000000000004,0,False
23,2,-0.30000000000000004,22,False
21,1,-3.0,21,False
0,1,0.4,10,False
31,2,-0.30000000000000004,30,False
89,1,20.0,99,True
40,0,-0.30000000000000004,30,False
0,1,0.4,10,False
12,1,-0.6,22,False
0,0,-0.30000000000000004,0,False
89,1,20.0,99,True
3,3,0.4,4,False
0,0,-0.30000000000000004,0,False
0,1,0.4,10,False
98,3,20.0,99,True
48,0,-1.3,38,False
89,1,20.0,99,True
98,3,20.0,99,True
23,2,-0.30000000000000004,22,False
33,3,-2.0,33,False
21,1,0.4,31,False
30,2,-0.30000000000000004,30,False
11,2,-0.30000000000000004,10,False
0,3,-2.0,0,False
1,0,-0.30000000000000004,1,False
0,1,0.4,10,False
21,0,-1.3,11,False
1,1,0.4,11,False
13,3,-0.6,14,False
40,1,-0.6,50,False
31,2,-0.30000000000000004,30,False
11,2,-0.30000000000000004,10,False
1,3,0.4,2,False
20,1,0.4,30,False
1,1,0.4,11,False
11,3,0.4,12,False
11,0,-0.30000000000000004,1,False
0,3,0.4,1,False
21,3,0.4,22,False
0,0,-0.30000000000000004,0,False
1,3,0.4,2,False
23,3,0.4,24,False
23,1,0.4,33,False
13,1,0.4,23,False
98,3,20.0,99,True
0,3,-2.0,0,False
20,2,-0.30000000000000004,20,False
45,3,0.4,46,False
66,2,-1.3,65,False
0,1,0.4,10,False
11,2,-0.30000000000000004,10,False
83,1,0.4,93,False
1,2,-0.30000000000000004,0,False
89,1,20.0,99,True
53,1,0.4,63,False
10,2,-0.30000000000000004,10,False
89,1,20.0,99,True
7,3,0.4,8,False
10,2,-0.30000000000000004,10,False
0,0,-0.30000000000000004,0,False
31,3,0.4,32,False
32,3,0.4,33,False
40,0,-0.30000000000000004,30,False
0,1,0.4,10,False
4,1,-3.0,4,False
30,3,0.4,31,False
30,1,-2.0,30,False
0,1,0.4,10,False
11,3,0.4,12,False
42,1,0.4,52,False
2,0,-0.30000000000000004,2,False
40,3,0.4,41,False
2,2,-0.30000000000000004,1,False
13,1,0.4,23,False
16,3,0.4,17,False
12,3,0.4,13,False
42,1,0.4,52,False
89,1,20.0,99,True
98,3,20.0,99,True
32,2,-0.30000000000000004,31,False
23,1,0.4,33,False
10,3,0.4,11,False
89,1,20.0,99,True
61,1,0.4,71,False
32,0,-0.30000000000000004,22,False
22,2,-0.30000000000000004,21,False
41,1,0.4,51,False
98,3,20.0,99,True
20,1,0.4,30,False
89,1,20.0,99,True
0,3,0.4,1,False
33,0,-0.30000000000000004,23,False
25,0,-0.30000000000000004,15,False
21,3,-2.0,21,False
0,3,0.4,1,False
11,3,-2.0,11,False
14,3,0.4,15,False
2,1,-2.0,2,False
0,2,-0.30000000000000004,0,False
10,0,-0.30000000000000004,0,False
62,3,-3.0,62,False
21,2,-0.30000000000000004,20,False
10,1,0.4,20,False
25,0,-0.30000000000000004,15,False
12,3,0.4,13,False
2,3,0.4,3,False
2,1,0.4,12,False
42,1,0.4,52,False
13,3,0.4,14,False
98,3,20.0,99,True
32,3,-2.0,32,False
0,0,-0.30000000000000004,0,False
0,3,0.4,1,False
53,2,-0.30000000000000004,52,False
8,1,-0.6,18,False
89,1,20.0,99,True
1,3,0.4,2,False
10,0,-0.30000000000000004,0,False
0,3,0.4,1,False
89,1,20.0,99,True
20,3,0.4,21,False
12,0,-0.30000000000000004,2,False
24,1,-2.0,24,False
21,3,0.4,22,False
50,1,0.4,60,False
0,2,-0.30000000000000004,0,False
62,1,0.4,72,False
0,2,-0.30000000000000004,0,False
30,0,-0.30000000000000004,20,False
89,1,20.0,99,True
0,3,-2.0,0,False
0,3,0.4,1,False
10,3,-2.0,10,False
12,2,-0.30000000000000004,11,False
43,3,0.4,44,False
1,0,-0.30000000000000004,1,False
42,1,-2.0,42,False
0,1,0.4,10,False
11,3,0.4,12,False
2,2,-0.30000000000000004,1,False
32,3,0.4,33,False
23,1,0.4,33,False
12,1,-2.0,12,False
24,0,-1.3,14,False
32,2,-2.0,32,False
10,0,-0.30000000000000004,0,False
4,1,0.4,14,False
10,0,-1.3,0,False
32,1,0.4,42,False
0,1,0.4,10,False
89,1,20.0,99,True
0,3,-2.0,0,False
22,0,-0.30000000000000004,12,False
0,1,-2.0,0,False
30,3,0.4,31,False
42,2,-0.30000000000000004,41,False
23,2,-0.30000000000000004,22,False
32,3,-3.0,32,False
30,1,0.4,40,False
0,3,0.4,1,False
13,2,-0.30000000000000004,12,False
89,1,20.0,99,True
30,1,0.4,40,False
74,0,-1.3,64,False
1,2,-0.30000000000000004,0,False
41,1,0.4,51,False
52,3,0.4,53,False
25,3,0.4,26,False
98,3,20.0,99,True
0,2,-0.30000000000000004,0,False
40,1,0.4,50,False
34,1,0.4,44,False
31,1,0.4,41,False
1,1,0.4,11,False
89,1,20.0,99,True
11,3,0.4,12,False
33,3,0.4,34,False
28,1,0.4,38,False
20,2,-1.3,20,False
59,2,-1.3,58,False
89,1,20.0,99,True
33,3,0.4,34,False
1,1,0.4,11,False
0,0,-0.30000000000000004,0,False
34,3,0.4,35,False
10,1,0.4,20,False
23,3,0.4,24,False
89,1,20.0,99,True
31,1,-3.0,31,False
0,1,0.4,10,False
0,3,0.4,1,False
4,2,-0.30000000000000004,3,False
1,3,0.4,2,False
20,0,-0.30000000000000004,10,False
0,1,0.4,10,False
89,1,20.0,99,True
3,3,0.4,4,False
55,1,0.4,65,False
44,0,-1.3,34,False
0,2,-0.30000000000000004,0,False
20,1,0.4,30,False
12,3,0.4,13,False
46,1,0.4,56,False
89,1,20.0,99,True
10,3,0.4,11,False
10,1,0.4,20,False
89,1,20.0,99,True
30,1,0.4,40,False
12,3,-2.0,12,False
10,2,-0.30000000000000004,10,False
89,1,20.0,99,True
12,2,-1.3,11,False
22,1,-2.0,22,False
20,3,-2.0,20,False
21,0,-0.30000000000000004,11,False
34,1,0.4,44,False
24,1,0.4,34,False
61,3,0.4,62,False
11,2,-0.30000000000000004,10,False
4,1,0.4,14,False
1,3,0.4,2,False
23,1,-2.0,23,False
0,1,0.4,10,False
21,3,0.4,22,False
89,1,20.0,99,True
24,3,0.4,25,False
1,2,-1.3,0,False
20,3,-2.0,20,False
10,1,-2.0,10,False
66,1,0.4,76,False
24,3,0.4,25,False
2,3,-2.0,2,False
0,1,-2.0,0,False
20,1,0.4,30,False
1,1,0.4,11,False
89,1,20.0,99,True
35,1,0.4,45,False
0,1,0.4,10,False
34,3,0.4,35,False
11,1,0.4,21,False
20,1,-2.0,20,False
11,3,0.4,12,False
12,2,-0.30000000000000004,11,False
0,1,-2.0,0,False
3,1,0.4,13,False
0,0,-0.30000000000000004,0,False
21,1,0.4,31,False
3,3,0.4,4,False
0,3,-2.0,0,False
11,3,0.4,12,False
0,2,-0.30000000000000004,0,False
6,3,0.4,7,False
61,0,-1.3,51,False
43,2,-0.30000000000000004,42,False
34,3,0.4,35,False
98,3,20.0,99,True
22,1,-2.0,22,False
2,0,-0.30000000000000004,2,False
98,3,20.0,99,True
51,3,0.4,52,False
32,1,0.4,42,False
54,1,-0.6,64,False
89,1,20.0,99,True
0,3,-2.0,0,False
20,3,0.4,21,False
12,0,-0.30000000000000004,2,False
1,0,-0.30000000000000004,1,False
53,2,-0.30000000000000004,52,False
10,1,0.4,20,False
1,3,0.4,2,False
5,3,-3.0,5,False
42,3,0.4,43,False
10,3,0.4,11,False
21,1,0.4,31,False
21,0,-0.30000000000000004,11,False
98,3,20.0,99,True
20,1,0.4,30,False
0,2,-0.30000000000000004,0,False
1,1,0.4,11,False
21,1,0.4,31,False
0,0,-0.30000000000000004,0,False
0,1,0.4,10,False
0,3,0.4,1,False
12,3,-2.0,12,False
42,3,0.4,43,False
23,2,-0.30000000000000004,22,False
1,3,0.4,2,False
41,1,0.4,51,False
0,3,0.4,1,False
22,3,0.4,23,False
41,1,0.4,51,False
89,1,20.0,99,True
54,2,-0.30000000000000004,53,False
0,3,0.4,1,False
61,3,0.4,62,False
11,1,0.4,21,False
41,3,0.4,42,False
11,1,0.4,21,False
1,1,0.4,11,False
10,1,0.4,20,False
2,1,-0.6,12,False
34,1,-0.6,44,False
0,2,-0.30000000000000004,0,False
1,0,-0.30000000000000004,1,False
56,1,0.4,66,False
5,1,0.4,15,False
41,1,-2.0,41,False
0,3,-2.0,0,False
89,1,20.0,99,True
12,0,-0.30000000000000004,2,False
0,0,-0.30000000000000004,0,False
0,1,0.4,10,False
4,2,-0.30000000000000004,3,False
23,3,0.4,24,False
11,3,0.4,12,False
10,3,-2.0,10,False
22,0,-0.30000000000000004,12,False
5,1,0.4,15,False
1,3,0.4,2,False
11,3,0.4,12,False
0,3,0.4,1,False
33,3,-2.0,33,False
52,1,0.4,62,False
21,0,-0.30000000000000004,11,False
89,1,20.0,99,True
2,1,0.4,12,False
0,2,-0.30000000000000004,0,False
89,1,20.0,99,True
45,3,0.4,46,False
10,3,-2.0,10,False
50,2,-0.30000000000000004,50,False
41,2,-0.30000000000000004,40,False
89,1,20.0,99,True
1,0,-0.30000000000000004,1,False
42,3,0.4,43,False
0,3,0.4,1,False
98,3,20.0,99,True
1,3,0.4,2,False
54,1,-2.0,54,False
0,1,0.4,10,False
23,3,-2.0,23,False
11,0,-0.30000000000000004,1,False
0,0,-1.3,0,False
24,1,-2.0,24,False
34,0,-1.3,24,False
50,3,0.4,51,False
89,1,20.0,99,True
40,3,-0.6,41,False
10,2,-0.30000000000000004,10,False
23,0,-3.0,23,False
2,1,0.4,12,False
61,3,0.4,62,False
11,1,0.4,21,False
20,3,0.4,21,False
0,1,0.4,10,False
89,1,20.0,99,True
10,1,0.4,20,False
13,3,0.4,14,False
30,1,0.4,40,False
42,1,-3.0,42,False
32,0,-0.30000000000000004,22,False
10,3,0.4,11,False
0,3,0.4,1,False
98,3,20.0,99,True
0,3,0.4,1,False
11,0,-0.30000000000000004,1,False
0,2,-0.30000000000000004,0,False
13,1,0.4,23,False
20,3,-0.6,21,False
3,2,-0.30000000000000004,2,False
4,1,0.4,14,False
0,2,-0.30000000000000004,0,False
12,3,0.4,13,False
20,3,0.4,21,False
10,2,-0.30000000000000004,10,False
2,2,-0.30000000000000004,1,False
11,1,0.4,21,False
10,3,0.4,11,False
13,3,0.4,14,False
10,0,-0.30000000000000004,0,False
3,3,0.4,4,False
22,1,0.4,32,False
98,3,20.0,99,True
0,1,0.4,10,False
22,1,0.4,32,False
0,0,-0.30000000000000004,0,False
98,3,20.0,99,True
20,3,0.4,21,False
22,1,0.4,32,False
10,3,-2.0,10,False
22,0,-1.3,12,False
3,1,0.4,13,False
0,3,0.4,1,False
0,0,-0.30000000000000004,0,False
24,3,0.4,25,False
63,3,0.4,64,False
2,3,0.4,3,False
70,3,0.4,71,False
31,1,0.4,41,False
32,0,-0.30000000000000004,22,False
10,1,0.4,20,False
30,1,-0.6,40,False
4,3,0.4,5,False
12,3,0.4,13,False
50,3,0.4,51,False
41,3,0.4,42,False
10,1,0.4,20,False
20,3,0.4,21,False
20,3,0.4,21,False
30,3,0.4,31,False
98,3,20.0,99,True
89,1,20.0,99,True
33,1,0.4,43,False
2,3,0.4,3,False
20,3,0.4,21,False
2,3,0.4,3,False
0,1,0.4,10,False
98,3,20.0,99,True
47,3,0.4,48,False
89,1,20.0,99,True
0,2,-0.30000000000000004,0,False
23,3,-3.0,23,False
32,3,0.4,33,False
0,1,0.4,10,False
93,2,-0.30000000000000004,92,False
89,1,20.0,99,True
0,3,0.4,1,False
0,0,-0.30000000000000004,0,False
4,3,0.4,5,False
22,1,0.4,32,False
22,2,-1.3,21,False
31,3,0.4,32,False
2,3,0.4,3,False
0,2,-0.30000000000000004,0,False
0,1,0.4,10,False
0,0,-0.30000000000000004,0,False
10,1,0.4,20,False
22,0,-0.30000000000000004,12,False
89,1,20.0,99,True
10,1,0.4,20,False
2,2,-0.30000000000000004,1,False
98,3,20.0,99,True
0,3,0.4,1,False
20,3,-2.0,20,False
3,3,0.4,4,False
21,1,0.4,31,False
12,3,0.4,13,False
98,3,20.0,99,True
20,1,0.4,30,False
30,1,0.4,40,False
10,3,0.4,11,False
11,3,0.4,12,False
14,2,-0.30000000000000004,13,False
10,3,-2.0,10,False
11,3,0.4,12,False
42,2,-0.30000000000000004,41,False
32,0,-0.30000000000000004,22,False
0,1,-2.0,0,False
12,1,0.4,22,False
1,1,0.4,11,False
1,2,-0.30000000000000004,0,False
33,3,-0.6,34,False
44,1,0.4,54,False
0,1,0.4,10,False
12,2,-0.30000000000000004,11,False
32,3,0.4,33,False
20,3,-2.0,20,False
22,0,-0.30000000000000004,12,False
2,3,0.4,3,False
10,3,0.4,11,False
40,1,0.4,50,False
2,3,0.4,3,False
61,3,0.4,62,False
21,1,0.4,31,False
11,2,-0.30000000000000004,10,False
20,2,-0.30000000000000004,20,False
0,3,0.4,1,False
55,3,0.4,56,False
30,3,0.4,31,False
89,1,20.0,99,True
11,3,-2.0,11,False
33,0,-0.30000000000000004,23,False
44,1,0.4,54,False
40,2,-0.30000000000000004,40,False
89,1,20.0,99,True
1,0,-0.30000000000000004,1,False
10,1,0.4,20,False
0,1,0.4,10,False
24,3,-0.6,25,False
20,0,-0.30000000000000004,10,False
20,3,0.4,21,False
24,1,0.4,34,False
0,2,-0.30000000000000004,0,False
2,3,0.4,3,False
0,2,-0.30000000000000004,0,False
5,1,0.4,15,False
11,2,-0.30000000000000004,10,False
62,0,-1.3,52,False
1,1,0.4,11,False
30,1,-2.0,30,False
89,1,20.0,99,True
10,0,-0.30000000000000004,0,False
45,2,-0.30000000000000004,44,False
10,3,0.4,11,False
0,3,0.4,1,False
10,2,-0.30000000000000004,10,False
10,3,0.4,11,False
1,3,-2.0,1,False
89,1,20.0,99,True
1,1,0.4,11,False
4,0,-0.30000000000000004,4,False
10,2,-0.30000000000000004,10,False
89,1,20.0,99,True
0,3,0.4,1,False
0,3,0.4,1,False
98,3,20.0,99,True
10,3,0.4,11,False
3,2,-0.30000000000000004,2,False
21,1,0.4,31,False
12,3,0.4,13,False
12,1,0.4,22,False
15,1,-0.6,25,False
89,1,20.0,99,True
20,1,0.4,30,False
43,1,0.4,53,False
31,0,-0.30000000000000004,21,False
1,1,0.4,11,False
31,1,-2.0,31,False
12,1,0.4,22,False
0,1,0.4,10,False
10,2,-0.30000000000000004,10,False
0,1,0.4,10,False
12,1,-0.6,22,False
10,3,0.4,11,False
53,3,0.4,54,False
55,3,0.4,56,False
22,3,0.4,23,False
11,3,0.4,12,False
89,1,20.0,99,True
0,3,0.4,1,False
20,3,0.4,21,False
89,1,20.0,99,True
11,3,0.4,12,False
1,3,0.4,2,False
0,0,-0.30000000000000004,0,False
2,3,0.4,3,False
3,3,0.4,4,False
89,1,20.0,99,True
33,0,-0.30000000000000004,23,False
3,0,-1.3,3,False
21,1,0.4,31,False
0,2,-0.30000000000000004,0,False
62,1,0.4,72,False
1,3,0.4,2,False
20,3,0.4,21,False
35,1,0.4,45,False
10,1,0.4,20,False
10,1,0.4,20,False
98,3,20.0,99,True
98,3,20.0,99,True
13,3,0.4,14,False
89,1,20.0,99,True
10,1,0.4,20,False
43,0,-0.30000000000000004,33,False
28,1,0.4,38,False
10,1,0.4,20,False
32,3,0.4,33,False
22,3,0.4,23,False
1,3,0.4,2,False
20,2,-0.30000000000000004,20,False
0,1,0.4,10,False
0,1,0.4,10,False
20,2,-0.30000000000000004,20,False
2,1,-2.0,2,False
11,3,0.4,12,False
31,3,-0.6,32,False
1,1,0.4,11,False
0,3,0.4,1,False
21,3,0.4,22,False
12,1,-2.0,12,False
0,2,-0.30000000000000004,0,False
6,3,0.4,7,False
0,3,0.4,1,False
20,1,0.4,30,False
0,3,-2.0,0,False
10,1,0.4,20,False
23,0,-0.30000000000000004,13,False
33,1,0.4,43,False
0,1,0.4,10,False
10,3,0.4,11,False
41,3,0.4,42,False
1,1,0.4,11,False
89,1,20.0,99,True
0,1,0.4,10,False
0,3,0.4,1,False
0,1,-2.0,0,False
10,3,0.4,11,False
0,1,0.4,10,False
43,1,0.4,53,False
0,1,0.4,10,False
89,1,20.0,99,True
11,1,0.4,21,False
45,1,0.4,55,False
0,0,-0.30000000000000004,0,False
0,0,-0.30000000000000004,0,False
89,1,20.0,99,True
89,1,20.0,99,True
15,1,0.4,25,False
11,0,-0.30000000000000004,1,False
1,3,0.4,2,False
0,2,-0.30000000000000004,0,False
66,3,0.4,67,False
20,3,0.4,21,False
10,1,0.4,20,False
11,3,0.4,12,False
20,1,0.4,30,False
2,0,-0.30000000000000004,2,False
14,1,0.4,24,False
52,1,0.4,62,False
82,2,-1.3,81,False
0,0,-0.30000000000000004,0,False
0,0,-0.30000000000000004,0,False
98,3,20.0,99,True
20,3,0.4,21,False
0,2,-0.30000000000000004,0,False
26,0,-0.30000000000000004,16,False
0,0,-0.30000000000000004,0,False
0,1,0.4,10,False
0,3,0.4,1,False
89,1,20.0,99,True
89,1,20.0,99,True
10,3,0.4,11,False
16,3,0.4,17,False
10,1,0.4,20,False
32,3,0.4,33,False
41,0,-0.30000000000000004,31,False
4,0,-1.3,4,False
1,2,-0.30000000000000004,0,False
2,2,-0.30000000000000004,1,False
20,1,0.4,30,False
0,3,0.4,1,False
31,1,0.4,41,False
1,1,0.4,11,False
35,1,0.4,45,False
10,3,0.4,11,False
89,1,20.0,99,True
13,3,0.4,14,False
53,3,0.4,54,False
0,3,0.4,1,False
64,2,-0.30000000000000004,63,False
12,2,-0.30000000000000004,11,False
22,1,-2.0,22,False
1,3,0.4,2,False
1,3,0.4,2,False
14,1,0.4,24,False
12,1,0.4,22,False
20,2,-0.30000000000000004,20,False
51,2,-0.30000000000000004,50,False
21,3,0.4,22,False
15,3,-2.0,15,False
0,1,0.4,10,False
10,0,-0.30000000000000004,0,False
0,3,0.4,1,False
40,1,0.4,50,False
2,3,0.4,3,False
0,1,0.4,10,False
12,3,0.4,13,False
10,0,-0.30000000000000004,0,False
2,1,0.4,12,False
12,1,0.4,22,False
98,3,20.0,99,True
11,1,-2.0,11,False
0,1,0.4,10,False
2,0,-0.30000000000000004,2,False
7,2,-1.3,6,False
10,1,-2.0,10,False
41,1,0.4,51,False
1,1,0.4,11,False
0,1,0.4,10,False
10,1,0.4,20,False
23,1,0.4,33,False
0,1,0.4,10,False
33,3,0.4,34,False
89,1,20.0,99,True
0,0,-0.30000000000000004,0,False
40,3,-0.6,41,False
0,3,0.4,1,False
40,1,0.4,50,False
0,3,-2.0,0,False
10,3,0.4,11,False
0,3,0.4,1,False
89,1,20.0,99,True
30,0,-0.30000000000000004,20,False
98,3,20.0,99,True
7,3,0.4,8,False
31,3,-2.0,31,False
34,1,0.4,44,False
43,2,-0.30000000000000004,42,False
1,1,-2.0,1,False
23,1,-2.0,23,False
10,3,0.4,11,False
89,1,20.0,99,True
0,0,-0.30000000000000004,0,False
20,3,0.4,21,False
0,3,-2.0,0,False
11,3,0.4,12,False
0,2,-0.30000000000000004,0,False
12,3,0.4,13,False
11,3,0.4,12,False
1,3,0.4,2,False
0,0,-0.30000000000000004,0,False
1,1,-2.0,1,False
33,3,0.4,34,False
43,1,0.4,53,False
33,3,0.4,34,False
1,0,-0.30000000000000004,1,False
72,0,-0.30000000000000004,62,False
2,1,0.4,12,False
0,1,0.4,10,False
0,3,0.4,1,False
1,3,0.4,2,False
7,3,0.4,8,False
0,3,0.4,1,False
41,1,0.4,51,False
32,0,-2.0,32,False
13,1,0.4,23,False
20,1,-2.0,20,False
1,3,-2.0,1,False
32,1,0.4,42,False
98,3,20.0,99,True
0,2,-0.30000000000000004,0,False
35,3,0.4,36,False
89,1,20.0,99,True
22,3,0.4,23,False
10,1,0.4,20,False
21,0,-0.30000000000000004,11,False
2,2,-2.0,2,False
61,2,-0.30000000000000004,60,False
0,1,0.4,10,False
22,2,-0.30000000000000004,21,False
0,0,-0.30000000000000004,0,False
12,3,0.4,13,False
11,1,-3.0,11,False
1,1,0.4,11,False
2,2,-0.30000000000000004,1,False
11,1,0.4,21,False
12,3,0.4,13,False
0,3,0.4,1,False
21,1,-2.0,21,False
10,3,0.4,11,False
11,3,0.4,12,False
98,3,20.0,99,True
42,0,-1.3,32,False
53,3,0.4,54,False
1,3,0.4,2,False
34,1,0.4,44,False
5,3,-2.0,5,False
11,0,-0.30000000000000004,1,False
0,0,-0.30000000000000004,0,False
0,1,0.4,10,False
11,1,0.4,21,False
1,1,0.4,11,False
89,1,20.0,99,True
30,1,0.4,40,False
59,1,0.4,69,False
4,3,0.4,5,False
11,0,-0.30000000000000004,1,False
0,0,-0.30000000000000004,0,False
0,1,-2.0,0,False
22,1,0.4,32,False
10,1,0.4,20,False
52,3,0.4,53,False
30,2,-0.30000000000000004,30,False
10,1,-2.0,10,False
0,0,-0.30000000000000004,0,False
10,2,-0.30000000000000004,10,False
61,3,0.4,62,False
20,2,-0.30000000000000004,20,False
20,1,0.4,30,False
1,0,-0.30000000000000004,1,False
10,1,0.4,20,False
30,1,0.4,40,False
32,3,0.4,33,False
98,3,20.0,99,True
11,1,-2.0,11,False
0,3,0.4,1,False
1,1,0.4,11,False
0,0,-0.30000000000000004,0,False
1,1,0.4,11,False
21,1,0.4,31,False
52,3,0.4,53,False
0,1,-2.0,0,False
10,3,-2.0,10,False
2,3,-2.0,2,False
11,3,0.4,12,False
1,1,-2.0,1,False
34,3,0.4,35,False
55,1,0.4,65,False
21,0,-0.30000000000000004,11,False
11,3,0.4,12,False
1,2,-0.30000000000000004,0,False
20,0,-0.30000000000000004,10,False
13,2,-0.30000000000000004,12,False
0,3,-2.0,0,False
11,3,0.4,12,False
21,3,0.4,22,False
3,1,-3.0,3,False
22,2,-0.30000000000000004,21,False
1,1,0.4,11,False
10,1,0.4,20,False
0,2,-0.30000000000000004,0,False
24,0,-0.30000000000000004,14,False
0,1,0.4,10,False
10,2,-0.30000000000000004,10,False
13,0,-0.30000000000000004,3,False
2,1,0.4,12,False
43,1,0.4,53,False
33,3,0.4,34,False
11,3,0.4,12,False
0,3,-2.0,0,False
0,1,-2.0,0,False
0,0,-0.30000000000000004,0,False
0,1,0.4,10,False
20,3,0.4,21,False
31,1,0.4,41,False
12,1,0.4,22,False
10,3,-0.6,11,False
1,0,-0.30000000000000004,1,False
20,1,0.4,30,False
89,1,20.0,99,True
89,1,20.0,99,True
20,3,0.4,21,False
20,2,-0.30000000000000004,20,False
0,3,0.4,1,False
50,2,-0.30000000000000004,50,False
52,1,-2.0,52,False
31,1,0.4,41,False
0,1,0.4,10,False
10,3,0.4,11,False
1,2,-0.30000000000000004,0,False
89,1,20.0,99,True
15,3,0.4,16,False
73,3,0.4,74,False
20,3,0.4,21,False
55,3,0.4,56,False
1,1,0.4,11,False
0,1,0.4,10,False
31,1,-2.0,31,False
2,2,-0.30000000000000004,1,False
31,3,-2.0,31,False
20,1,0.4,30,False
23,0,-0.30000000000000004,13,False
10,1,0.4,20,False
30,3,0.4,31,False
1,1,0.4,11,False
23,3,0.4,24,False
98,3,20.0,99,True
1,3,0.4,2,False
62,3,0.4,63,False
45,2,-0.30000000000000004,44,False
44,3,0.4,45,False
40,2,-1.3,40,False
10,1,0.4,20,False
22,3,0.4,23,False
12,2,-0.30000000000000004,11,False
41,3,0.4,42,False
11,0,-0.30000000000000004,1,False
50,3,-0.6,51,False
20,2,-0.30000000000000004,20,False
40,3,0.4,41,False
0,1,0.4,10,False
1,1,0.4,11,False
95,3,0.4,96,False
15,1,0.4,25,False
98,3,20.0,99,True
13,3,0.4,14,False
89,1,20.0,99,True
0,2,-0.30000000000000004,0,False
0,1,0.4,10,False
0,0,-0.30000000000000004,0,False
30,2,-0.30000000000000004,30,False
20,3,0.4,21,False
21,0,-0.30000000000000004,11,False
4,3,0.4,5,False
89,1,20.0,99,True
32,2,-3.0,32,False
22,1,-2.0,22,False
20,3,0.4,21,False
52,3,0.4,53,False
89,1,20.0,99,True
14,2,-0.30000000000000004,13,False
22,3,0.4,23,False
30,2,-0.30000000000000004,30,False
89,1,20.0,99,True
89,1,20.0,99,True
11,2,-0.30000000000000004,10,False
52,2,-0.30000000000000004,51,False
0,3,0.4,1,False
10,3,0.4,11,False
2,3,0.4,3,False
44,1,0.4,54,False
1,1,-2.0,1,False
31,1,0.4,41,False
42,1,-3.0,42,False
89,1,20.0,99,True
10,1,0.4,20,False
13,0,-1.3,3,False
1,3,0.4,2,False
0,1,0.4,10,False
22,0,-0.30000000000000004,12,False
10,0,-0.30000000000000004,0,False
3,3,-0.6,4,False
33,3,-2.0,33,False
13,3,0.4,14,False
0,1,0.4,10,False
10,0,-0.30000000000000004,0,False
1,2,-1.3,0,False
12,1,0.4,22,False
52,2,-0.30000000000000004,51,False
0,3,0.4,1,False
6,1,-0.6,16,False
41,2,-0.30000000000000004,40,False
1,3,0.4,2,False
10,3,0.4,11,False
22,1,-2.0,22,False
33,2,-0.30000000000000004,32,False
13,1,0.4,23,False
1,3,0.4,2,False
33,1,0.4,43,False
98,3,20.0,99,True
98,3,20.0,99,True
20,1,-2.0,20,False
0,1,0.4,10,False
10,1,0.4,20,False
21,1,0.4,31,False
0,2,-0.30000000000000004,0,False
12,3,0.4,13,False
0,1,0.4,10,False
23,2,-0.30000000000000004,22,False
1,3,-2.0,1,False
3,1,0.4,13,False
11,3,0.4,12,False
5,1,0.4,15,False
11,2,-0.30000000000000004,10,False
0,1,0.4,10,False
20,2,-0.30000000000000004,20,False
11,3,0.4,12,False
14,2,-0.30000000000000004,13,False
10,2,-0.30000000000000004,10,False
98,3,20.0,99,True
2,0,-0.30000000000000004,2,False
16,3,0.4,17,False
1,1,0.4,11,False
47,3,0.4,48,False
45,3,-3.0,45,False
89,1,20.0,99,True
0,1,0.4,10,False
63,1,0.4,73,False
0,3,0.4,1,False
22,1,0.4,32,False
63,1,0.4,73,False
21,3,0.4,22,False
12,1,-2.0,12,False
13,0,-0.30000000000000004,3,False
0,0,-0.30000000000000004,0,False
11,1,-2.0,11,False
1,3,0.4,2,False
64,3,0.4,65,False
0,0,-0.30000000000000004,0,False
95,3,0.4,96,False
12,2,-0.30000000000000004,11,False
13,3,0.4,14,False
22,1,0.4,32,False
31,3,0.4,32,False
30,1,-2.0,30,False
20,1,0.4,30,False
11,2,-0.30000000000000004,10,False
24,1,0.4,34,False
0,1,-2.0,0,False
32,3,-2.0,32,False
31,1,0.4,41,False
44,3,0.4,45,False
43,1,0.4,53,False
13,2,-0.30000000000000004,12,False
20,3,0.4,21,False
0,1,0.4,10,False
0,1,0.4,10,False
89,1,20.0,99,True
22,0,-1.3,12,False
25,2,-3.0,25,False
10,1,0.4,20,False
12,3,-2.0,12,False
61,0,-0.30000000000000004,51,False
20,2,-0.30000000000000004,20,False
33,1,0.4,43,False
65,3,0.4,66,False
14,1,0.4,24,False
14,3,-0.6,15,False
1,1,0.4,11,False
69,1,0.4,79,False
4,1,-0.6,14,False
1,3,0.4,2,False
20,1,-2.0,20,False
22,3,0.4,23,False
11,3,0.4,12,False
0,1,0.4,10,False
1,1,0.4,11,False
30,3,0.4,31,False
3,3,0.4,4,False
41,1,0.4,51,False
0,2,-0.30000000000000004,0,False
54,3,0.4,55,False
59,3,-1.3,59,False
21,1,0.4,31,False
2,0,-0.30000000000000004,2,False
40,1,0.4,50,False
3,3,0.4,4,False
49,1,-3.0,49,False
0,1,0.4,10,False
0,1,0.4,10,False
31,1,0.4,41,False
1,3,-2.0,1,False
30,1,0.4,40,False
11,0,-0.30000000000000004,1,False
34,1,0.4,44,False
89,1,20.0,99,True
0,0,-1.3,0,False
10,3,-2.0,10,False
89,1,20.0,99,True
0,3,0.4,1,False
13,1,-3.0,13,False
15,1,0.4,25,False
0,2,-0.30000000000000004,0,False
0,1,0.4,10,False
0,0,-0.30000000000000004,0,False
5,0,-0.30000000000000004,5,False
2,0,-0.30000000000000004,2,False
24,2,-0.30000000000000004,23,False
56,3,0.4,57,False
13,0,-0.30000000000000004,3,False
98,3,20.0,99,True
43,1,0.4,53,False
20,3,0.4,21,False
12,0,-0.30000000000000004,2,False
22,1,-2.0,22,False
10,3,0.4,11,False
0,2,-0.30000000000000004,0,False
0,1,-2.0,0,False
1,1,0.4,11,False
0,1,0.4,10,False
89,1,20.0,99,True
12,3,0.4,13,False
0,3,0.4,1,False
13,2,-0.30000000000000004,12,False
1,1,0.4,11,False
52,1,0.4,62,False
1,1,0.4,11,False
11,3,-3.0,11,False
20,1,-2.0,20,False
11,0,-0.30000000000000004,1,False
2,1,0.4,12,False
4,2,-0.30000000000000004,3,False
12,1,-0.6,22,False
31,3,0.4,32,False
14,0,-1.3,4,False
89,1,20.0,99,True
41,2,-0.30000000000000004,40,False
11,1,0.4,21,False
24,3,0.4,25,False
98,3,20.0,99,True
12,1,0.4,22,False
12,3,0.4,13,False
33,3,-0.6,34,False
14,3,0.4,15,False
98,3,20.0,99,True
11,3,-3.0,11,False
33,0,-0.30000000000000004,23,False
10,2,-0.30000000000000004,10,False
11,3,0.4,12,False
13,2,-0.30000000000000004,12,False
62,1,-3.0,62,False
12,1,-2.0,12,False
24,3,0.4,25,False
14,2,-0.30000000000000004,13,False
5,1,0.4,15,False
14,3,-2.0,14,False
63,1,-3.0,63,False
33,3,0.4,34,False
1,0,-0.30000000000000004,1,False
30,2,-0.30000000000000004,30,False
22,3,0.4,23,False
2,1,0.4,12,False
1,1,0.4,11,False
62,0,-0.30000000000000004,52,False
13,3,0.4,14,False
1,1,0.4,11,False
32,2,-0.30000000000000004,31,False
12,1,-3.0,12,False
0,1,0.4,10,False
98,3,20.0,99,True
2,1,0.4,12,False
0,3,0.4,1,False
0,1,0.4,10,False
33,2,-0.30000000000000004,32,False
20,1,0.4,30,False
21,2,-0.30000000000000004,20,False
89,1,20.0,99,True
26,0,-3.0,26,False
16,3,0.4,17,False
13,3,0.4,14,False
10,2,-0.30000000000000004,10,False
53,2,-1.3,52,False
24,3,0.4,25,False
11,3,0.4,12,False
0,3,0.4,1,False
1,1,0.4,11,False
12,3,0.4,13,False
1,3,0.4,2,False
13,3,0.4,14,False
89,1,20.0,99,True
29,1,0.4,39,False
10,3,0.4,11,False
1,2,-0.30000000000000004,0,False
11,3,-2.0,11,False
30,0,-0.30000000000000004,20,False
20,1,-2.0,20,False
22,2,-2.0,22,False
12,1,0.4,22,False
10,2,-0.30000000000000004,10,False
10,2,-0.30000000000000004,10,False
89,1,20.0,99,True
0,3,0.4,1,False
32,3,0.4,33,False
1,1,0.4,11,False
11,3,-2.0,11,False
0,3,0.4,1,False
60,1,-3.0,60,False
3,3,0.4,4,False
20,3,0.4,21,False
89,1,20.0,99,True
71,3,0.4,72,False
11,3,0.4,12,False
21,1,0.4,31,False
98,3,20.0,99,True
12,0,-0.30000000000000004,2,False
3,3,0.4,4,False
2,1,-2.0,2,False
0,1,0.4,10,False
55,1,0.4,65,False
2,3,0.4,3,False
30,0,-0.30000000000000004,20,False
22,3,0.4,23,False
0,3,0.4,1,False
10,1,0.4,20,False
89,1,20.0,99,True
21,1,0.4,31,False
3,1,0.4,13,False
12,2,-0.30000000000000004,11,False
0,1,0.4,10,False
21,2,-0.30000000000000004,20,False
10,0,-0.30000000000000004,0,False
0,1,0.4,10,False
31,1,0.4,41,False
0,3,0.4,1,False
20,3,0.4,21,False
24,2,-1.3,23,False
0,1,0.4,10,False
24,2,-0.30000000000000004,23,False
10,3,0.4,11,False
22,3,-2.0,22,False
2,1,0.4,12,False
22,1,0.4,32,False
32,1,0.4,42,False
21,2,-0.30000000000000004,20,False
53,3,0.4,54,False
32,0,-0.30000000000000004,22,False
89,1,20.0,99,True
40,3,0.4,41,False
0,2,-0.30000000000000004,0,False
35,1,-3.0,35,False
0,1,-2.0,0,False
89,1,20.0,99,True
24,3,-3.0,24,False
23,0,-0.30000000000000004,13,False
89,1,20.0,99,True
89,1,20.0,99,True
0,3,-3.0,0,False
89,1,20.0,99,True
10,2,-0.30000000000000004,10,False
16,1,-2.0,16,False
0,1,0.4,10,False
22,0,-1.3,12,False
2,1,-3.0,2,False
0,1,0.4,10,False
3,1,0.4,13,False
4,0,-0.30000000000000004,4,False
0,3,0.4,1,False
89,1,20.0,99,True
24,3,0.4,25,False
52,3,0.4,53,False
98,3,20.0,99,True
23,2,-0.30000000000000004,22,False
20,1,0.4,30,False
21,3,0.4,22,False
1,1,0.4,11,False
11,0,-0.30000000000000004,1,False
21,3,-2.0,21,False
23,1,0.4,33,False
22,1,0.4,32,False
1,1,0.4,11,False
89,1,20.0,99,True
3,3,0.4,4,False
11,2,-0.30000000000000004,10,False
0,2,-0.30000000000000004,0,False
10,1,0.4,20,False
31,3,0.4,32,False
12,1,0.4,22,False
41,1,0.4,51,False
10,0,-0.30000000000000004,0,False
1,0,-0.30000000000000004,1,False
13,2,-0.30000000000000004,12,False
0,2,-0.30000000000000004,0,False
89,1,20.0,99,True
1,1,0.4,11,False
20,2,-0.30000000000000004,20,False
4,2,-0.30000000000000004,3,False
15,3,0.4,16,False
89,1,20.0,99,True
0,2,-0.30000000000000004,0,False
10,0,-0.30000000000000004,0,False
21,3,0.4,22,False
2,3,0.4,3,False
20,1,0.4,30,False
21,1,-2.0,21,False
1,1,0.4,11,False
0,0,-0.30000000000000004,0,False
89,1,20.0,99,True
52,1,-3.0,52,False
89,1,20.0,99,True
4,1,0.4,14,False
12,0,-1.3,2,False
22,3,0.4,23,False
1,1,0.4,11,False
22,3,0.4,23,False
23,3,0.4,24,False
74,2,-3.0,74,False
89,1,20.0,99,True
12,1,0.4,22,False
2,1,0.4,12,False
30,1,0.4,40,False
1,1,0.4,11,False
1,1,0.4,11,False
32,3,0.4,33,False
14,1,0.4,24,False
0,3,0.4,1,False
12,1,0.4,22,False
0,3,0.4,1,False
4,1,0.4,14,False
1,1,0.4,11,False
41,1,0.4,51,False
0,1,0.4,10,False
0,1,0.4,10,False
0,3,-2.0,0,False
13,3,0.4,14,False
1,1,0.4,11,False
44,3,0.4,45,False
22,0,-0.30000000000000004,12,False
33,2,-0.30000000000000004,32,False
10,2,-0.30000000000000004,10,False
54,2,-0.30000000000000004,53,False
21,1,0.4,31,False
11,3,0.4,12,False
12,3,0.4,13,False
0,1,0.4,10,False
10,2,-0.30000000000000004,10,False
0,0,-0.30000000000000004,0,False
11,1,0.4,21,False
20,1,0.4,30,False
1,3,0.4,2,False
0,1,-2.0,0,False
23,1,0.4,33,False
89,1,20.0,99,True
1,1,0.4,11,False
11,1,0.4,21,False
11,2,-0.30000000000000004,10,False
1,0,-0.30000000000000004,1,False
11,1,0.4,21,False
11,3,0.4,12,False
30,2,-0.30000000000000004,30,False
0,1,-2.0,0,False
40,0,-0.30000000000000004,30,False
10,3,0.4,11,False
11,3,0.4,12,False
13,1,-2.0,13,False
11,3,0.4,12,False
0,2,-0.30000000000000004,0,False
25,3,0.4,26,False
12,1,-3.0,12,False
20,3,0.4,21,False
31,1,0.4,41,False
0,1,0.4,10,False
10,3,0.4,11,False
30,3,0.4,31,False
0,3,0.4,1,False
89,1,20.0,99,True
22,3,-2.0,22,False
11,3,0.4,12,False
1,1,0.4,11,False
43,3,0.4,44,False
31,3,0.4,32,False
41,3,0.4,42,False
89,1,20.0,99,True
11,1,0.4,21,False
30,2,-0.30000000000000004,30,False
3,2,-0.30000000000000004,2,False
0,3,0.4,1,False
0,3,0.4,1,False
31,1,0.4,41,False
0,2,-0.30000000000000004,0,False
0,2,-0.30000000000000004,0,False
14,3,0.4,15,False
37,3,0.4,38,False
35,1,0.4,45,False
55,0,-0.30000000000000004,45,False
30,2,-0.30000000000000004,30,False
3,3,0.4,4,False
11,3,0.4,12,False
2,0,-0.30000000000000004,2,False
22,0,-2.0,22,False
11,1,0.4,21,False
31,0,-0.30000000000000004,21,False
21,3,0.4,22,False
10,3,-2.0,10,False
12,1,-2.0,12,False
35,3,0.4,36,False
1,3,0.4,2,False
13,0,-0.30000000000000004,3,False
52,0,-0.30000000000000004,42,False
92,2,-0.30000000000000004,91,False
20,0,-0.30000000000000004,10,False
64,1,0.4,74,False
1,0,-0.30000000000000004,1,False
20,1,0.4,30,False
14,0,-0.30000000000000004,4,False
63,3,-3.0,63,False
11,0,-0.30000000000000004,1,False
0,1,-2.0,0,False
11,2,-0.30000000000000004,10,False
34,3,0.4,35,False
41,3,0.4,42,False
89,1,20.0,99,True
12,1,0.4,22,False
10,1,-3.0,10,False
64,1,-3.0,64,False
10,1,0.4,20,False
89,1,20.0,99,True
89,1,20.0,99,True
30,0,-0.30000000000000004,20,False
0,3,0.4,1,False
22,1,0.4,32,False
89,1,20.0,99,True
0,1,0.4,10,False
1,1,0.4,11,False
89,1,20.0,99,True
1,3,0.4,2,False
34,3,0.4,35,False
13,2,-0.30000000000000004,12,False
0,1,0.4,10,False
0,3,-2.0,0,False
57,0,-0.30000000000000004,47,False
98,3,20.0,99,True
0,3,0.4,1,False
0,1,-2.0,0,False
24,1,-2.0,24,False
31,1,0.4,41,False
36,1,0.4,46,False
45,2,-1.3,44,False
33,1,0.4,43,False
10,2,-0.30000000000000004,10,False
15,0,-0.30000000000000004,5,False
11,2,-0.30000000000000004,10,False
2,3,0.4,3,False
11,3,-2.0,11,False
2,0,-0.30000000000000004,2,False
23,3,0.4,24,False
51,1,0.4,61,False
0,3,0.4,1,False
0,2,-0.30000000000000004,0,False
11,0,-0.30000000000000004,1,False
89,1,20.0,99,True
3,2,-0.30000000000000004,2,False
0,1,0.4,10,False
89,1,20.0,99,True
30,1,-2.0,30,False
21,3,0.4,22,False
11,2,-2.0,11,False
54,1,-3.0,54,False
1,0,-0.30000000000000004,1,False
20,3,0.4,21,False
1,2,-0.30000000000000004,0,False
81,3,0.4,82,False
89,1,20.0,99,True
11,0,-0.30000000000000004,1,False
0,3,0.4,1,False
0,0,-0.30000000000000004,0,False
21,0,-0.30000000000000004,11,False
0,1,0.4,10,False
11,3,0.4,12,False
31,1,0.4,41,False
0,1,0.4,10,False
21,1,-2.0,21,False
0,1,-2.0,0,False
83,2,-0.30000000000000004,82,False
1,3,0.4,2,False
21,3,0.4,22,False
0,3,0.4,1,False
10,0,-0.30000000000000004,0,False
1,1,0.4,11,False
1,2,-0.30000000000000004,0,False
0,3,0.4,1,False
98,3,20.0,99,True
26,3,0.4,27,False
10,1,0.4,20,False
89,1,20.0,99,True
43,3,0.4,44,False
0,1,0.4,10,False
12,1,0.4,22,False
22,1,0.4,32,False
12,1,0.4,22,False
20,3,0.4,21,False
33,1,0.4,43,False
10,1,-2.0,10,False
11,1,0.4,21,False
3,1,0.4,13,False
40,3,-0.6,41,False
13,1,-2.0,13,False
22,0,-0.30000000000000004,12,False
1,3,0.4,2,False
0,0,-0.30000000000000004,0,False
22,2,-1.3,21,False
21,3,0.4,22,False
1,0,-0.30000000000000004,1,False
22,1,-3.0,22,False
55,3,0.4,56,False
15,1,-0.6,25,False
10,2,-0.30000000000000004,10,False
20,1,0.4,30,False
30,3,0.4,31,False
0,0,-0.30000000000000004,0,False
1,3,0.4,2,False
13,3,-2.0,13,False
2,1,0.4,12,False
34,3,0.4,35,False
21,3,0.4,22,False
11,3,0.4,12,False
72,2,-1.3,71,False
45,0,-1.3,35,False
0,1,0.4,10,False
15,3,0.4,16,False
0,0,-0.30000000000000004,0,False
11,1,0.4,21,False
45,3,-3.0,45,False
1,3,0.4,2,False
2,2,-0.30000000000000004,1,False
2,1,0.4,12,False
22,2,-1.3,21,False
0,2,-0.30000000000000004,0,False
0,1,0.4,10,False
30,3,0.4,31,False
0,3,-2.0,0,False
15,1,0.4,25,False
0,3,0.4,1,False
11,3,0.4,12,False
21,3,0.4,22,False
31,1,0.4,41,False
2,0,-0.30000000000000004,2,False
0,3,0.4,1,False
13,3,0.4,14,False
10,1,-2.0,10,False
42,2,-1.3,41,False
0,3,0.4,1,False
1,1,-3.0,1,False
10,1,0.4,20,False
22,2,-0.30000000000000004,21,False
1,3,0.4,2,False
31,0,-0.30000000000000004,21,False
12,1,0.4,22,False
98,3,20.0,99,True
17,3,0.4,18,False
10,1,0.4,20,False
17,3,-3.0,17,False
89,1,20.0,99,True
62,2,-1.3,61,False
0,3,0.4,1,False
34,3,0.4,35,False
98,3,20.0,99,True
1,0,-0.30000000000000004,1,False
10,3,-2.0,10,False
32,3,0.4,33,False
21,3,0.4,22,False
10,3,0.4,11,False
32,3,0.4,33,False
20,3,0.4,21,False
0,1,0.4,10,False
50,2,-1.3,50,False
20,3,0.4,21,False
46,2,-1.3,45,False
92,3,0.4,93,False
24,2,-0.30000000000000004,23,False
11,1,0.4,21,False
10,3,0.4,11,False
54,1,0.4,64,False
20,1,0.4,30,False
3,1,0.4,13,False
1,1,-2.0,1,False
98,3,20.0,99,True
46,3,0.4,47,False
89,1,20.0,99,True
89,1,20.0,99,True
20,1,0.4,30,False
21,1,0.4,31,False
31,1,0.4,41,False
89,1,20.0,99,True
1,1,0.4,11,False
20,2,-0.30000000000000004,20,False
89,1,20.0,99,True
0,1,0.4,10,False
89,1,20.0,99,True
1,3,0.4,2,False
21,2,-0.30000000000000004,20,False
0,3,-2.0,0,False
31,1,-2.0,31,False
2,2,-0.30000000000000004,1,False
89,1,20.0,99,True
11,2,-0.30000000000000004,10,False
44,3,0.4,45,False
10,2,-0.30000000000000004,10,False
41,2,-0.30000000000000004,40,False
11,3,0.4,12,False
45,0,-0.30000000000000004,35,False
98,3,20.0,99,True
41,3,0.4,42,False
0,1,-2.0,0,False
3,1,0.4,13,False
31,3,0.4,32,False
22,1,0.4,32,False
0,3,0.4,1,False
11,3,0.4,12,False
2,3,0.4,3,False
64,3,0.4,65,False
89,1,20.0,99,True
89,1,20.0,99,True
14,3,0.4,15,False
1,3,-2.0,1,False
4,0,-0.30000000000000004,4,False
10,1,0.4,20,False
13,1,0.4,23,False
4,3,0.4,5,False
30,3,0.4,31,False
0,2,-0.30000000000000004,0,False
1,1,-2.0,1,False
63,0,-1.3,53,False
10,3,-0.6,11,False
11,3,0.4,12,False
20,0,-0.30000000000000004,10,False
11,3,0.4,12,False
0,3,0.4,1,False
43,3,0.4,44,False
89,1,20.0,99,True
89,1,20.0,99,True
89,1,20.0,99,True
24,3,0.4,25,False
21,3,0.4,22,False
53,1,0.4,63,False
21,1,-2.0,21,False
20,1,0.4,30,False
21,3,0.4,22,False
43,3,-2.0,43,False
22,2,-0.30000000000000004,21,False
31,1,-0.6,41,False
10,3,0.4,11,False
21,1,-0.6,31,False
48,3,0.4,49,False
16,1,0.4,26,False
42,2,-0.30000000000000004,41,False
0,1,0.4,10,False
54,3,0.4,55,False
1,3,0.4,2,False
0,0,-0.30000000000000004,0,False
33,1,0.4,43,False
10,3,0.4,11,False
22,1,-3.0,22,False
1,2,-0.30000000000000004,0,False
0,1,0.4,10,False
12,0,-0.30000000000000004,2,False
30,1,0.4,40,False
98,3,20.0,99,True
89,1,20.0,99,True
21,0,-0.30000000000000004,11,False
33,3,0.4,34,False
0,2,-1.3,0,False
89,1,20.0,99,True
20,1,-2.0,20,False
22,0,-2.0,22,False
20,3,0.4,21,False
11,3,0.4,12,False
10,3,-2.0,10,False
2,1,0.4,12,False
1,3,0.4,2,False
22,1,0.4,32,False
10,3,-2.0,10,False
29,1,0.4,39,False
1,3,0.4,2,False
12,3,0.4,13,False
21,2,-0.30000000000000004,20,False
13,1,-0.6,23,False
89,1,20.0,99,True
0,1,0.4,10,False
40,3,0.4,41,False
20,2,-0.30000000000000004,20,False
1,3,0.4,2,False
24,1,-2.0,24,False
0,2,-0.30000000000000004,0,False
21,3,0.4,22,False
1,1,0.4,11,False
12,3,0.4,13,False
34,2,-0.30000000000000004,33,False
20,3,0.4,21,False
21,2,-0.30000000000000004,20,False
25,1,0.4,35,False
1,3,-2.0,1,False
0,3,-2.0,0,False
21,3,0.4,22,False
12,1,0.4,22,False
63,1,0.4,73,False
89,1,20.0,99,True
12,3,0.4,13,False
10,0,-0.30000000000000004,0,False
1,2,-0.30000000000000004,0,False
21,2,-0.30000000000000004,20,False
0,3,-2.0,0,False
1,1,-2.0,1,False
0,1,0.4,10,False
0,0,-0.30000000000000004,0,False
20,3,0.4,21,False
97,1,-1.3,97,False
20,0,-0.30000000000000004,10,False
40,2,-0.30000000000000004,40,False
10,2,-0.30000000000000004,10,False
10,3,0.4,11,False
1,3,0.4,2,False
64,1,0.4,74,False
13,1,0.4,23,False
1,3,-2.0,1,False
31,3,0.4,32,False
11,3,0.4,12,False
0,3,0.4,1,False
20,1,-2.0,20,False
98,3,20.0,99,True
0,3,0.4,1,False
40,1,0.4,50,False
1,1,0.4,11,False
10,3,0.4,11,False
41,3,0.4,42,False
13,1,-2.0,13,False
0,3,0.4,1,False
11,1,0.4,21,False
22,1,0.4,32,False
0,2,-0.30000000000000004,0,False
24,0,-0.30000000000000004,14,False
24,0,-1.3,14,False
1,0,-1.3,1,False
90,3,-3.0,90,False
2,2,-0.30000000000000004,1,False
30,3,0.4,31,False
58,3,-3.0,58,False
13,2,-0.30000000000000004,12,False
1,2,-0.30000000000000004,0,False
2,3,-2.0,2,False
17,3,0.4,18,False
89,1,20.0,99,True
32,1,0.4,42,False
1,2,-0.30000000000000004,0,False
10,3,0.4,11,False
89,3,-1.3,89,False
0,3,0.4,1,False
0,1,0.4,10,False
98,3,20.0,99,True
21,1,0.4,31,False
50,3,0.4,51,False
66,1,0.4,76,False
40,3,0.4,41,False
12,1,0.4,22,False
23,3,0.4,24,False
89,1,20.0,99,True
12,1,0.4,22,False
13,1,-3.0,13,False
32,3,0.4,33,False
1,2,-0.30000000000000004,0,False
10,2,-0.30000000000000004,10,False
0,3,-2.0,0,False
21,1,0.4,31,False
40,1,0.4,50,False
11,2,-0.30000000000000004,10,False
44,1,0.4,54,False
11,1,0.4,21,False
10,3,0.4,11,False
35,3,0.4,36,False
98,3,20.0,99,True
10,0,-0.30000000000000004,0,False
31,0,-0.30000000000000004,21,False
22,1,0.4,32,False
31,3,0.4,32,False
0,3,0.4,1,False
12,1,0.4,22,False
11,0,-0.30000000000000004,1,False
0,2,-0.30000000000000004,0,False
10,3,0.4,11,False
13,1,0.4,23,False
10,3,0.4,11,False
11,1,0.4,21,False
1,0,-0.30000000000000004,1,False
0,0,-0.30000000000000004,0,False
21,1,-3.0,21,False
0,1,0.4,10,False
39,1,0.4,49,False
10,3,0.4,11,False
21,0,-0.30000000000000004,11,False
11,0,-0.30000000000000004,1,False
20,1,0.4,30,False
98,3,20.0,99,True
0,3,0.4,1,False
11,3,0.4,12,False
24,0,-1.3,14,False
2,0,-0.30000000000000004,2,False
89,1,20.0,99,True
10,3,0.4,11,False
67,1,0.4,77,False
1,1,0.4,11,False
1,0,-0.30000000000000004,1,False
89,1,20.0,99,True
41,3,0.4,42,False
24,3,0.4,25,False
32,1,0.4,42,False
5,1,-3.0,5,False
23,1,-0.6,33,False
1,1,0.4,11,False
10,3,0.4,11,False
10,3,0.4,11,False
30,3,0.4,31,False
22,1,0.4,32,False
12,2,-0.30000000000000004,11,False
21,3,0.4,22,False
0,3,0.4,1,False
0,1,0.4,10,False
0,2,-0.30000000000000004,0,False
31,1,0.4,41,False
23,3,-2.0,23,False
22,1,0.4,32,False
0,3,-2.0,0,False
34,3,0.4,35,False
1,2,-0.30000000000000004,0,False
20,3,0.4,21,False
11,1,0.4,21,False
64,1,0.4,74,False
23,2,-0.30000000000000004,22,False
1,1,-2.0,1,False
12,2,-0.30000000000000004,11,False
31,1,0.4,41,False
11,3,0.4,12,False
30,1,-3.0,30,False
22,1,0.4,32,False
21,1,-2.0,21,False
32,3,0.4,33,False
34,1,0.4,44,False
40,3,0.4,41,False
43,3,0.4,44,False
16,1,0.4,26,False
21,1,0.4,31,False
24,3,0.4,25,False
15,3,0.4,16,False
21,3,0.4,22,False
11,3,0.4,12,False
53,1,0.4,63,False
4,1,-2.0,4,False
31,1,0.4,41,False
10,1,-2.0,10,False
32,0,-0.30000000000000004,22,False
20,0,-0.30000000000000004,10,False
11,3,0.4,12,False
40,1,0.4,50,False
0,3,-2.0,0,False
98,3,20.0,99,True
0,3,0.4,1,False
1,3,-2.0,1,False
33,0,-0.30000000000000004,23,False
21,0,-0.30000000000000004,11,False
0,0,-0.30000000000000004,0,False
43,3,0.4,44,False
10,3,0.4,11,False
33,1,-2.0,33,False
10,0,-0.30000000000000004,0,False
41,2,-0.30000000000000004,40,False
62,3,0.4,63,False
11,2,-0.30000000000000004,10,False
0,3,0.4,1,False
65,3,-3.0,65,False
89,1,20.0,99,True
41,2,-0.30000000000000004,40,False
1,3,0.4,2,False
32,1,0.4,42,False
20,3,0.4,21,False
33,0,-0.30000000000000004,23,False
10,0,-0.30000000000000004,0,False
89,1,20.0,99,True
24,3,0.4,25,False
50,1,0.4,60,False
54,3,0.4,55,False
41,1,0.4,51,False
98,3,20.0,99,True
2,3,0.4,3,False
15,1,0.4,25,False
12,1,0.4,22,False
21,2,-0.30000000000000004,20,False
1,3,0.4,2,False
2,3,0.4,3,False
13,2,-0.30000000000000004,12,False
12,1,0.4,22,False
0,0,-0.30000000000000004,0,False
20,0,-1.3,10,False
33,2,-0.30000000000000004,32,False
11,0,-0.30000000000000004,1,False
12,1,0.4,22,False
10,3,0.4,11,False
31,1,0.4,41,False
71,3,-0.6,72,False
0,3,0.4,1,False
0,2,-0.30000000000000004,0,False
28,1,0.4,38,False
10,1,-2.0,10,False
20,3,0.4,21,False
13,3,0.4,14,False
63,1,-3.0,63,False
1,3,-2.0,1,False
0,0,-0.30000000000000004,0,False
20,2,-0.30000000000000004,20,False
89,1,20.0,99,True
22,1,0.4,32,False
11,1,0.4,21,False
22,3,0.4,23,False
2,2,-0.30000000000000004,1,False
2,1,0.4,12,False
89,1,20.0,99,True
11,1,0.4,21,False
11,1,0.4,21,False
30,3,0.4,31,False
0,0,-0.30000000000000004,0,False
15,3,0.4,16,False
16,1,0.4,26,False
10,3,0.4,11,False
75,3,0.4,76,False
10,1,0.4,20,False
1,3,0.4,2,False
43,2,-0.30000000000000004,42,False
21,0,-0.30000000000000004,11,False
0,1,0.4,10,False
1,0,-0.30000000000000004,1,False
89,1,20.0,99,True
89,1,20.0,99,True
10,0,-0.30000000000000004,0,False
23,3,0.4,24,False
52,3,0.4,53,False
10,0,-0.30000000000000004,0,False
23,3,0.4,24,False
1,2,-0.30000000000000004,0,False
89,1,20.0,99,True
0,1,-2.0,0,False
51,3,0.4,52,False
57,3,0.4,58,False
23,1,0.4,33,False
30,0,-0.30000000000000004,20,False
16,3,0.4,17,False
23,2,-2.0,23,False
57,3,0.4,58,False
0,1,0.4,10,False
0,1,0.4,10,False
0,1,0.4,10,False
10,2,-0.30000000000000004,10,False
0,1,0.4,10,False
40,2,-0.30000000000000004,40,False
10,2,-0.30000000000000004,10,False
0,2,-0.30000000000000004,0,False
21,2,-1.3,20,False
43,3,0.4,44,False
12,0,-0.30000000000000004,2,False
51,0,-1.3,41,False
15,3,0.4,16,False
0,1,0.4,10,False
1,1,0.4,11,False
2,1,0.4,12,False
0,0,-0.30000000000000004,0,False
10,1,0.4,20,False
1,3,0.4,2,False
31,2,-0.30000000000000004,30,False
3,2,-0.30000000000000004,2,False
11,3,0.4,12,False
0,1,0.4,10,False
11,0,-0.30000000000000004,1,False
2,2,-0.30000000000000004,1,False
1,1,-2.0,1,False
1,1,0.4,11,False
20,2,-0.30000000000000004,20,False
23,0,-0.30000000000000004,13,False
51,1,0.4,61,False
10,3,0.4,11,False
73,3,0.4,74,False
21,3,0.4,22,False
11,1,0.4,21,False
12,3,0.4,13,False
52,1,-3.0,52,False
22,1,0.4,32,False
89,1,20.0,99,True
0,3,0.4,1,False
4,0,-0.30000000000000004,4,False
2,0,-0.30000000000000004,2,False
98,3,20.0,99,True
0,3,0.4,1,False
0,2,-0.30000000000000004,0,False
30,2,-0.30000000000000004,30,False
24,1,0.4,34,False
43,3,0.4,44,False
89,1,20.0,99,True
11,1,0.4,21,False
1,1,0.4,11,False
14,3,0.4,15,False
32,3,0.4,33,False
30,0,-0.30000000000000004,20,False
11,1,0.4,21,False
0,3,0.4,1,False
45,3,0.4,46,False
46,1,0.4,56,False
21,2,-0.30000000000000004,20,False
3,1,0.4,13,False
32,2,-0.30000000000000004,31,False
12,3,0.4,13,False
0,3,0.4,1,False
33,1,-2.0,33,False
10,0,-0.30000000000000004,0,False
42,2,-1.3,41,False
30,1,0.4,40,False
89,1,20.0,99,True
0,3,0.4,1,False
0,2,-0.30000000000000004,0,False
0,0,-0.30000000000000004,0,False
42,1,0.4,52,False
0,3,0.4,1,False
11,3,0.4,12,False
1,1,-3.0,1,False
21,3,0.4,22,False
12,3,0.4,13,False
2,2,-0.30000000000000004,1,False
11,1,0.4,21,False
64,1,-3.0,64,False
20,0,-0.30000000000000004,10,False
0,1,0.4,10,False
23,2,-0.30000000000000004,22,False
12,3,0.4,13,False
0,1,0.4,10,False
0,1,0.4,10,False
0,3,0.4,1,False
10,3,0.4,11,False
11,1,0.4,21,False
98,3,20.0,99,True
0,3,0.4,1,False
1,3,0.4,2,False
62,2,-1.3,61,False
11,2,-1.3,10,False
13,3,0.4,14,False
22,3,-2.0,22,False
11,2,-1.3,10,False
20,1,0.4,30,False
20,1,0.4,30,False
0,3,0.4,1,False
31,0,-0.30000000000000004,21,False
0,3,0.4,1,False
0,2,-0.30000000000000004,0,False
1,0,-0.30000000000000004,1,False
0,1,0.4,10,False
10,1,0.4,20,False
1,1,-2.0,1,False
31,3,0.4,32,False
21,1,0.4,31,False
89,1,20.0,99,True
98,3,20.0,99,True
1,0,-0.30000000000000004,1,False
52,2,-1.3,51,False
89,1,20.0,99,True
0,2,-0.30000000000000004,0,False
98,3,20.0,99,True
21,1,-2.0,21,False
32,1,0.4,42,False
11,2,-1.3,10,False
12,2,-1.3,11,False
0,3,0.4,1,False
30,3,0.4,31,False
30,1,0.4,40,False
51,0,-1.3,41,False
37,3,0.4,38,False
0,3,0.4,1,False
20,3,0.4,21,False
41,3,0.4,42,False
30,3,-2.0,30,False
1,0,-0.30000000000000004,1,False
2,1,0.4,12,False
0,1,0.4,10,False
12,0,-2.0,12,False
0,3,0.4,1,False
89,1,20.0,99,True
0,0,-0.30000000000000004,0,False
0,2,-0.30000000000000004,0,False
4,2,-0.30000000000000004,3,False
2,1,0.4,12,False
1,2,-0.30000000000000004,0,False
89,1,20.0,99,True
23,1,0.4,33,False
53,0,-0.30000000000000004,43,False
20,1,0.4,30,False
44,1,0.4,54,False
18,1,0.4,28,False
37,1,-3.0,37,False
98,3,20.0,99,True
0,3,0.4,1,False
98,3,20.0,99,True
51,3,-3.0,51,False
54,3,0.4,55,False
13,3,-3.0,13,False
1,3,-3.0,1,False
54,0,-0.30000000000000004,44,False
10,0,-0.30000000000000004,0,False
13,3,-2.0,13,False
31,3,0.4,32,False
20,1,0.4,30,False
21,0,-0.30000000000000004,11,False
12,2,-1.3,11,False
21,3,0.4,22,False
20,1,-0.6,30,False
89,1,20.0,99,True
2,3,0.4,3,False
0,1,-2.0,0,False
42,3,0.4,43,False
89,1,20.0,99,True
10,1,0.4,20,False
10,0,-0.30000000000000004,0,False
64,1,-3.0,64,False
20,1,0.4,30,False
1,3,0.4,2,False
32,2,-2.0,32,False
51,3,0.4,52,False
33,1,0.4,43,False
89,1,20.0,99,True
1,1,0.4,11,False
23,3,0.4,24,False
30,0,-0.30000000000000004,20,False
11,0,-0.30000000000000004,1,False
14,1,0.4,24,False
23,2,-0.30000000000000004,22,False
96,1,-1.3,96,False
20,0,-0.30000000000000004,10,False
31,1,0.4,41,False
52,0,-0.30000000000000004,42,False
0,1,-2.0,0,False
2,2,-0.30000000000000004,1,False
10,1,0.4,20,False
10,1,-2.0,10,False
40,2,-1.3,40,False
10,1,-2.0,10,False
42,1,0.4,52,False
0,3,0.4,1,False
11,2,-0.30000000000000004,10,False
10,1,0.4,20,False
30,3,0.4,31,False
23,0,-0.30000000000000004,13,False
1,1,0.4,11,False
0,3,-2.0,0,False
12,0,-0.30000000000000004,2,False
89,1,20.0,99,True
30,3,0.4,31,False
3,3,0.4,4,False
2,3,0.4,3,False
10,1,0.4,20,False
0,1,-2.0,0,False
45,1,0.4,55,False
42,0,-0.30000000000000004,32,False
13,3,0.4,14,False
0,0,-0.30000000000000004,0,False
1,1,0.4,11,False
1,1,0.4,11,False
2,1,0.4,12,False
32,3,0.4,33,False
0,0,-0.30000000000000004,0,False
0,1,-2.0,0,False
89,1,20.0,99,True
0,1,0.4,10,False
30,3,-2.0,30,False
36,1,0.4,46,False
89,1,20.0,99,True
21,2,-0.30000000000000004,20,False
20,3,0.4,21,False
41,0,-0.30000000000000004,31,False
32,0,-0.30000000000000004,22,False
89,1,20.0,99,True
11,2,-0.30000000000000004,10,False
12,0,-0.30000000000000004,2,False
11,1,0.4,21,False
20,0,-0.30000000000000004,10,False
0,2,-0.30000000000000004,0,False
6,1,0.4,16,False
30,3,0.4,31,False
21,3,-2.0,21,False
10,3,0.4,11,False
21,3,0.4,22,False
52,1,0.4,62,False
21,3,0.4,22,False
13,1,0.4,23,False
24,1,-2.0,24,False
35,2,-1.3,34,False
98,3,20.0,99,True
22,1,0.4,32,False
1,0,-0.30000000000000004,1,False
29,1,0.4,39,False
98,3,20.0,99,True
0,1,0.4,10,False
0,2,-0.30000000000000004,0,False
40,3,0.4,41,False
1,1,0.4,11,False
42,3,-0.6,43,False
12,3,0.4,13,False
13,1,-0.6,23,False
52,3,-3.0,52,False
1,0,-1.3,1,False
2,1,0.4,12,False
10,1,0.4,20,False
32,0,-0.30000000000000004,22,False
22,1,0.4,32,False
20,1,0.4,30,False
28,1,0.4,38,False
23,0,-1.3,13,False
98,3,20.0,99,True
1,3,0.4,2,False
30,1,0.4,40,False
89,1,20.0,99,True
52,1,0.4,62,False
10,0,-0.30000000000000004,0,False
20,3,0.4,21,False
1,3,0.4,2,False
10,1,0.4,20,False
89,1,20.0,99,True
1,1,0.4,11,False
40,0,-2.0,40,False
0,1,0.4,10,False
31,3,0.4,32,False
92,2,-0.30000000000000004,91,False
20,2,-0.30000000000000004,20,False
40,1,0.4,50,False
54,1,0.4,64,False
0,3,0.4,1,False
98,3,20.0,99,True
89,1,20.0,99,True
2,0,-0.30000000000000004,2,False
21,3,0.4,22,False
11,3,0.4,12,False
1,0,-0.30000000000000004,1,False
34,3,0.4,35,False
24,3,0.4,25,False
21,0,-0.30000000000000004,11,False
44,2,-1.3,43,False
0,0,-0.30000000000000004,0,False
22,3,0.4,23,False
35,1,0.4,45,False
11,0,-0.30000000000000004,1,False
42,1,-0.6,52,False
0,2,-0.30000000000000004,0,False
0,0,-0.30000000000000004,0,False
11,1,0.4,21,False
1,3,0.4,2,False
23,3,0.4,24,False
1,3,0.4,2,False
12,1,0.4,22,False
20,1,0.4,30,False
10,0,-0.30000000000000004,0,False
1,3,0.4,2,False
0,1,0.4,10,False
0,0,-0.30000000000000004,0,False
21,2,-0.30000000000000004,20,False
31,0,-0.30000000000000004,21,False
12,1,0.4,22,False
11,1,0.4,21,False
1,1,-2.0,1,False
0,1,0.4,10,False
0,2,-0.30000000000000004,0,False
22,0,-1.3,12,False
33,1,0.4,43,False
2,0,-0.30000000000000004,2,False
30,3,0.4,31,False
0,1,0.4,10,False
20,2,-0.30000000000000004,20,False
89,1,20.0,99,True
13,0,-0.30000000000000004,3,False
98,3,20.0,99,True
21,1,0.4,31,False
21,3,0.4,22,False
1,2,-0.30000000000000004,0,False
89,1,20.0,99,True
0,1,0.4,10,False
32,3,0.4,33,False
41,3,0.4,42,False
0,1,0.4,10,False
0,3,0.4,1,False
24,3,0.4,25,False
4,3,0.4,5,False
20,1,0.4,30,False
15,1,0.4,25,False
91,3,0.4,92,False
1,1,0.4,11,False
0,1,0.4,10,False
0,0,-0.30000000000000004,0,False
2,3,-2.0,2,False
0,3,0.4,1,False
43,3,0.4,44,False
30,1,0.4,40,False
5,1,0.4,15,False
31,3,-2.0,31,False
89,1,20.0,99,True
12,3,-2.0,12,False
0,3,0.4,1,False
0,1,0.4,10,False
12,1,0.4,22,False
1,1,-2.0,1,False
20,1,0.4,30,False
10,3,0.4,11,False
11,3,0.4,12,False
22,1,0.4,32,False
1,2,-0.30000000000000004,0,False
22,1,-2.0,22,False
0,0,-0.30000000000000004,0,False
32,2,-0.30000000000000004,31,False
13,1,-2.0,13,False
10,3,0.4,11,False
89,1,20.0,99,True
20,3,0.4,21,False
20,2,-0.30000000000000004,20,False
11,1,0.4,21,False
11,3,0.4,12,False
89,1,20.0,99,True
0,2,-0.30000000000000004,0,False
13,3,0.4,14,False
41,1,0.4,51,False
98,3,20.0,99,True
22,3,-2.0,22,False
21,3,0.4,22,False
89,1,20.0,99,True
12,1,0.4,22,False
1,1,0.4,11,False
4,1,0.4,14,False
23,2,-0.30000000000000004,22,False
11,1,0.4,21,False
10,1,-2.0,10,False
11,0,-1.3,1,False
11,1,0.4,21,False
10,1,0.4,20,False
11,1,0.4,21,False
14,3,0.4,15,False
3,1,0.4,13,False
10,1,0.4,20,False
13,0,-0.30000000000000004,3,False
10,1,0.4,20,False
0,3,0.4,1,False
33,3,0.4,34,False
89,1,20.0,99,True
21,3,0.4,22,False
10,3,0.4,11,False
11,1,0.4,21,False
0,3,0.4,1,False
0,1,0.4,10,False
0,3,0.4,1,False
11,3,0.4,12,False
1,0,-1.3,1,False
0,2,-0.30000000000000004,0,False
89,1,20.0,99,True
2,3,0.4,3,False
0,3,0.4,1,False
24,2,-0.30000000000000004,23,False
54,3,0.4,55,False
1,3,0.4,2,False
39,0,-1.3,29,False
1,1,0.4,11,False
89,1,20.0,99,True
0,2,-0.30000000000000004,0,False
20,1,-3.0,20,False
0,0,-0.30000000000000004,0,False
0,3,0.4,1,False
4,0,-1.3,4,False
63,0,-0.30000000000000004,53,False
0,1,0.4,10,False
31,0,-2.0,31,False
21,2,-0.30000000000000004,20,False
22,3,0.4,23,False
1,0,-0.30000000000000004,1,False
34,0,-0.30000000000000004,24,False
10,2,-0.30000000000000004,10,False
11,1,0.4,21,False
2,3,0.4,3,False
21,3,0.4,22,False
41,1,0.4,51,False
57,3,0.4,58,False
1,1,0.4,11,False
11,1,0.4,21,False
95,0,-0.30000000000000004,85,False
12,0,-2.0,12,False
62,3,-0.6,63,False
98,3,20.0,99,True
24,0,-0.30000000000000004,14,False
10,3,0.4,11,False
26,1,0.4,36,False
32,0,-0.30000000000000004,22,False
1,1,0.4,11,False
2,1,0.4,12,False
1,3,0.4,2,False
0,3,0.4,1,False
98,3,20.0,99,True
3,3,0.4,4,False
0,1,0.4,10,False
93,3,0.4,94,False
12,3,-2.0,12,False
0,1,-2.0,0,False
41,1,0.4,51,False
52,1,0.4,62,False
98,3,20.0,99,True
89,1,20.0,99,True
0,3,-3.0,0,False
37,3,0.4,38,False
12,1,0.4,22,False
0,3,-2.0,0,False
10,3,0.4,11,False
53,3,0.4,54,False
11,3,0.4,12,False
1,1,-2.0,1,False
3,0,-0.30000000000000004,3,False
0,1,0.4,10,False
47,1,-0.6,57,False
24,0,-0.30000000000000004,14,False
11,2,-0.30000000000000004,10,False
53,1,0.4,63,False
1,3,0.4,2,False
14,1,-0.6,24,False
12,1,0.4,22,False
1,1,-3.0,1,False
11,2,-1.3,10,False
11,3,-2.0,11,False
3,3,0.4,4,False
0,1,-2.0,0,False
22,1,-2.0,22,False
40,1,-2.0,40,False
1,3,0.4,2,False
42,1,-3.0,42,False
1,0,-0.30000000000000004,1,False
30,2,-0.30000000000000004,30,False
10,1,0.4,20,False
21,1,0.4,31,False
0,3,0.4,1,False
11,3,0.4,12,False
37,2,-1.3,36,False
10,1,0.4,20,False
98,3,20.0,99,True
1,3,0.4,2,False
44,1,0.4,54,False
0,2,-0.30000000000000004,0,False
59,1,0.4,69,False
12,0,-0.30000000000000004,2,False
20,1,0.4,30,False
20,2,-0.30000000000000004,20,False
89,1,20.0,99,True
0,0,-0.30000000000000004,0,False
0,1,0.4,10,False
89,1,20.0,99,True
11,3,-2.0,11,False
35,1,0.4,45,False
11,1,0.4,21,False
89,1,20.0,99,True
43,1,0.4,53,False
13,1,0.4,23,False
0,1,0.4,10,False
41,2,-0.30000000000000004,40,False
11,0,-0.30000000000000004,1,False
89,1,20.0,99,True
89,1,20.0,99,True
23,1,0.4,33,False
10,1,0.4,20,False
33,1,0.4,43,False
31,1,0.4,41,False
11,3,0.4,12,False
11,3,0.4,12,False
26,1,0.4,36,False
1,3,0.4,2,False
10,0,-0.30000000000000004,0,False
0,2,-0.30000000000000004,0,False
0,1,0.4,10,False
0,1,0.4,10,False
13,3,0.4,14,False
0,0,-0.30000000000000004,0,False
1,2,-0.30000000000000004,0,False
13,2,-0.30000000000000004,12,False
1,3,0.4,2,False
0,3,-2.0,0,False
3,3,0.4,4,False
62,3,0.4,63,False
48,3,0.4,49,False
44,3,0.4,45,False
32,3,0.4,33,False
52,1,0.4,62,False
30,3,0.4,31,False
10,1,0.4,20,False
32,3,0.4,33,False
33,2,-0.30000000000000004,32,False
21,2,-0.30000000000000004,20,False
98,3,20.0,99,True
30,2,-1.3,30,False
1,2,-0.30000000000000004,0,False
22,1,-3.0,22,False
12,3,0.4,13,False
10,2,-0.30000000000000004,10,False
0,3,0.4,1,False
14,0,-0.30000000000000004,4,False
98,3,20.0,99,True
0,3,0.4,1,False
0,0,-0.30000000000000004,0,False
89,1,20.0,99,True
33,3,0.4,34,False
0,1,0.4,10,False
30,3,0.4,31,False
61,3,-0.6,62,False
12,1,0.4,22,False
10,1,0.4,20,False
12,1,-3.0,12,False
13,1,0.4,23,False
11,3,-2.0,11,False
2,3,-0.6,3,False
34,2,-1.3,33,False
11,2,-0.30000000000000004,10,False
77,1,0.4,87,False
30,3,0.4,31,False
11,1,0.4,21,False
98,3,20.0,99,True
0,1,0.4,10,False
31,1,0.4,41,False
10,3,-2.0,10,False
34,0,-0.30000000000000004,24,False
40,0,-0.30000000000000004,30,False
1,3,0.4,2,False
24,1,0.4,34,False
89,1,20.0,99,True
22,3,0.4,23,False
34,3,-2.0,34,False
23,3,0.4,24,False
89,1,20.0,99,True
22,1,0.4,32,False
0,3,-2.0,0,False
34,3,0.4,35,False
11,0,-0.30000000000000004,1,False
16,1,0.4,26,False
33,3,-2.0,33,False
11,1,0.4,21,False
10,2,-0.30000000000000004,10,False
16,2,-1.3,15,False
11,3,0.4,12,False
32,2,-0.30000000000000004,31,False
10,3,0.4,11,False
0,3,0.4,1,False
0,1,0.4,10,False
30,3,0.4,31,False
11,0,-0.30000000000000004,1,False
11,2,-0.30000000000000004,10,False
22,3,0.4,23,False
20,3,0.4,21,False
11,3,0.4,12,False
12,0,-0.30000000000000004,2,False
22,1,0.4,32,False
13,1,0.4,23,False
32,3,0.4,33,False
98,3,20.0,99,True
12,3,0.4,13,False
14,2,-1.3,13,False
3,0,-0.30000000000000004,3,False
0,1,0.4,10,False
32,3,0.4,33,False
22,3,0.4,23,False
4,0,-1.3,4,False
1,3,0.4,2,False
0,0,-0.30000000000000004,0,False
11,1,0.4,21,False
1,2,-0.30000000000000004,0,False
2,3,0.4,3,False
13,1,0.4,23,False
0,3,0.4,1,False
1,1,0.4,11,False
1,2,-0.30000000000000004,0,False
22,3,0.4,23,False
49,3,-1.3,49,False
22,1,0.4,32,False
1,3,-2.0,1,False
23,3,-0.6,24,False
51,1,0.4,61,False
1,1,0.4,11,False
11,1,0.4,21,False
1,3,0.4,2,False
1,2,-0.30000000000000004,0,False
1,0,-0.30000000000000004,1,False
20,3,0.4,21,False
10,1,0.4,20,False
20,1,-0.6,30,False
10,1,0.4,20,False
10,3,-3.0,10,False
64,3,0.4,65,False
0,2,-0.30000000000000004,0,False
0,2,-0.30000000000000004,0,False
22,2,-0.30000000000000004,21,False
42,3,0.4,43,False
0,2,-0.30000000000000004,0,False
21,0,-0.30000000000000004,11,False
20,2,-0.30000000000000004,20,False
30,3,0.4,31,False
82,2,-0.30000000000000004,81,False
32,0,-0.30000000000000004,22,False
1,0,-0.30000000000000004,1,False
11,1,0.4,21,False
14,0,-0.30000000000000004,4,False
0,1,0.4,10,False
10,1,0.4,20,False
1,3,0.4,2,False
1,1,0.4,11,False
14,3,-2.0,14,False
76,0,-0.30000000000000004,66,False
0,3,0.4,1,False
1,3,0.4,2,False
0,0,-0.30000000000000004,0,False
12,1,-2.0,12,False
20,0,-1.3,10,False
0,0,-0.30000000000000004,0,False
2,1,-2.0,2,False
24,1,-3.0,24,False
32,3,-3.0,32,False
0,3,0.4,1,False
42,1,0.4,52,False
12,3,0.4,13,False
0,3,0.4,1,False
12,2,-0.30000000000000004,11,False
11,3,0.4,12,False
11,3,0.4,12,False
12,2,-0.30000000000000004,11,False
0,3,0.4,1,False
98,3,20.0,99,True
0,1,0.4,10,False
0,3,0.4,1,False
0,0,-0.30000000000000004,0,False
89,1,20.0,99,True
2,2,-0.30000000000000004,1,False
50,3,0.4,51,False
10,1,0.4,20,False
12,1,0.4,22,False
89,1,20.0,99,True
3,3,-2.0,3,False
0,1,0.4,10,False
12,2,-3.0,12,False
20,1,0.4,30,False
1,1,0.4,11,False
25,1,0.4,35,False
70,1,0.4,80,False
20,3,0.4,21,False
25,1,-2.0,25,False
10,3,0.4,11,False
1,3,0.4,2,False
11,1,0.4,21,False
20,2,-0.30000000000000004,20,False
11,1,0.4,21,False
40,1,0.4,50,False
42,0,-0.30000000000000004,32,False
10,3,-2.0,10,False
3,1,-2.0,3,False
85,1,0.4,95,False
0,3,0.4,1,False
20,0,-0.30000000000000004,10,False
89,1,20.0,99,True
40,1,-0.6,50,False
0,0,-0.30000000000000004,0,False
89,1,20.0,99,True
30,1,0.4,40,False
0,2,-0.30000000000000004,0,False
20,2,-0.30000000000000004,20,False
55,0,-0.30000000000000004,45,False
0,1,0.4,10,False
98,3,20.0,99,True
0,3,0.4,1,False
12,3,0.4,13,False
64,3,0.4,65,False
1,3,-2.0,1,False
10,3,0.4,11,False
32,1,0.4,42,False
12,1,0.4,22,False
22,3,0.4,23,False
89,1,20.0,99,True
20,2,-0.30000000000000004,20,False
11,3,0.4,12,False
0,0,-0.30000000000000004,0,False
11,1,0.4,21,False
10,2,-1.3,10,False
0,1,0.4,10,False
30,3,0.4,31,False
0,3,-2.0,0,False
21,2,-0.30000000000000004,20,False
1,2,-0.30000000000000004,0,False
0,1,-2.0,0,False
43,3,-3.0,43,False
0,0,-0.30000000000000004,0,False
98,3,20.0,99,True
22,3,0.4,23,False
1,0,-0.30000000000000004,1,False
24,1,-2.0,24,False
98,3,20.0,99,True
0,3,0.4,1,False
10,1,0.4,20,False
22,1,0.4,32,False
0,3,0.4,1,False
61,1,-2.0,61,False
89,1,20.0,99,True
1,1,0.4,11,False
12,1,0.4,22,False
22,1,0.4,32,False
2,1,0.4,12,False
98,3,20.0,99,True
34,3,0.4,35,False
12,3,0.4,13,False
5,3,0.4,6,False
0,1,0.4,10,False
44,3,0.4,45,False
98,3,20.0,99,True
89,1,20.0,99,True
0,2,-0.30000000000000004,0,False
14,3,-2.0,14,False
10,3,0.4,11,False
11,3,0.4,12,False
89,1,20.0,99,True
12,1,0.4,22,False
24,1,-3.0,24,False
20,1,0.4,30,False
13,3,0.4,14,False
12,2,-0.30000000000000004,11,False
33,3,0.4,34,False
22,2,-0.30000000000000004,21,False
20,3,0.4,21,False
13,0,-0.30000000000000004,3,False
0,2,-0.30000000000000004,0,False
61,3,0.4,62,False
13,3,0.4,14,False
0,3,0.4,1,False
20,2,-0.30000000000000004,20,False
10,3,0.4,11,False
89,1,20.0,99,True
23,2,-0.30000000000000004,22,False
98,3,20.0,99,True
52,1,0.4,62,False
2,3,0.4,3,False
2,2,-0.30000000000000004,1,False
89,1,20.0,99,True
98,3,20.0,99,True
0,2,-0.30000000000000004,0,False
0,0,-0.30000000000000004,0,False
0,0,-0.30000000000000004,0,False
11,2,-0.30000000000000004,10,False
43,0,-0.30000000000000004,33,False
0,3,-2.0,0,False
10,1,0.4,20,False
31,0,-1.3,21,False
1,0,-0.30000000000000004,1,False
4,1,0.4,14,False
0,1,0.4,10,False
11,3,0.4,12,False
13,1,-2.0,13,False
36,2,-1.3,35,False
89,1,20.0,99,True
13,3,0.4,14,False
15,0,-1.3,5,False
5,1,0.4,15,False
10,3,0.4,11,False
0,1,0.4,10,False
12,1,-2.0,12,False
11,1,0.4,21,False
33,1,-3.0,33,False
13,1,0.4,23,False
0,1,-2.0,0,False
22,2,-0.30000000000000004,21,False
1,3,0.4,2,False
12,3,0.4,13,False
11,1,0.4,21,False
0,0,-1.3,0,False
3,3,0.4,4,False
21,1,0.4,31,False
20,3,-2.0,20,False
1,1,-2.0,1,False
0,0,-0.30000000000000004,0,False
12,0,-0.30000000000000004,2,False
3,2,-0.30000000000000004,2,False
2,3,0.4,3,False
22,3,0.4,23,False
89,1,20.0,99,True
0,3,-2.0,0,False
0,1,0.4,10,False
31,1,0.4,41,False
0,1,0.4,10,False
14,0,-2.0,14,False
12,1,0.4,22,False
12,3,0.4,13,False
21,2,-0.30000000000000004,20,False
25,3,-2.0,25,False
89,1,20.0,99,True
85,2,-1.3,84,False
42,3,0.4,43,False
0,3,0.4,1,False
73,1,0.4,83,False
2,3,0.4,3,False
32,1,0.4,42,False
10,3,0.4,11,False
30,3,-0.6,31,False
12,3,0.4,13,False
21,3,-3.0,21,False
12,3,0.4,13,False
20,1,0.4,30,False
11,2,-0.30000000000000004,10,False
1,3,0.4,2,False
22,1,0.4,32,False
11,3,0.4,12,False
10,3,0.4,11,False
10,0,-0.30000000000000004,0,False
32,1,0.4,42,False
3,3,0.4,4,False
10,3,0.4,11,False
1,3,0.4,2,False
89,1,20.0,99,True
30,2,-0.30000000000000004,30,False
23,2,-2.0,23,False
31,1,0.4,41,False
10,1,0.4,20,False
10,2,-0.30000000000000004,10,False
0,1,0.4,10,False
10,3,0.4,11,False
22,0,-0.30000000000000004,12,False
30,1,0.4,40,False
11,1,0.4,21,False
20,1,0.4,30,False
35,1,-3.0,35,False
12,1,0.4,22,False
31,3,-2.0,31,False
24,2,-0.30000000000000004,23,False
0,1,0.4,10,False
98,3,20.0,99,True
62,1,0.4,72,False
22,3,-2.0,22,False
0,3,0.4,1,False
12,3,0.4,13,False
0,1,-2.0,0,False
42,2,-0.30000000000000004,41,False
98,3,20.0,99,True
10,2,-0.30000000000000004,10,False
11,3,0.4,12,False
30,2,-0.30000000000000004,30,False
15,3,0.4,16,False
2,3,-2.0,2,False
51,3,0.4,52,False
0,1,0.4,10,False
34,3,0.4,35,False
1,2,-0.30000000000000004,0,False
0,1,0.4,10,False
32,3,0.4,33,False
12,3,0.4,13,False
0,2,-0.30000000000000004,0,False
2,3,0.4,3,False
1,3,0.4,2,False
0,3,0.4,1,False
0,3,-2.0,0,False
31,1,0.4,41,False
11,0,-2.0,11,False
10,3,0.4,11,False
5,3,0.4,6,False
10,0,-0.30000000000000004,0,False
0,3,0.4,1,False
89,1,20.0,99,True
11,3,0.4,12,False
0,0,-0.30000000000000004,0,False
43,1,0.4,53,False
21,3,0.4,22,False
56,1,0.4,66,False
0,1,0.4,10,False
0,3,0.4,1,False
3,3,0.4,4,False
3,0,-0.30000000000000004,3,False
31,1,0.4,41,False
13,3,0.4,14,False
20,1,-3.0,20,False
42,1,0.4,52,False
0,3,-2.0,0,False
73,1,0.4,83,False
0,3,-2.0,0,False
24,2,-0.30000000000000004,23,False
1,2,-0.30000000000000004,0,False
24,1,0.4,34,False
1,2,-0.30000000000000004,0,False
0,1,0.4,10,False
22,1,0.4,32,False
41,3,0.4,42,False
21,1,-0.6,31,False
46,0,-3.0,46,False
10,1,0.4,20,False
32,3,0.4,33,False
0,0,-0.30000000000000004,0,False
37,3,-3.0,37,False
1,1,-2.0,1,False
31,1,0.4,41,False
33,1,-0.6,43,False
1,3,0.4,2,False
11,1,0.4,21,False
30,3,0.4,31,False
0,2,-0.30000000000000004,0,False
31,3,0.4,32,False
31,3,0.4,32,False
1,1,0.4,11,False
1,3,0.4,2,False
0,1,0.4,10,False
20,1,0.4,30,False
1,3,0.4,2,False
1,0,-0.30000000000000004,1,False
12,1,0.4,22,False
33,1,0.4,43,False
10,3,0.4,11,False
1,1,-0.6,11,False
0,3,-2.0,0,False
32,2,-0.30000000000000004,31,False
13,1,-0.6,23,False
98,3,20.0,99,True
11,3,0.4,12,False
98,3,20.0,99,True
1,2,-0.30000000000000004,0,False
2,2,-0.30000000000000004,1,False
89,1,20.0,99,True
12,2,-0.30000000000000004,11,False
20,1,0.4,30,False
89,1,20.0,99,True
20,3,-2.0,20,False
33,2,-0.30000000000000004,32,False
89,1,20.0,99,True
47,0,-0.30000000000000004,37,False
0,2,-0.30000000000000004,0,False
1,1,0.4,11,False
89,1,20.0,99,True
0,3,0.4,1,False
89,1,20.0,99,True
13,3,0.4,14,False
0,0,-0.30000000000000004,0,False
89,1,20.0,99,True
2,2,-0.30000000000000004,1,False
89,1,20.0,99,True
31,3,0.4,32,False
0,1,0.4,10,False
43,1,0.4,53,False
0,1,0.4,10,False
1,1,0.4,11,False
10,1,0.4,20,False
0,3,0.4,1,False
1,0,-0.30000000000000004,1,False
0,3,0.4,1,False
15,3,0.4,16,False
42,3,0.4,43,False
1,3,0.4,2,False
20,2,-0.30000000000000004,20,False
1,0,-0.30000000000000004,1,False
11,2,-0.30000000000000004,10,False
12,0,-0.30000000000000004,2,False
0,3,0.4,1,False
11,1,-2.0,11,False
0,0,-0.30000000000000004,0,False
14,3,0.4,15,False
0,0,-0.30000000000000004,0,False
1,1,0.4,11,False
89,1,20.0,99,True
2,2,-0.30000000000000004,1,False
89,1,20.0,99,True
0,3,-2.0,0,False
10,3,-2.0,10,False
10,3,0.4,11,False
0,3,0.4,1,False
1,1,0.4,11,False
11,3,0.4,12,False
0,1,0.4,10,False
1,2,-0.30000000000000004,0,False
11,1,0.4,21,False
98,3,20.0,99,True
62,1,0.4,72,False
2,3,0.4,3,False
89,1,20.0,99,True
10,0,-0.30000000000000004,0,False
55,3,0.4,56,False
32,1,0.4,42,False
36,0,-0.30000000000000004,26,False
11,1,0.4,21,False
20,1,0.4,30,False
29,2,-1.3,28,False
3,2,-0.30000000000000004,2,False
20,3,0.4,21,False
10,1,0.4,20,False
0,2,-0.30000000000000004,0,False
45,3,0.4,46,False
2,2,-0.30000000000000004,1,False
33,1,0.4,43,False
34,0,-0.30000000000000004,24,False
34,3,-0.6,35,False
14,3,0.4,15,False
1,1,0.4,11,False
89,1,20.0,99,True
98,3,20.0,99,True
20,3,-2.0,20,False
14,1,0.4,24,False
21,0,-0.30000000000000004,11,False
16,1,0.4,26,False
10,1,-2.0,10,False
11,3,0.4,12,False
21,1,0.4,31,False
33,1,0.4,43,False
0,1,0.4,10,False
0,3,0.4,1,False
30,0,-1.3,20,False
98,3,20.0,99,True
31,0,-0.30000000000000004,21,False
31,1,0.4,41,False
21,1,-3.0,21,False
21,3,-2.0,21,False
10,1,0.4,20,False
4,3,0.4,5,False
10,2,-1.3,10,False
20,1,0.4,30,False
10,0,-0.30000000000000004,0,False
10,1,-2.0,10,False
1,1,0.4,11,False
21,1,-2.0,21,False
10,1,0.4,20,False
10,3,0.4,11,False
3,1,0.4,13,False
10,3,0.4,11,False
0,0,-0.30000000000000004,0,False
42,1,0.4,52,False
89,1,20.0,99,True
50,3,0.4,51,False
11,0,-2.0,11,False
21,3,-2.0,21,False
98,3,20.0,99,True
32,1,0.4,42,False
13,3,0.4,14,False
0,3,0.4,1,False
2,3,0.4,3,False
11,1,-2.0,11,False
63,3,0.4,64,False
2,0,-0.30000000000000004,2,False
73,1,0.4,83,False
22,0,-1.3,12,False
31,1,0.4,41,False
0,1,0.4,10,False
0,2,-0.30000000000000004,0,False
20,3,0.4,21,False
0,3,0.4,1,False
11,1,0.4,21,False
21,0,-0.30000000000000004,11,False
10,3,0.4,11,False
1,0,-0.30000000000000004,1,False
89,1,20.0,99,True
32,3,0.4,33,False
0,1,0.4,10,False
22,0,-0.30000000000000004,12,False
12,3,0.4,13,False
13,1,-0.6,23,False
4,1,0.4,14,False
10,3,0.4,11,False
0,3,0.4,1,False
11,1,0.4,21,False
0,3,0.4,1,False
2,1,-2.0,2,False
1,3,0.4,2,False
10,1,0.4,20,False
22,3,0.4,23,False
21,3,0.4,22,False
41,3,0.4,42,False
0,2,-0.30000000000000004,0,False
98,3,20.0,99,True
89,1,20.0,99,True
32,3,0.4,33,False
21,2,-0.30000000000000004,20,False
4,3,0.4,5,False
43,1,0.4,53,False
40,2,-0.30000000000000004,40,False
1,2,-0.30000000000000004,0,False
8,0,-1.3,8,False
89,1,20.0,99,True
41,0,-2.0,41,False
23,0,-0.30000000000000004,13,False
1,1,-0.6,11,False
0,2,-0.30000000000000004,0,False
21,0,-0.30000000000000004,11,False
20,3,-2.0,20,False
11,2,-0.30000000000000004,10,False
2,1,0.4,12,False
22,1,0.4,32,False
1,1,0.4,11,False
2,3,0.4,3,False
70,1,0.4,80,False
0,0,-0.30000000000000004,0,False
2,3,0.4,3,False
64,0,-0.30000000000000004,54,False
10,1,0.4,20,False
30,1,0.4,40,False
10,2,-0.30000000000000004,10,False
1,3,0.4,2,False
10,3,0.4,11,False
10,0,-0.30000000000000004,0,False
2,3,0.4,3,False
89,1,20.0,99,True
31,3,-2.0,31,False
1,3,0.4,2,False
0,1,0.4,10,False
51,2,-0.30000000000000004,50,False
64,2,-0.30000000000000004,63,False
98,3,20.0,99,True
98,3,20.0,99,True
1,3,0.4,2,False
20,1,0.4,30,False
98,3,20.0,99,True
1,3,0.4,2,False
12,2,-0.30000000000000004,11,False
1,0,-0.30000000000000004,1,False
0,3,-2.0,0,False
11,3,0.4,12,False
0,1,0.4,10,False
22,1,0.4,32,False
89,1,20.0,99,True
40,2,-1.3,40,False
0,3,0.4,1,False
20,3,-3.0,20,False
22,2,-0.30000000000000004,21,False
33,0,-1.3,23,False
0,3,-2.0,0,False
44,1,0.4,54,False
89,1,20.0,99,True
20,1,0.4,30,False
0,3,0.4,1,False
11,3,0.4,12,False
14,3,0.4,15,False
33,3,-0.6,34,False
0,0,-0.30000000000000004,0,False
22,3,0.4,23,False
20,2,-0.30000000000000004,20,False
24,3,-2.0,24,False
0,1,-3.0,0,False
12,1,-2.0,12,False
51,1,0.4,61,False
20,2,-0.30000000000000004,20,False
3,3,0.4,4,False
73,0,-1.3,63,False
21,3,0.4,22,False
20,3,-2.0,20,False
10,3,-2.0,10,False
3,0,-0.30000000000000004,3,False
1,0,-0.30000000000000004,1,False
89,1,20.0,99,True
12,2,-1.3,11,False
0,2,-0.30000000000000004,0,False
0,0,-0.30000000000000004,0,False
98,3,20.0,99,True
0,0,-0.30000000000000004,0,False
22,1,-2.0,22,False
12,1,0.4,22,False
21,3,0.4,22,False
21,3,0.4,22,False
89,1,20.0,99,True
3,2,-0.30000000000000004,2,False
0,3,0.4,1,False
1,1,0.4,11,False
24,1,0.4,34,False
50,1,-3.0,50,False
1,3,0.4,2,False
91,3,-0.6,92,False
2,1,0.4,12,False
1,0,-0.30000000000000004,1,False
0,3,0.4,1,False
11,3,0.4,12,False
23,0,-0.30000000000000004,13,False
31,0,-0.30000000000000004,21,False
2,3,-2.0,2,False
1,3,-2.0,1,False
13,1,0.4,23,False
30,2,-0.30000000000000004,30,False
0,2,-0.30000000000000004,0,False
23,1,0.4,33,False
0,1,0.4,10,False
11,3,0.4,12,False
10,3,0.4,11,False
21,3,0.4,22,False
24,3,0.4,25,False
11,3,0.4,12,False
4,3,0.4,5,False
0,2,-0.30000000000000004,0,False
1,3,0.4,2,False
93,3,0.4,94,False
69,0,-0.30000000000000004,59,False
89,1,20.0,99,True
32,1,0.4,42,False
30,0,-0.30000000000000004,20,False
24,3,0.4,25,False
10,0,-0.30000000000000004,0,False
10,1,-2.0,10,False
10,2,-0.30000000000000004,10,False
11,0,-0.30000000000000004,1,False
21,3,0.4,22,False
10,1,0.4,20,False
3,0,-0.30000000000000004,3,False
4,1,0.4,14,False
1,2,-0.30000000000000004,0,False
32,0,-0.30000000000000004,22,False
22,2,-0.30000000000000004,21,False
24,2,-0.30000000000000004,23,False
10,3,0.4,11,False
17,3,-3.0,17,False
21,2,-0.30000000000000004,20,False
14,0,-2.0,14,False
10,0,-0.30000000000000004,0,False
32,1,0.4,42,False
43,1,0.4,53,False
2,1,0.4,12,False
0,3,-2.0,0,False
20,1,-2.0,20,False
20,3,0.4,21,False
0,2,-0.30000000000000004,0,False
0,3,0.4,1,False
13,2,-0.30000000000000004,12,False
10,3,0.4,11,False
1,0,-0.30000000000000004,1,False
21,1,0.4,31,False
11,3,0.4,12,False
0,3,0.4,1,False
1,3,0.4,2,False
22,3,0.4,23,False
0,1,-2.0,0,False
30,2,-0.30000000000000004,30,False
14,1,0.4,24,False
0,0,-0.30000000000000004,0,False
30,3,0.4,31,False
32,3,0.4,33,False
0,1,-2.0,0,False
50,3,0.4,51,False
43,2,-0.30000000000000004,42,False
22,3,0.4,23,False
22,1,0.4,32,False
12,3,0.4,13,False
0,1,0.4,10,False
21,3,0.4,22,False
0,3,0.4,1,False
10,1,0.4,20,False
0,1,0.4,10,False
10,3,0.4,11,False
10,3,0.4,11,False
2,3,0.4,3,False
10,0,-0.30000000000000004,0,False
20,3,0.4,21,False
34,3,-3.0,34,False
20,1,0.4,30,False
89,1,20.0,99,True
98,3,20.0,99,True
98,3,20.0,99,True
0,0,-0.30000000000000004,0,False
32,3,-3.0,32,False
25,1,0.4,35,False
10,3,0.4,11,False
0,3,-2.0,0,False
10,3,0.4,11,False
25,3,-3.0,25,False
98,3,20.0,99,True
0,3,0.4,1,False
10,1,-2.0,10,False
89,1,20.0,99,True
19,1,0.4,29,False
89,1,20.0,99,True
2,1,0.4,12,False
1,2,-0.30000000000000004,0,False
25,1,-0.6,35,False
30,0,-0.30000000000000004,20,False
55,1,0.4,65,False
12,3,-2.0,12,False
13,1,0.4,23,False
10,2,-0.30000000000000004,10,False
21,1,0.4,31,False
12,3,0.4,13,False
15,2,-0.30000000000000004,14,False
21,3,0.4,22,False
0,3,0.4,1,False
0,3,0.4,1,False
10,1,0.4,20,False
20,3,0.4,21,False
41,2,-0.30000000000000004,40,False
0,2,-0.30000000000000004,0,False
1,1,0.4,11,False
10,3,0.4,11,False
20,3,0.4,21,False
11,3,0.4,12,False
11,3,0.4,12,False
21,1,-3.0,21,False
0,1,0.4,10,False
22,1,0.4,32,False
30,3,-2.0,30,False
10,2,-0.30000000000000004,10,False
0,1,0.4,10,False
0,1,-2.0,0,False
0,2,-0.30000000000000004,0,False
10,3,0.4,11,False
98,3,20.0,99,True
11,2,-0.30000000000000004,10,False
12,1,-2.0,12,False
45,3,-0.6,46,False
10,2,-0.30000000000000004,10,False
89,1,20.0,99,True
45,3,-3.0,45,False
10,3,0.4,11,False
11,3,0.4,12,False
23,1,-2.0,23,False
22,0,-0.30000000000000004,12,False
23,3,-0.6,24,False
0,1,0.4,10,False
13,3,0.4,14,False
20,2,-0.30000000000000004,20,False
10,3,0.4,11,False
28,2,-0.30000000000000004,27,False
23,1,-0.6,33,False
10,3,0.4,11,False
10,3,0.4,11,False
98,3,20.0,99,True
10,1,0.4,20,False
2,2,-0.30000000000000004,1,False
12,1,0.4,22,False
13,3,0.4,14,False
15,3,-2.0,15,False
26,1,0.4,36,False
20,1,0.4,30,False
11,1,0.4,21,False
13,3,-0.6,14,False
12,1,-2.0,12,False
0,1,0.4,10,False
2,0,-0.30000000000000004,2,False
21,3,0.4,22,False
0,0,-0.30000000000000004,0,False
31,3,0.4,32,False
12,3,0.4,13,False
2,3,0.4,3,False
27,1,0.4,37,False
2,1,0.4,12,False
21,0,-0.30000000000000004,11,False
21,3,0.4,22,False
11,3,-2.0,11,False
0,3,0.4,1,False
24,1,0.4,34,False
22,1,-3.0,22,False
0,0,-0.30000000000000004,0,False
50,1,0.4,60,False
40,1,0.4,50,False
1,1,0.4,11,False
0,2,-0.30000000000000004,0,False
10,2,-0.30000000000000004,10,False
11,0,-0.30000000000000004,1,False
0,3,0.4,1,False
32,3,0.4,33,False
21,2,-0.30000000000000004,20,False
11,3,0.4,12,False
0,3,-2.0,0,False
12,1,0.4,22,False
1,1,0.4,11,False
21,2,-0.30000000000000004,20,False
21,1,0.4,31,False
25,3,0.4,26,False
23,1,0.4,33,False
10,3,-2.0,10,False
22,1,0.4,32,False
0,1,0.4,10,False
10,3,0.4,11,False
33,0,-3.0,33,False
13,0,-0.30000000000000004,3,False
31,1,0.4,41,False
51,1,0.4,61,False
0,3,-0.6,1,False
98,3,20.0,99,True
0,1,0.4,10,False
34,1,0.4,44,False
22,3,-2.0,22,False
12,3,0.4,13,False
98,3,20.0,99,True
0,3,0.4,1,False
0,2,-0.30000000000000004,0,False
42,0,-0.30000000000000004,32,False
12,3,0.4,13,False
71,0,-1.3,61,False
14,1,0.4,24,False
0,3,0.4,1,False
0,1,0.4,10,False
43,0,-0.30000000000000004,33,False
10,0,-0.30000000000000004,0,False
15,3,0.4,16,False
30,3,0.4,31,False
21,0,-2.0,21,False
14,3,0.4,15,False
0,1,0.4,10,False
50,2,-1.3,50,False
1,1,-2.0,1,False
4,1,0.4,14,False
20,1,0.4,30,False
21,3,0.4,22,False
11,1,0.4,21,False
51,1,0.4,61,False
33,2,-0.30000000000000004,32,False
62,1,0.4,72,False
13,3,0.4,14,False
0,1,0.4,10,False
30,3,0.4,31,False
11,2,-0.30000000000000004,10,False
31,2,-1.3,30,False
40,1,0.4,50,False
0,2,-0.30000000000000004,0,False
10,2,-0.30000000000000004,10,False
44,0,-0.30000000000000004,34,False
0,1,0.4,10,False
22,3,-2.0,22,False
0,1,-2.0,0,False
0,0,-0.30000000000000004,0,False
53,3,0.4,54,False
31,1,0.4,41,False
73,2,-1.3,72,False
0,3,0.4,1,False
1,3,-2.0,1,False
0,1,0.4,10,False
89,1,20.0,99,True
1,3,-2.0,1,False
0,0,-0.30000000000000004,0,False
10,2,-0.30000000000000004,10,False
13,3,0.4,14,False
1,2,-0.30000000000000004,0,False
11,0,-0.30000000000000004,1,False
60,0,-0.30000000000000004,50,False
43,0,-0.30000000000000004,33,False
24,1,-2.0,24,False
30,1,0.4,40,False
2,3,-2.0,2,False
32,0,-0.30000000000000004,22,False
0,3,-2.0,0,False
3,2,-0.30000000000000004,2,False
1,3,0.4,2,False
0,0,-0.30000000000000004,0,False
14,3,0.4,15,False
14,0,-0.30000000000000004,4,False
12,1,0.4,22,False
21,1,0.4,31,False
32,1,0.4,42,False
10,1,0.4,20,False
89,1,20.0,99,True
98,3,20.0,99,True
11,0,-0.30000000000000004,1,False
98,3,20.0,99,True
20,3,-2.0,20,False
2,1,-2.0,2,False
2,1,0.4,12,False
1,1,-2.0,1,False
21,3,0.4,22,False
30,3,0.4,31,False
41,3,0.4,42,False
20,3,0.4,21,False
1,3,0.4,2,False
3,1,0.4,13,False
32,0,-0.30000000000000004,22,False
10,1,0.4,20,False
13,3,-3.0,13,False
98,3,20.0,99,True
11,1,0.4,21,False
70,1,0.4,80,False
0,1,0.4,10,False
2,2,-1.3,1,False
1,0,-0.30000000000000004,1,False
10,3,-2.0,10,False
10,0,-0.30000000000000004,0,False
21,1,0.4,31,False
3,3,0.4,4,False
26,1,0.4,36,False
35,3,0.4,36,False
10,1,0.4,20,False
13,1,0.4,23,False
2,3,0.4,3,False
0,0,-0.30000000000000004,0,False
6,1,-3.0,6,False
10,3,0.4,11,False
0,0,-0.30000000000000004,0,False
14,2,-3.0,14,False
36,1,0.4,46,False
20,1,0.4,30,False
89,1,20.0,99,True
13,3,0.4,14,False
7,1,0.4,17,False
21,3,-2.0,21,False
42,3,0.4,43,False
55,3,0.4,56,False
89,1,20.0,99,True
30,3,0.4,31,False
2,1,0.4,12,False
1,0,-0.30000000000000004,1,False
13,0,-0.30000000000000004,3,False
26,3,0.4,27,False
44,1,0.4,54,False
0,2,-0.30000000000000004,0,False
22,3,0.4,23,False
25,3,0.4,26,False
89,1,20.0,99,True
31,2,-0.30000000000000004,30,False
14,1,0.4,24,False
22,1,0.4,32,False
20,1,0.4,30,False
10,3,0.4,11,False
42,2,-1.3,41,False
0,3,0.4,1,False
2,3,0.4,3,False
2,1,0.4,12,False
89,1,20.0,99,True
0,3,0.4,1,False
11,2,-0.30000000000000004,10,False
1,3,0.4,2,False
2,1,0.4,12,False
62,3,0.4,63,False
20,1,0.4,30,False
89,1,20.0,99,True
1,1,0.4,11,False
0,3,0.4,1,False
11,1,-2.0,11,False
2,3,0.4,3,False
21,2,-0.30000000000000004,20,False
2,3,-2.0,2,False
10,1,0.4,20,False
20,1,0.4,30,False
89,1,20.0,99,True
0,2,-0.30000000000000004,0,False
0,3,0.4,1,False
35,3,0.4,36,False
11,1,0.4,21,False
12,3,0.4,13,False
1,3,0.4,2,False
0,3,0.4,1,False
24,1,-0.6,34,False
11,1,0.4,21,False
2,1,0.4,12,False
3,3,0.4,4,False
0,3,-2.0,0,False
42,2,-0.30000000000000004,41,False
1,3,0.4,2,False
30,3,0.4,31,False
12,0,-0.30000000000000004,2,False
33,3,-3.0,33,False
32,3,0.4,33,False
23,1,0.4,33,False
20,1,0.4,30,False
2,1,0.4,12,False
0,1,0.4,10,False
11,1,0.4,21,False
22,1,0.4,32,False
0,2,-0.30000000000000004,0,False
0,1,0.4,10,False
21,3,0.4,22,False
64,0,-1.3,54,False
0,0,-0.30000000000000004,0,False
0,1,0.4,10,False
53,1,0.4,63,False
0,1,0.4,10,False
89,1,20.0,99,True
41,1,0.4,51,False
0,3,-2.0,0,False
22,1,0.4,32,False
98,3,20.0,99,True
10,0,-0.30000000000000004,0,False
13,3,0.4,14,False
0,0,-0.30000000000000004,0,False
0,3,0.4,1,False
0,3,-2.0,0,False
2,3,0.4,3,False
23,3,0.4,24,False
20,1,0.4,30,False
1,1,0.4,11,False
2,0,-0.30000000000000004,2,False
94,3,0.4,95,False
26,2,-1.3,25,False
55,3,-3.0,55,False
21,3,-3.0,21,False
50,1,0.4,60,False
1,2,-0.30000000000000004,0,False
0,3,0.4,1,False
1,2,-0.30000000000000004,0,False
30,3,0.4,31,False
0,1,0.4,10,False
21,0,-0.30000000000000004,11,False
98,3,20.0,99,True
11,3,0.4,12,False
30,3,0.4,31,False
89,1,20.0,99,True
89,1,20.0,99,True
0,3,-2.0,0,False
11,3,0.4,12,False
1,1,0.4,11,False
21,3,0.4,22,False
10,1,-2.0,10,False
12,0,-0.30000000000000004,2,False
4,3,0.4,5,False
0,1,0.4,10,False
21,1,0.4,31,False
11,0,-0.30000000000000004,1,False
0,0,-0.30000000000000004,0,False
10,1,0.4,20,False
0,0,-0.30000000000000004,0,False
11,1,0.4,21,False
11,3,-2.0,11,False
5,3,0.4,6,False
32,0,-0.30000000000000004,22,False
1,1,-2.0,1,False
11,2,-0.30000000000000004,10,False
23,3,0.4,24,False
1,2,-0.30000000000000004,0,False
89,1,20.0,99,True
40,0,-1.3,30,False
0,0,-0.30000000000000004,0,False
0,3,0.4,1,False
2,3,0.4,3,False
3,1,-2.0,3,False
32,3,0.4,33,False
52,1,0.4,62,False
0,2,-0.30000000000000004,0,False
0,1,0.4,10,False
34,3,0.4,35,False
30,3,-2.0,30,False
98,3,20.0,99,True
1,3,0.4,2,False
21,3,-2.0,21,False
0,3,0.4,1,False
0,2,-0.30000000000000004,0,False
23,1,0.4,33,False
59,1,0.4,69,False
20,1,0.4,30,False
10,3,0.4,11,False
0,3,0.4,1,False
83,1,0.4,93,False
0,2,-0.30000000000000004,0,False
20,3,0.4,21,False
31,3,0.4,32,False
1,2,-1.3,0,False
3,1,0.4,13,False
10,1,0.4,20,False
98,3,20.0,99,True
40,3,-0.6,41,False
0,1,0.4,10,False
20,1,0.4,30,False
89,1,20.0,99,True
89,1,20.0,99,True
0,3,0.4,1,False
0,3,0.4,1,False
0,1,0.4,10,False
2,1,0.4,12,False
32,3,0.4,33,False
34,1,0.4,44,False
20,0,-0.30000000000000004,10,False
46,3,-3.0,46,False
33,3,-2.0,33,False
3,2,-0.30000000000000004,2,False
11,0,-0.30000000000000004,1,False
21,1,0.4,31,False
20,3,0.4,21,False
20,1,0.4,30,False
63,0,-1.3,53,False
1,2,-0.30000000000000004,0,False
1,3,-2.0,1,False
0,3,0.4,1,False
0,3,0.4,1,False
25,1,0.4,35,False
24,2,-1.3,23,False
13,3,0.4,14,False
22,1,-2.0,22,False
12,0,-0.30000000000000004,2,False
7,3,0.4,8,False
2,1,0.4,12,False
11,1,0.4,21,False
1,3,0.4,2,False
2,3,-2.0,2,False
22,0,-0.30000000000000004,12,False
23,3,0.4,24,False
89,1,20.0,99,True
21,0,-0.30000000000000004,11,False
10,0,-0.30000000000000004,0,False
1,0,-0.30000000000000004,1,False
14,1,0.4,24,False
1,0,-0.30000000000000004,1,False
32,1,-2.0,32,False
89,1,20.0,99,True
0,2,-0.30000000000000004,0,False
31,1,0.4,41,False
0,0,-0.30000000000000004,0,False
52,3,0.4,53,False
10,3,0.4,11,False
89,1,20.0,99,True
1,3,-0.6,2,False
11,1,0.4,21,False
42,1,0.4,52,False
11,2,-0.30000000000000004,10,False
52,1,0.4,62,False
12,1,0.4,22,False
2,1,-2.0,2,False
0,1,0.4,10,False
10,1,0.4,20,False
10,2,-0.30000000000000004,10,False
22,1,0.4,32,False
31,1,0.4,41,False
53,2,-1.3,52,False
12,1,0.4,22,False
31,2,-0.30000000000000004,30,False
10,0,-0.30000000000000004,0,False
10,3,-2.0,10,False
89,1,20.0,99,True
51,3,0.4,52,False
14,0,-0.30000000000000004,4,False
20,3,0.4,21,False
12,3,0.4,13,False
33,0,-2.0,33,False
20,3,0.4,21,False
0,1,0.4,10,False
24,3,0.4,25,False
0,0,-0.30000000000000004,0,False
11,1,-2.0,11,False
11,1,0.4,21,False
1,0,-1.3,1,False
54,1,0.4,64,False
98,3,20.0,99,True
10,3,0.4,11,False
30,2,-1.3,30,False
20,0,-0.30000000000000004,10,False
0,3,0.4,1,False
40,3,0.4,41,False
54,1,0.4,64,False
22,3,0.4,23,False
23,3,-0.6,24,False
12,1,0.4,22,False
24,0,-0.30000000000000004,14,False
98,3,20.0,99,True
89,1,20.0,99,True
20,1,0.4,30,False
0,3,0.4,1,False
12,3,0.4,13,False
89,1,20.0,99,True
10,0,-0.30000000000000004,0,False
12,0,-0.30000000000000004,2,False
22,1,0.4,32,False
23,1,0.4,33,False
61,3,0.4,62,False
20,3,0.4,21,False
1,2,-0.30000000000000004,0,False
33,0,-0.30000000000000004,23,False
0,3,0.4,1,False
98,3,20.0,99,True
53,1,0.4,63,False
89,1,20.0,99,True
0,0,-0.30000000000000004,0,False
20,3,0.4,21,False
23,1,0.4,33,False
23,1,0.4,33,False
89,1,20.0,99,True
1,3,0.4,2,False
20,3,0.4,21,False
20,2,-0.30000000000000004,20,False
34,3,0.4,35,False
24,2,-0.30000000000000004,23,False
0,0,-0.30000000000000004,0,False
33,1,0.4,43,False
33,2,-0.30000000000000004,32,False
23,1,0.4,33,False
0,2,-0.30000000000000004,0,False
69,0,-0.30000000000000004,59,False
24,1,0.4,34,False
22,3,-3.0,22,False
20,1,-2.0,20,False
10,2,-0.30000000000000004,10,False
1,0,-0.30000000000000004,1,False
0,3,0.4,1,False
5,3,0.4,6,False
22,3,0.4,23,False
10,1,0.4,20,False
10,3,-2.0,10,False
89,1,20.0,99,True
22,3,0.4,23,False
89,1,20.0,99,True
10,1,0.4,20,False
89,1,20.0,99,True
0,1,0.4,10,False
20,0,-0.30000000000000004,10,False
42,1,0.4,52,False
35,2,-1.3,34,False
45,1,0.4,55,False
53,0,-3.0,53,False
39,1,0.4,49,False
10,1,0.4,20,False
0,0,-0.30000000000000004,0,False
4,3,0.4,5,False
73,3,-3.0,73,False
30,0,-0.30000000000000004,20,False
12,1,-2.0,12,False
40,3,0.4,41,False
10,2,-0.30000000000000004,10,False
14,1,0.4,24,False
54,1,-3.0,54,False
98,3,20.0,99,True
34,3,0.4,35,False
23,3,0.4,24,False
0,3,-0.6,1,False
2,2,-0.30000000000000004,1,False
23,3,0.4,24,False
98,3,20.0,99,True
89,1,20.0,99,True
10,3,0.4,11,False
5,2,-0.30000000000000004,4,False
0,3,0.4,1,False
24,1,0.4,34,False
2,2,-0.30000000000000004,1,False
0,1,0.4,10,False
13,3,0.4,14,False
0,1,0.4,10,False
24,3,0.4,25,False
0,3,-2.0,0,False
89,1,20.0,99,True
0,0,-0.30000000000000004,0,False
3,3,0.4,4,False
84,1,-3.0,84,False
0,1,0.4,10,False
10,0,-0.30000000000000004,0,False
10,2,-0.30000000000000004,10,False
14,3,0.4,15,False
32,3,0.4,33,False
15,1,0.4,25,False
32,1,0.4,42,False
89,1,20.0,99,True
13,3,-2.0,13,False
89,1,20.0,99,True
1,3,0.4,2,False
43,1,0.4,53,False
89,1,20.0,99,True
5,3,0.4,6,False
11,1,0.4,21,False
41,1,0.4,51,False
89,1,20.0,99,True
0,1,-2.0,0,False
12,1,0.4,22,False
12,3,-2.0,12,False
10,1,0.4,20,False
0,3,0.4,1,False
25,0,-0.30000000000000004,15,False
2,1,0.4,12,False
21,1,0.4,31,False
21,0,-0.30000000000000004,11,False
10,1,0.4,20,False
98,3,20.0,99,True
3,1,0.4,13,False
89,1,20.0,99,True
10,3,-2.0,10,False
22,1,0.4,32,False
89,1,20.0,99,True
23,3,0.4,24,False
98,3,20.0,99,True
33,3,0.4,34,False
11,3,0.4,12,False
22,0,-0.30000000000000004,12,False
1,1,0.4,11,False
21,2,-1.3,20,False
1,3,0.4,2,False
4,2,-0.30000000000000004,3,False
2,1,0.4,12,False
11,1,0.4,21,False
72,3,0.4,73,False
5,3,0.4,6,False
55,0,-0.30000000000000004,45,False
23,3,-3.0,23,False
20,3,-2.0,20,False
53,3,0.4,54,False
89,1,20.0,99,True
52,1,0.4,62,False
10,0,-0.30000000000000004,0,False
49,1,0.4,59,False
1,1,0.4,11,False
62,1,0.4,72,False
0,1,-0.6,10,False
2,0,-0.30000000000000004,2,False
4,2,-1.3,3,False
2,1,0.4,12,False
0,1,0.4,10,False
11,1,0.4,21,False
0,0,-0.30000000000000004,0,False
21,1,0.4,31,False
0,1,0.4,10,False
1,3,0.4,2,False
20,1,0.4,30,False
94,3,0.4,95,False
0,3,0.4,1,False
51,3,0.4,52,False
23,3,0.4,24,False
21,3,-2.0,21,False
0,1,0.4,10,False
98,3,20.0,99,True
24,3,0.4,25,False
3,2,-0.30000000000000004,2,False
41,1,0.4,51,False
0,1,0.4,10,False
12,3,-2.0,12,False
1,3,0.4,2,False
51,2,-0.30000000000000004,50,False
10,1,0.4,20,False
20,3,0.4,21,False
66,0,-1.3,56,False
0,1,0.4,10,False
10,3,0.4,11,False
21,0,-0.30000000000000004,11,False
30,1,-0.6,40,False
2,3,0.4,3,False
56,3,0.4,57,False
10,2,-0.30000000000000004,10,False
22,3,0.4,23,False
2,3,0.4,3,False
22,1,0.4,32,False
10,3,0.4,11,False
2,3,0.4,3,False
10,1,0.4,20,False
98,3,20.0,99,True
59,1,-0.6,69,False
22,3,0.4,23,False
42,3,0.4,43,False
62,1,0.4,72,False
31,3,0.4,32,False
31,0,-3.0,31,False
10,1,0.4,20,False
89,1,20.0,99,True
2,1,-2.0,2,False
22,0,-1.3,12,False
21,1,0.4,31,False
12,2,-0.30000000000000004,11,False
22,3,0.4,23,False
0,2,-0.30000000000000004,0,False
40,1,0.4,50,False
13,0,-3.0,13,False
98,3,20.0,99,True
5,3,0.4,6,False
0,2,-0.30000000000000004,0,False
1,3,0.4,2,False
21,2,-0.30000000000000004,20,False
4,3,0.4,5,False
10,3,0.4,11,False
89,1,20.0,99,True
98,3,20.0,99,True
89,1,20.0,99,True
21,0,-3.0,21,False
1,0,-0.30000000000000004,1,False
15,3,0.4,16,False
2,0,-0.30000000000000004,2,False
89,1,20.0,99,True
0,1,0.4,10,False
1,1,0.4,11,False
22,3,0.4,23,False
1,3,0.4,2,False
10,0,-0.30000000000000004,0,False
10,1,0.4,20,False
89,1,20.0,99,True
0,3,0.4,1,False
2,3,-3.0,2,False
89,1,20.0,99,True
20,1,0.4,30,False
10,1,0.4,20,False
2,1,0.4,12,False
1,1,-2.0,1,False
54,0,-0.30000000000000004,44,False
41,3,0.4,42,False
11,1,0.4,21,False
0,3,0.4,1,False
12,3,0.4,13,False
0,3,-2.0,0,False
36,3,0.4,37,False
12,3,0.4,13,False
1,3,0.4,2,False
92,3,0.4,93,False
1,3,0.4,2,False
43,3,0.4,44,False
1,3,0.4,2,False
2,1,0.4,12,False
20,3,0.4,21,False
10,0,-0.30000000000000004,0,False
89,1,20.0,99,True
41,2,-0.30000000000000004,40,False
21,3,0.4,22,False
0,3,-2.0,0,False
11,0,-0.30000000000000004,1,False
0,3,-2.0,0,False
30,3,0.4,31,False
89,1,20.0,99,True
1,3,0.4,2,False
10,1,0.4,20,False
35,1,0.4,45,False
21,0,-1.3,11,False
10,1,0.4,20,False
1,1,0.4,11,False
54,1,0.4,64,False
52,3,0.4,53,False
0,2,-0.30000000000000004,0,False
11,1,-2.0,11,False
1,0,-0.30000000000000004,1,False
0,1,0.4,10,False
2,0,-0.30000000000000004,2,False
24,1,-3.0,24,False
0,1,0.4,10,False
40,1,0.4,50,False
0,3,0.4,1,False
12,3,0.4,13,False
11,3,0.4,12,False
0,1,0.4,10,False
0,3,-2.0,0,False
13,3,0.4,14,False
51,0,-0.30000000000000004,41,False
2,1,-2.0,2,False
0,1,0.4,10,False
1,3,0.4,2,False
1,3,0.4,2,False
22,1,-2.0,22,False
40,3,0.4,41,False
98,3,20.0,99,True
89,1,20.0,99,True
31,3,0.4,32,False
43,0,-1.3,33,False
26,1,0.4,36,False
89,1,20.0,99,True
89,1,20.0,99,True
32,3,0.4,33,False
0,2,-0.30000000000000004,0,False
10,3,0.4,11,False
0,1,0.4,10,False
0,1,0.4,10,False
0,2,-0.30000000000000004,0,False
98,3,20.0,99,True
31,2,-0.30000000000000004,30,False
42,3,0.4,43,False
98,3,20.0,99,True
89,1,20.0,99,True
1,3,0.4,2,False
52,1,0.4,62,False
31,1,0.4,41,False
2,1,0.4,12,False
1,1,0.4,11,False
40,3,0.4,41,False
41,3,0.4,42,False
24,3,0.4,25,False
30,3,0.4,31,False
0,1,0.4,10,False
20,3,0.4,21,False
11,1,0.4,21,False
31,3,0.4,32,False
3,0,-0.30000000000000004,3,False
0,1,0.4,10,False
23,3,0.4,24,False
89,1,20.0,99,True
1,3,0.4,2,False
44,0,-0.30000000000000004,34,False
60,0,-0.30000000000000004,50,False
33,0,-0.30000000000000004,23,False
23,1,0.4,33,False
20,1,0.4,30,False
1,1,0.4,11,False
0,3,0.4,1,False
20,1,0.4,30,False
53,3,0.4,54,False
3,1,0.4,13,False
1,3,0.4,2,False
10,2,-0.30000000000000004,10,False
21,3,0.4,22,False
20,3,0.4,21,False
11,2,-0.30000000000000004,10,False
23,1,0.4,33,False
0,1,0.4,10,False
42,3,0.4,43,False
62,1,-3.0,62,False
20,0,-0.30000000000000004,10,False
1,1,0.4,11,False
1,3,-2.0,1,False
12,1,0.4,22,False
40,0,-1.3,30,False
50,1,0.4,60,False
51,1,0.4,61,False
98,3,20.0,99,True
98,3,20.0,99,True
89,1,20.0,99,True
11,1,0.4,21,False
98,3,20.0,99,True
7,1,-0.6,17,False
10,0,-0.30000000000000004,0,False
20,0,-0.30000000000000004,10,False
23,0,-0.30000000000000004,13,False
15,3,0.4,16,False
55,3,0.4,56,False
10,1,0.4,20,False
4,0,-0.30000000000000004,4,False
14,3,0.4,15,False
20,1,-2.0,20,False
14,3,0.4,15,False
23,1,0.4,33,False
89,1,20.0,99,True
2,1,-2.0,2,False
10,3,0.4,11,False
0,0,-0.30000000000000004,0,False
40,2,-0.30000000000000004,40,False
10,1,0.4,20,False
62,0,-0.30000000000000004,52,False
1,1,0.4,11,False
1,0,-0.30000000000000004,1,False
20,2,-0.30000000000000004,20,False
10,2,-0.30000000000000004,10,False
1,0,-0.30000000000000004,1,False
0,1,0.4,10,False
0,0,-0.30000000000000004,0,False
10,3,0.4,11,False
60,1,0.4,70,False
2,3,0.4,3,False
98,3,20.0,99,True
20,3,0.4,21,False
11,3,0.4,12,False
12,2,-0.30000000000000004,11,False
1,3,0.4,2,False
14,3,0.4,15,False
50,0,-1.3,40,False
2,2,-0.30000000000000004,1,False
22,0,-0.30000000000000004,12,False
32,0,-0.30000000000000004,22,False
1,0,-0.30000000000000004,1,False
23,3,0.4,24,False
13,1,0.4,23,False
31,3,0.4,32,False
10,1,-3.0,10,False
12,3,0.4,13,False
11,2,-0.30000000000000004,10,False
43,0,-0.30000000000000004,33,False
0,3,0.4,1,False
89,1,20.0,99,True
0,2,-0.30000000000000004,0,False
0,0,-0.30000000000000004,0,False
21,0,-0.30000000000000004,11,False
0,2,-0.30000000000000004,0,False
12,0,-3.0,12,False
2,2,-0.30000000000000004,1,False
22,1,0.4,32,False
1,1,0.4,11,False
24,3,0.4,25,False
98,3,20.0,99,True
11,1,-2.0,11,False
32,3,0.4,33,False
0,3,0.4,1,False
0,2,-0.30000000000000004,0,False
11,2,-0.30000000000000004,10,False
21,1,0.4,31,False
10,1,-2.0,10,False
14,1,-3.0,14,False
32,1,0.4,42,False
89,1,20.0,99,True
61,3,-2.0,61,False
15,1,0.4,25,False
32,1,-2.0,32,False
35,3,-0.6,36,False
12,3,0.4,13,False
98,3,20.0,99,True
11,3,0.4,12,False
13,3,-2.0,13,False
34,0,-0.30000000000000004,24,False
10,3,0.4,11,False
33,0,-2.0,33,False
2,2,-0.30000000000000004,1,False
21,1,0.4,31,False
33,3,0.4,34,False
89,1,20.0,99,True
51,3,0.4,52,False
33,3,0.4,34,False
35,2,-0.30000000000000004,34,False
89,1,20.0,99,True
44,1,0.4,54,False
1,3,-2.0,1,False
98,3,20.0,99,True
0,1,0.4,10,False
1,2,-0.30000000000000004,0,False
11,1,0.4,21,False
10,0,-0.30000000000000004,0,False
33,2,-0.30000000000000004,32,False
1,3,0.4,2,False
13,3,0.4,14,False
98,3,20.0,99,True
0,0,-0.30000000000000004,0,False
12,3,0.4,13,False
10,1,0.4,20,False
10,1,-0.6,20,False
20,1,0.4,30,False
52,0,-0.30000000000000004,42,False
23,1,0.4,33,False
16,1,0.4,26,False
57,2,-1.3,56,False
98,3,20.0,99,True
21,2,-0.30000000000000004,20,False
20,0,-0.30000000000000004,10,False
1,1,0.4,11,False
61,0,-0.30000000000000004,51,False
31,2,-0.30000000000000004,30,False
0,3,-2.0,0,False
31,1,0.4,41,False
2,1,0.4,12,False
0,0,-0.30000000000000004,0,False
10,2,-0.30000000000000004,10,False
0,1,0.4,10,False
89,1,20.0,99,True
23,3,0.4,24,False
11,3,0.4,12,False
1,2,-0.30000000000000004,0,False
11,0,-0.30000000000000004,1,False
10,1,0.4,20,False
32,3,0.4,33,False
23,1,0.4,33,False
2,3,0.4,3,False
56,3,0.4,57,False
13,3,0.4,14,False
89,1,20.0,99,True
21,3,0.4,22,False
33,2,-0.30000000000000004,32,False
0,3,0.4,1,False
4,1,-0.6,14,False
5,3,0.4,6,False
10,1,0.4,20,False
25,3,0.4,26,False
1,3,-2.0,1,False
11,0,-0.30000000000000004,1,False
24,3,0.4,25,False
22,0,-0.30000000000000004,12,False
89,1,20.0,99,True
2,0,-0.30000000000000004,2,False
11,0,-0.30000000000000004,1,False
98,3,20.0,99,True
5,1,0.4,15,False
0,1,0.4,10,False
0,0,-0.30000000000000004,0,False
0,2,-0.30000000000000004,0,False
12,2,-0.30000000000000004,11,False
0,1,0.4,10,False
33,2,-0.30000000000000004,32,False
30,2,-0.30000000000000004,30,False
15,0,-0.30000000000000004,5,False
1,1,-2.0,1,False
44,3,-3.0,44,False
24,1,0.4,34,False
32,3,0.4,33,False
10,0,-0.30000000000000004,0,False
0,0,-0.30000000000000004,0,False
1,3,0.4,2,False
0,3,0.4,1,False
89,1,20.0,99,True
89,1,20.0,99,True
65,2,-1.3,64,False
51,3,-3.0,51,False
0,3,0.4,1,False
10,1,0.4,20,False
0,2,-0.30000000000000004,0,False
1,1,0.4,11,False
20,1,0.4,30,False
43,3,0.4,44,False
24,0,-1.3,14,False
13,3,0.4,14,False
32,3,-0.6,33,False
0,1,0.4,10,False
2,1,0.4,12,False
0,3,-2.0,0,False
31,0,-0.30000000000000004,21,False
21,1,0.4,31,False
44,1,0.4,54,False
32,3,0.4,33,False
74,3,0.4,75,False
0,0,-0.30000000000000004,0,False
1,1,0.4,11,False
10,3,0.4,11,False
10,3,0.4,11,False
6,3,-0.6,7,False
0,3,-2.0,0,False
0,0,-0.30000000000000004,0,False
1,1,0.4,11,False
98,3,20.0,99,True
0,3,-2.0,0,False
12,3,0.4,13,False
51,3,0.4,52,False
0,2,-0.30000000000000004,0,False
0,3,0.4,1,False
11,3,-2.0,11,False
22,3,0.4,23,False
4,2,-0.30000000000000004,3,False
1,1,0.4,11,False
0,2,-0.30000000000000004,0,False
89,1,20.0,99,True
16,2,-0.30000000000000004,15,False
32,1,0.4,42,False
11,3,-2.0,11,False
42,1,0.4,52,False
3,1,0.4,13,False
2,3,-2.0,2,False
46,1,0.4,56,False
52,2,-2.0,52,False
21,1,0.4,31,False
13,2,-0.30000000000000004,12,False
2,3,0.4,3,False
10,1,0.4,20,False
0,3,0.4,1,False
51,1,0.4,61,False
22,1,-3.0,22,False
21,1,0.4,31,False
14,1,0.4,24,False
11,0,-0.30000000000000004,1,False
0,1,0.4,10,False
53,3,0.4,54,False
12,3,0.4,13,False
10,2,-0.30000000000000004,10,False
0,1,0.4,10,False
22,2,-0.30000000000000004,21,False
52,1,-2.0,52,False
98,3,20.0,99,True
89,1,20.0,99,True
10,1,-2.0,10,False
10,0,-0.30000000000000004,0,False
0,0,-0.30000000000000004,0,False
10,3,0.4,11,False
3,0,-0.30000000000000004,3,False
72,1,-3.0,72,False
0,0,-0.30000000000000004,0,False
12,3,0.4,13,False
32,3,0.4,33,False
0,3,-2.0,0,False
10,1,-2.0,10,False
91,2,-0.30000000000000004,90,False
62,1,0.4,72,False
0,1,0.4,10,False
0,1,0.4,10,False
2,1,0.4,12,False
22,3,0.4,23,False
51,1,0.4,61,False
12,1,0.4,22,False
32,1,0.4,42,False
11,2,-0.30000000000000004,10,False
21,3,0.4,22,False
0,3,0.4,1,False
11,2,-0.30000000000000004,10,False
10,3,0.4,11,False
12,0,-2.0,12,False
11,2,-2.0,11,False
10,3,0.4,11,False
2,1,-2.0,2,False
14,3,0.4,15,False
1,1,-2.0,1,False
10,1,0.4,20,False
1,3,-2.0,1,False
10,1,0.4,20,False
21,3,0.4,22,False
32,0,-2.0,32,False
20,3,0.4,21,False
13,1,0.4,23,False
11,0,-0.30000000000000004,1,False
1,1,0.4,11,False
11,0,-0.30000000000000004,1,False
2,3,0.4,3,False
31,1,0.4,41,False
0,0,-0.30000000000000004,0,False
20,2,-0.30000000000000004,20,False
23,2,-0.30000000000000004,22,False
10,2,-0.30000000000000004,10,False
0,1,0.4,10,False
34,1,0.4,44,False
42,1,0.4,52,False
25,2,-1.3,24,False
10,1,0.4,20,False
14,3,0.4,15,False
23,1,0.4,33,False
1,1,-2.0,1,False
1,1,0.4,11,False
12,1,0.4,22,False
0,3,0.4,1,False
41,0,-0.30000000000000004,31,False
13,3,0.4,14,False
89,1,20.0,99,True
10,3,0.4,11,False
5,3,0.4,6,False
89,1,20.0,99,True
3,1,0.4,13,False
21,0,-0.30000000000000004,11,False
1,3,0.4,2,False
2,1,0.4,12,False
23,1,0.4,33,False
2,3,0.4,3,False
40,3,0.4,41,False
11,2,-0.30000000000000004,10,False
21,3,0.4,22,False
1,2,-0.30000000000000004,0,False
1,1,0.4,11,False
21,3,0.4,22,False
0,1,-2.0,0,False
12,2,-2.0,12,False
2,1,0.4,12,False
0,3,0.4,1,False
11,3,0.4,12,False
10,2,-0.30000000000000004,10,False
1,3,-2.0,1,False
10,2,-0.30000000000000004,10,False
10,3,0.4,11,False
20,2,-1.3,20,False
98,3,20.0,99,True
11,0,-0.30000000000000004,1,False
10,3,0.4,11,False
22,1,0.4,32,False
12,1,0.4,22,False
10,2,-0.30000000000000004,10,False
11,3,0.4,12,False
0,2,-0.30000000000000004,0,False
0,1,0.4,10,False
33,3,-2.0,33,False
0,3,0.4,1,False
2,3,-0.6,3,False
98,3,20.0,99,True
51,2,-0.30000000000000004,50,False
4,3,0.4,5,False
11,1,0.4,21,False
0,3,0.4,1,False
11,1,0.4,21,False
22,1,0.4,32,False
1,1,0.4,11,False
0,1,-2.0,0,False
14,1,-3.0,14,False
30,1,0.4,40,False
13,3,-0.6,14,False
62,0,-1.3,52,False
11,3,0.4,12,False
0,1,0.4,10,False
10,3,0.4,11,False
21,3,0.4,22,False
31,0,-1.3,21,False
11,1,0.4,21,False
89,1,20.0,99,True
21,0,-0.30000000000000004,11,False
13,3,0.4,14,False
0,2,-0.30000000000000004,0,False
2,1,0.4,12,False
56,2,-1.3,55,False
11,3,-0.6,12,False
34,3,0.4,35,False
11,3,-2.0,11,False
98,3,20.0,99,True
21,3,0.4,22,False
61,3,0.4,62,False
0,3,0.4,1,False
11,1,0.4,21,False
13,3,0.4,14,False
32,1,0.4,42,False
89,1,20.0,99,True
0,0,-0.30000000000000004,0,False
32,1,0.4,42,False
89,1,20.0,99,True
98,3,20.0,99,True
24,1,-2.0,24,False
5,3,-3.0,5,False
0,3,0.4,1,False
10,1,0.4,20,False
31,0,-0.30000000000000004,21,False
26,1,0.4,36,False
0,3,0.4,1,False
0,1,0.4,10,False
98,3,20.0,99,True
63,3,0.4,64,False
20,3,-2.0,20,False
1,2,-0.30000000000000004,0,False
38,2,-0.30000000000000004,37,False
16,0,-1.3,6,False
61,1,0.4,71,False
10,1,-2.0,10,False
20,1,0.4,30,False
53,3,0.4,54,False
89,1,20.0,99,True
1,3,0.4,2,False
2,3,0.4,3,False
33,1,0.4,43,False
0,1,0.4,10,False
1,3,0.4,2,False
21,3,0.4,22,False
11,2,-0.30000000000000004,10,False
52,1,0.4,62,False
41,1,0.4,51,False
5,2,-0.30000000000000004,4,False
24,3,0.4,25,False
3,0,-0.30000000000000004,3,False
10,3,0.4,11,False
52,2,-0.30000000000000004,51,False
1,1,0.4,11,False
0,3,0.4,1,False
10,1,0.4,20,False
0,2,-0.30000000000000004,0,False
0,3,0.4,1,False
0,0,-0.30000000000000004,0,False
82,0,-1.3,72,False
10,3,0.4,11,False
0,1,0.4,10,False
10,2,-0.30000000000000004,10,False
65,1,0.4,75,False
11,3,0.4,12,False
10,3,-2.0,10,False
21,3,0.4,22,False
21,1,-2.0,21,False
14,0,-0.30000000000000004,4,False
23,3,0.4,24,False
89,1,20.0,99,True
11,0,-0.30000000000000004,1,False
41,1,0.4,51,False
51,3,-0.6,52,False
89,1,20.0,99,True
43,3,0.4,44,False
13,1,0.4,23,False
21,0,-0.30000000000000004,11,False
98,3,20.0,99,True
14,2,-3.0,14,False
32,1,0.4,42,False
21,3,-0.6,22,False
60,3,0.4,61,False
43,3,0.4,44,False
0,3,0.4,1,False
20,3,0.4,21,False
11,1,0.4,21,False
11,3,0.4,12,False
3,3,-2.0,3,False
98,3,20.0,99,True
0,1,0.4,10,False
0,3,0.4,1,False
71,3,0.4,72,False
15,3,0.4,16,False
0,0,-0.30000000000000004,0,False
12,0,-0.30000000000000004,2,False
0,3,0.4,1,False
10,2,-0.30000000000000004,10,False
0,2,-0.30000000000000004,0,False
13,1,0.4,23,False
0,2,-0.30000000000000004,0,False
3,1,0.4,13,False
31,2,-0.30000000000000004,30,False
26,1,0.4,36,False
25,3,0.4,26,False
2,1,-0.6,12,False
0,0,-0.30000000000000004,0,False
2,0,-0.30000000000000004,2,False
0,3,-2.0,0,False
12,3,0.4,13,False
2,1,-2.0,2,False
31,2,-0.30000000000000004,30,False
2,3,0.4,3,False
25,1,0.4,35,False
51,1,-2.0,51,False
22,0,-2.0,22,False
1,3,0.4,2,False
12,3,0.4,13,False
4,3,0.4,5,False
98,3,20.0,99,True
0,0,-0.30000000000000004,0,False
12,3,0.4,13,False
3,1,0.4,13,False
12,1,0.4,22,False
98,3,20.0,99,True
12,2,-2.0,12,False
44,0,-3.0,44,False
31,3,0.4,32,False
13,3,0.4,14,False
1,1,0.4,11,False
0,3,-2.0,0,False
13,3,0.4,14,False
2,0,-0.30000000000000004,2,False
34,1,0.4,44,False
30,2,-0.30000000000000004,30,False
21,3,0.4,22,False
64,3,0.4,65,False
43,1,0.4,53,False
11,3,0.4,12,False
0,2,-0.30000000000000004,0,False
51,3,0.4,52,False
34,3,0.4,35,False
1,1,0.4,11,False
98,3,20.0,99,True
89,1,20.0,99,True
10,1,0.4,20,False
10,3,0.4,11,False
89,1,20.0,99,True
10,0,-0.30000000000000004,0,False
10,0,-0.30000000000000004,0,False
98,3,20.0,99,True
12,1,0.4,22,False
23,1,0.4,33,False
45,0,-1.3,35,False
23,1,-0.6,33,False
31,0,-1.3,21,False
21,1,0.4,31,False
32,3,0.4,33,False
0,0,-0.30000000000000004,0,False
23,3,0.4,24,False
22,2,-2.0,22,False
98,3,20.0,99,True
11,1,-0.6,21,False
33,3,0.4,34,False
98,3,20.0,99,True
10,3,0.4,11,False
10,3,0.4,11,False
10,1,0.4,20,False
0,1,0.4,10,False
11,0,-0.30000000000000004,1,False
1,0,-0.30000000000000004,1,False
0,1,0.4,10,False
63,2,-1.3,62,False
24,3,0.4,25,False
11,1,-2.0,11,False
50,3,0.4,51,False
10,1,0.4,20,False
0,3,0.4,1,False
1,1,0.4,11,False
1,1,0.4,11,False
0,3,0.4,1,False
0,1,0.4,10,False
12,1,-2.0,12,False
30,3,0.4,31,False
31,3,0.4,32,False
0,1,0.4,10,False
11,1,0.4,21,False
0,3,0.4,1,False
13,2,-0.30000000000000004,12,False
30,0,-1.3,20,False
40,3,0.4,41,False
31,1,0.4,41,False
20,3,-2.0,20,False
10,3,0.4,11,False
10,1,0.4,20,False
2,2,-0.30000000000000004,1,False
53,3,0.4,54,False
98,3,20.0,99,True
21,1,0.4,31,False
32,0,-0.30000000000000004,22,False
2,0,-0.30000000000000004,2,False
13,3,0.4,14,False
63,3,0.4,64,False
10,2,-0.30000000000000004,10,False
20,1,0.4,30,False
35,1,0.4,45,False
0,1,0.4,10,False
0,2,-0.30000000000000004,0,False
11,1,0.4,21,False
30,0,-0.30000000000000004,20,False
22,3,0.4,23,False
21,2,-0.30000000000000004,20,False
20,1,0.4,30,False
21,3,0.4,22,False
1,3,0.4,2,False
11,1,-2.0,11,False
20,3,0.4,21,False
10,1,0.4,20,False
0,2,-0.30000000000000004,0,False
42,2,-0.30000000000000004,41,False
20,2,-0.30000000000000004,20,False
11,3,0.4,12,False
89,1,20.0,99,True
32,2,-0.30000000000000004,31,False
33,3,0.4,34,False
0,1,0.4,10,False
0,0,-0.30000000000000004,0,False
46,1,0.4,56,False
30,3,-2.0,30,False
14,3,0.4,15,False
0,2,-0.30000000000000004,0,False
0,2,-0.30000000000000004,0,False
11,1,0.4,21,False
89,1,20.0,99,True
21,0,-0.30000000000000004,11,False
2,3,0.4,3,False
22,1,0.4,32,False
10,0,-0.30000000000000004,0,False
32,2,-0.30000000000000004,31,False
10,1,-2.0,10,False
1,2,-0.30000000000000004,0,False
1,2,-0.30000000000000004,0,False
89,1,20.0,99,True
61,0,-1.3,51,False
0,1,0.4,10,False
12,2,-0.30000000000000004,11,False
51,1,-2.0,51,False
89,1,20.0,99,True
12,3,0.4,13,False
0,3,0.4,1,False
11,0,-2.0,11,False
23,0,-0.30000000000000004,13,False
10,3,0.4,11,False
41,3,0.4,42,False
89,1,20.0,99,True
4,1,-0.6,14,False
17,1,0.4,27,False
20,1,0.4,30,False
23,1,0.4,33,False
42,0,-0.30000000000000004,32,False
1,3,-2.0,1,False
0,2,-0.30000000000000004,0,False
3,2,-0.30000000000000004,2,False
0,1,0.4,10,False
0,0,-0.30000000000000004,0,False
21,2,-2.0,21,False
11,1,0.4,21,False
21,3,0.4,22,False
24,0,-0.30000000000000004,14,False
20,3,0.4,21,False
98,3,20.0,99,True
30,3,-0.6,31,False
20,3,-2.0,20,False
22,1,0.4,32,False
41,0,-0.30000000000000004,31,False
89,1,20.0,99,True
89,1,20.0,99,True
31,1,0.4,41,False
1,1,0.4,11,False
1,0,-0.30000000000000004,1,False
30,1,0.4,40,False
0,3,0.4,1,False
30,3,0.4,31,False
30,0,-0.30000000000000004,20,False
2,3,0.4,3,False
0,2,-0.30000000000000004,0,False
0,3,0.4,1,False
98,3,20.0,99,True
11,3,0.4,12,False
0,2,-0.30000000000000004,0,False
89,1,20.0,99,True
2,3,-2.0,2,False
22,1,0.4,32,False
31,1,0.4,41,False
20,3,0.4,21,False
20,3,-2.0,20,False
2,3,0.4,3,False
13,3,0.4,14,False
89,1,20.0,99,True
0,3,0.4,1,False
54,2,-1.3,53,False
89,1,20.0,99,True
31,1,0.4,41,False
11,3,0.4,12,False
20,3,-2.0,20,False
0,1,-2.0,0,False
3,0,-0.30000000000000004,3,False
51,1,-3.0,51,False
1,0,-0.30000000000000004,1,False
30,3,-0.6,31,False
0,1,0.4,10,False
12,1,0.4,22,False
2,0,-0.30000000000000004,2,False
0,2,-0.30000000000000004,0,False
89,1,20.0,99,True
1,1,0.4,11,False
98,3,20.0,99,True
89,1,20.0,99,True
4,3,0.4,5,False
10,3,0.4,11,False
34,0,-3.0,34,False
54,1,0.4,64,False
14,3,0.4,15,False
20,1,-0.6,30,False
11,3,0.4,12,False
6,2,-0.30000000000000004,5,False
21,3,-2.0,21,False
11,3,-0.6,12,False
31,1,0.4,41,False
4,1,-0.6,14,False
20,1,0.4,30,False
14,1,0.4,24,False
50,3,0.4,51,False
10,1,-2.0,10,False
20,3,0.4,21,False
44,3,0.4,45,False
10,1,0.4,20,False
89,1,20.0,99,True
98,3,20.0,99,True
0,3,-2.0,0,False
42,0,-0.30000000000000004,32,False
30,1,0.4,40,False
11,0,-0.30000000000000004,1,False
13,3,0.4,14,False
10,1,0.4,20,False
22,1,0.4,32,False
1,3,0.4,2,False
2,3,0.4,3,False
89,1,20.0,99,True
0,1,0.4,10,False
0,0,-0.30000000000000004,0,False
4,1,0.4,14,False
12,3,0.4,13,False
12,1,0.4,22,False
2,1,0.4,12,False
11,1,0.4,21,False
10,3,0.4,11,False
11,2,-0.30000000000000004,10,False
20,3,0.4,21,False
21,0,-0.30000000000000004,11,False
60,1,0.4,70,False
42,3,0.4,43,False
2,1,-2.0,2,False
21,3,-2.0,21,False
98,3,20.0,99,True
41,0,-0.30000000000000004,31,False
41,0,-0.30000000000000004,31,False
32,1,0.4,42,False
13,3,-2.0,13,False
1,3,0.4,2,False
1,3,0.4,2,False
0,0,-0.30000000000000004,0,False
2,3,-2.0,2,False
20,2,-0.30000000000000004,20,False
3,2,-0.30000000000000004,2,False
0,2,-0.30000000000000004,0,False
13,3,0.4,14,False
13,2,-0.30000000000000004,12,False
89,1,20.0,99,True
1,2,-0.30000000000000004,0,False
0,3,0.4,1,False
21,1,0.4,31,False
22,3,0.4,23,False
0,1,0.4,10,False
42,1,0.4,52,False
22,1,-0.6,32,False
23,0,-0.30000000000000004,13,False
21,1,0.4,31,False
11,0,-1.3,1,False
0,1,0.4,10,False
98,3,20.0,99,True
21,1,0.4,31,False
33,1,0.4,43,False
42,1,0.4,52,False
12,3,-2.0,12,False
31,3,0.4,32,False
22,0,-0.30000000000000004,12,False
10,3,0.4,11,False
32,3,0.4,33,False
41,1,0.4,51,False
21,3,-3.0,21,False
28,1,-3.0,28,False
89,1,20.0,99,True
12,3,0.4,13,False
23,1,-2.0,23,False
1,2,-0.30000000000000004,0,False
1,1,0.4,11,False
0,2,-0.30000000000000004,0,False
89,1,20.0,99,True
98,3,20.0,99,True
30,3,-3.0,30,False
34,3,0.4,35,False
22,1,0.4,32,False
89,1,20.0,99,True
0,1,-2.0,0,False
20,2,-0.30000000000000004,20,False
13,3,0.4,14,False
20,3,-2.0,20,False
12,1,0.4,22,False
1,2,-0.30000000000000004,0,False
32,2,-1.3,31,False
65,0,-0.30000000000000004,55,False
16,0,-0.30000000000000004,6,False
62,3,0.4,63,False
0,1,0.4,10,False
13,1,-2.0,13,False
24,2,-0.30000000000000004,23,False
98,3,20.0,99,True
25,1,0.4,35,False
13,0,-0.30000000000000004,3,False
0,2,-0.30000000000000004,0,False
13,1,0.4,23,False
31,2,-0.30000000000000004,30,False
51,1,0.4,61,False
20,3,0.4,21,False
15,3,0.4,16,False
17,3,0.4,18,False
11,0,-0.30000000000000004,1,False
0,2,-0.30000000000000004,0,False
89,1,20.0,99,True
1,1,0.4,11,False
1,1,0.4,11,False
89,1,20.0,99,True
0,2,-0.30000000000000004,0,False
0,1,0.4,10,False
10,1,0.4,20,False
0,3,0.4,1,False
11,1,-2.0,11,False
12,1,0.4,22,False
0,1,0.4,10,False
10,3,0.4,11,False
13,2,-0.30000000000000004,12,False
33,2,-0.30000000000000004,32,False
32,1,0.4,42,False
0,1,0.4,10,False
0,1,0.4,10,False
21,2,-0.30000000000000004,20,False
20,3,0.4,21,False
10,3,0.4,11,False
41,0,-0.30000000000000004,31,False
31,2,-0.30000000000000004,30,False
30,3,-2.0,30,False
89,1,20.0,99,True
31,1,-2.0,31,False
33,3,-3.0,33,False
3,2,-1.3,2,False
35,2,-0.30000000000000004,34,False
25,3,-0.6,26,False
12,0,-3.0,12,False
22,2,-0.30000000000000004,21,False
89,1,20.0,99,True
40,2,-1.3,40,False
10,3,0.4,11,False
23,3,-2.0,23,False
41,3,-0.6,42,False
89,1,20.0,99,True
0,1,0.4,10,False
0,0,-0.30000000000000004,0,False
1,3,0.4,2,False
10,2,-0.30000000000000004,10,False
89,1,20.0,99,True
10,1,0.4,20,False
22,1,0.4,32,False
2,2,-0.30000000000000004,1,False
12,1,0.4,22,False
32,3,0.4,33,False
1,2,-0.30000000000000004,0,False
21,0,-1.3,11,False
20,0,-0.30000000000000004,10,False
24,1,0.4,34,False
14,1,0.4,24,False
22,0,-1.3,12,False
13,3,0.4,14,False
10,0,-0.30000000000000004,0,False
62,3,0.4,63,False
1,3,-2.0,1,False
7,2,-1.3,6,False
0,3,-2.0,0,False
24,3,0.4,25,False
0,1,0.4,10,False
3,1,0.4,13,False
10,1,0.4,20,False
0,1,0.4,10,False
10,2,-0.30000000000000004,10,False
11,3,0.4,12,False
1,3,-2.0,1,False
20,0,-0.30000000000000004,10,False
10,3,-2.0,10,False
0,3,-2.0,0,False
11,3,-2.0,11,False
89,1,20.0,99,True
33,3,0.4,34,False
10,0,-0.30000000000000004,0,False
3,3,-2.0,3,False
10,3,0.4,11,False
23,3,0.4,24,False
33,1,0.4,43,False
2,3,-3.0,2,False
11,3,0.4,12,False
89,1,20.0,99,True
10,2,-0.30000000000000004,10,False
31,1,0.4,41,False
21,0,-0.30000000000000004,11,False
21,3,-2.0,21,False
23,3,0.4,24,False
20,1,-2.0,20,False
1,3,-2.0,1,False
3,0,-0.30000000000000004,3,False
1,2,-0.30000000000000004,0,False
89,1,20.0,99,True
0,1,0.4,10,False
89,1,20.0,99,True
0,2,-0.30000000000000004,0,False
30,0,-0.30000000000000004,20,False
3,3,0.4,4,False
0,1,0.4,10,False
22,3,0.4,23,False
21,3,0.4,22,False
1,1,0.4,11,False
20,3,0.4,21,False
0,2,-0.30000000000000004,0,False
13,3,0.4,14,False
74,1,0.4,84,False
2,1,0.4,12,False
98,3,20.0,99,True
1,1,0.4,11,False
1,2,-0.30000000000000004,0,False
31,2,-3.0,31,False
65,1,0.4,75,False
10,1,0.4,20,False
10,3,0.4,11,False
21,1,0.4,31,False
24,3,-2.0,24,False
13,2,-0.30000000000000004,12,False
1,2,-0.30000000000000004,0,False
0,3,-2.0,0,False
41,2,-0.30000000000000004,40,False
3,0,-0.30000000000000004,3,False
31,3,0.4,32,False
22,3,0.4,23,False
12,3,0.4,13,False
11,3,0.4,12,False
11,1,0.4,21,False
0,2,-0.30000000000000004,0,False
51,3,0.4,52,False
52,3,-3.0,52,False
89,1,20.0,99,True
0,3,0.4,1,False
0,1,-3.0,0,False
34,3,0.4,35,False
35,3,0.4,36,False
10,1,0.4,20,False
37,0,-0.30000000000000004,27,False
98,3,20.0,99,True
52,3,0.4,53,False
62,2,-0.30000000000000004,61,False
71,0,-1.3,61,False
0,0,-0.30000000000000004,0,False
36,1,0.4,46,False
10,1,0.4,20,False
51,2,-0.30000000000000004,50,False
0,2,-0.30000000000000004,0,False
31,2,-0.30000000000000004,30,False
1,2,-0.30000000000000004,0,False
98,3,20.0,99,True
10,1,0.4,20,False
32,2,-0.30000000000000004,31,False
0,2,-0.30000000000000004,0,False
51,1,0.4,61,False
21,2,-0.30000000000000004,20,False
13,3,0.4,14,False
22,0,-0.30000000000000004,12,False
0,3,0.4,1,False
89,1,20.0,99,True
2,1,0.4,12,False
11,0,-0.30000000000000004,1,False
21,1,0.4,31,False
89,1,20.0,99,True
2,1,0.4,12,False
21,2,-0.30000000000000004,20,False
89,1,20.0,99,True
20,2,-0.30000000000000004,20,False
13,2,-0.30000000000000004,12,False
11,1,-2.0,11,False
51,1,-0.6,61,False
0,3,0.4,1,False
2,1,0.4,12,False
20,0,-0.30000000000000004,10,False
3,1,0.4,13,False
98,3,20.0,99,True
22,1,0.4,32,False
25,1,0.4,35,False
0,1,0.4,10,False
14,2,-1.3,13,False
22,3,0.4,23,False
2,3,0.4,3,False
0,1,0.4,10,False
43,0,-0.30000000000000004,33,False
11,2,-0.30000000000000004,10,False
1,3,0.4,2,False
10,3,-2.0,10,False
1,0,-0.30000000000000004,1,False
20,3,-3.0,20,False
20,3,0.4,21,False
10,1,0.4,20,False
42,1,0.4,52,False
1,3,0.4,2,False
50,2,-1.3,50,False
0,3,-2.0,0,False
0,3,0.4,1,False
30,1,0.4,40,False
2,3,0.4,3,False
1,1,0.4,11,False
10,3,0.4,11,False
1,2,-0.30000000000000004,0,False
2,0,-0.30000000000000004,2,False
11,1,0.4,21,False
1,1,0.4,11,False
12,1,0.4,22,False
12,0,-2.0,12,False
0,0,-0.30000000000000004,0,False
43,3,0.4,44,False
0,1,0.4,10,False
20,0,-0.30000000000000004,10,False
21,1,-0.6,31,False
21,1,0.4,31,False
0,1,0.4,10,False
89,1,20.0,99,True
23,3,0.4,24,False
12,3,0.4,13,False
22,3,0.4,23,False
30,3,-2.0,30,False
98,3,20.0,99,True
13,3,-0.6,14,False
14,3,0.4,15,False
0,0,-0.30000000000000004,0,False
10,2,-0.30000000000000004,10,False
0,3,0.4,1,False
11,1,0.4,21,False
53,1,0.4,63,False
31,1,0.4,41,False
1,3,0.4,2,False
0,3,0.4,1,False
20,3,0.4,21,False
89,1,20.0,99,True
1,3,-2.0,1,False
12,2,-0.30000000000000004,11,False
0,1,0.4,10,False
56,0,-0.30000000000000004,46,False
10,0,-0.30000000000000004,0,False
2,3,0.4,3,False
73,2,-0.30000000000000004,72,False
13,0,-0.30000000000000004,3,False
30,3,0.4,31,False
11,1,0.4,21,False
1,3,-2.0,1,False
21,1,0.4,31,False
1,2,-0.30000000000000004,0,False
89,1,20.0,99,True
1,2,-0.30000000000000004,0,False
12,1,0.4,22,False
1,1,0.4,11,False
12,2,-0.30000000000000004,11,False
2,2,-0.30000000000000004,1,False
4,1,0.4,14,False
89,1,20.0,99,True
20,3,-2.0,20,False
1,3,0.4,2,False
31,1,0.4,41,False
10,2,-0.30000000000000004,10,False
0,3,-2.0,0,False
22,0,-0.30000000000000004,12,False
0,1,0.4,10,False
3,1,0.4,13,False
0,3,0.4,1,False
65,0,-1.3,55,False
0,2,-0.30000000000000004,0,False
1,0,-0.30000000000000004,1,False
98,3,20.0,99,True
11,3,0.4,12,False
64,0,-0.30000000000000004,54,False
0,3,0.4,1,False
53,3,-3.0,53,False
11,1,0.4,21,False
13,1,0.4,23,False
89,1,20.0,99,True
30,1,0.4,40,False
21,0,-0.30000000000000004,11,False
98,3,20.0,99,True
11,1,0.4,21,False
1,0,-1.3,1,False
0,3,0.4,1,False
14,1,0.4,24,False
10,1,0.4,20,False
31,3,0.4,32,False
22,1,0.4,32,False
5,1,0.4,15,False
12,3,0.4,13,False
0,1,0.4,10,False
21,1,0.4,31,False
11,1,0.4,21,False
98,3,20.0,99,True
11,0,-0.30000000000000004,1,False
10,3,0.4,11,False
13,3,0.4,14,False
43,3,0.4,44,False
0,1,0.4,10,False
12,1,-2.0,12,False
11,1,0.4,21,False
41,3,0.4,42,False
3,2,-0.30000000000000004,2,False
0,0,-0.30000000000000004,0,False
10,1,0.4,20,False
12,1,0.4,22,False
89,1,20.0,99,True
0,1,-0.6,10,False
12,3,0.4,13,False
1,3,0.4,2,False
22,2,-2.0,22,False
42,0,-0.30000000000000004,32,False
98,3,20.0,99,True
24,2,-2.0,24,False
44,1,0.4,54,False
62,3,0.4,63,False
1,2,-0.30000000000000004,0,False
0,3,0.4,1,False
11,1,-2.0,11,False
2,2,-0.30000000000000004,1,False
1,1,0.4,11,False
0,3,0.4,1,False
21,3,0.4,22,False
10,3,0.4,11,False
0,1,0.4,10,False
26,1,-3.0,26,False
98,3,20.0,99,True
20,1,-2.0,20,False
89,1,20.0,99,True
2,3,0.4,3,False
21,1,-2.0,21,False
45,1,0.4,55,False
10,3,0.4,11,False
11,3,-2.0,11,False
20,3,0.4,21,False
52,3,-3.0,52,False
12,0,-3.0,12,False
1,3,-0.6,2,False
11,3,0.4,12,False
21,2,-0.30000000000000004,20,False
0,2,-0.30000000000000004,0,False
30,3,0.4,31,False
12,3,0.4,13,False
13,1,0.4,23,False
13,1,0.4,23,False
1,3,0.4,2,False
0,2,-0.30000000000000004,0,False
12,3,0.4,13,False
1,3,-2.0,1,False
0,3,0.4,1,False
22,3,0.4,23,False
24,1,0.4,34,False
1,3,0.4,2,False
0,1,0.4,10,False
11,2,-0.30000000000000004,10,False
10,1,0.4,20,False
52,1,0.4,62,False
1,3,0.4,2,False
32,3,0.4,33,False
30,0,-0.30000000000000004,20,False
98,3,20.0,99,True
89,1,20.0,99,True
11,1,0.4,21,False
0,1,0.4,10,False
12,1,0.4,22,False
22,2,-1.3,21,False
20,1,-2.0,20,False
11,1,0.4,21,False
3,1,-0.6,13,False
11,2,-0.30000000000000004,10,False
0,2,-0.30000000000000004,0,False
3,1,0.4,13,False
0,1,0.4,10,False
4,1,0.4,14,False
1,1,0.4,11,False
89,1,20.0,99,True
0,3,0.4,1,False
31,0,-0.30000000000000004,21,False
52,1,0.4,62,False
23,3,0.4,24,False
51,1,0.4,61,False
33,3,0.4,34,False
98,3,20.0,99,True
1,1,0.4,11,False
10,2,-0.30000000000000004,10,False
0,2,-0.30000000000000004,0,False
12,2,-3.0,12,False
10,1,-2.0,10,False
11,3,-2.0,11,False
44,3,0.4,45,False
12,1,0.4,22,False
0,1,-2.0,0,False
1,3,0.4,2,False
0,3,-2.0,0,False
42,3,0.4,43,False
1,3,-2.0,1,False
10,1,0.4,20,False
32,1,0.4,42,False
11,2,-0.30000000000000004,10,False
89,1,20.0,99,True
0,3,0.4,1,False
50,3,0.4,51,False
53,3,0.4,54,False
0,3,0.4,1,False
10,3,0.4,11,False
89,1,20.0,99,True
89,1,20.0,99,True
10,2,-0.30000000000000004,10,False
0,2,-0.30000000000000004,0,False
0,2,-0.30000000000000004,0,False
13,3,0.4,14,False
20,3,0.4,21,False
1,2,-0.30000000000000004,0,False
0,3,0.4,1,False
73,3,0.4,74,False
11,1,0.4,21,False
30,2,-0.30000000000000004,30,False
41,1,0.4,51,False
0,1,0.4,10,False
0,3,0.4,1,False
0,3,0.4,1,False
89,1,20.0,99,True
89,1,20.0,99,True
43,2,-0.30000000000000004,42,False
10,1,0.4,20,False
0,3,0.4,1,False
1,1,0.4,11,False
0,3,0.4,1,False
89,1,20.0,99,True
12,1,-3.0,12,False
0,3,0.4,1,False
30,0,-0.30000000000000004,20,False
22,2,-0.30000000000000004,21,False
20,2,-0.30000000000000004,20,False
0,1,0.4,10,False
0,0,-0.30000000000000004,0,False
59,2,-0.30000000000000004,58,False
30,1,0.4,40,False
4,2,-0.30000000000000004,3,False
2,1,0.4,12,False
23,2,-1.3,22,False
0,0,-0.30000000000000004,0,False
0,2,-0.30000000000000004,0,False
10,1,-3.0,10,False
11,3,0.4,12,False
10,1,-2.0,10,False
21,0,-0.30000000000000004,11,False
21,1,0.4,31,False
10,2,-0.30000000000000004,10,False
6,3,0.4,7,False
21,3,0.4,22,False
12,1,0.4,22,False
0,1,0.4,10,False
2,2,-0.30000000000000004,1,False
11,3,0.4,12,False
20,0,-0.30000000000000004,10,False
11,3,0.4,12,False
0,1,0.4,10,False
1,3,-2.0,1,False
89,1,20.0,99,True
15,3,-2.0,15,False
1,0,-0.30000000000000004,1,False
11,1,-2.0,11,False
1,3,0.4,2,False
33,2,-0.30000000000000004,32,False
89,1,20.0,99,True
20,1,-0.6,30,False
13,3,0.4,14,False
0,1,0.4,10,False
1,1,0.4,11,False
10,1,0.4,20,False
21,2,-0.30000000000000004,20,False
98,3,20.0,99,True
98,3,20.0,99,True
51,3,0.4,52,False
41,0,-0.30000000000000004,31,False
0,0,-0.30000000000000004,0,False
1,3,0.4,2,False
4,2,-0.30000000000000004,3,False
24,3,0.4,25,False
10,0,-0.30000000000000004,0,False
1,1,-2.0,1,False
20,1,0.4,30,False
11,3,0.4,12,False
89,1,20.0,99,True
2,0,-1.3,2,False
11,3,0.4,12,False
42,2,-3.0,42,False
98,3,20.0,99,True
2,3,-2.0,2,False
11,1,-2.0,11,False
89,1,20.0,99,True
11,3,0.4,12,False
12,3,0.4,13,False
11,3,0.4,12,False
32,3,0.4,33,False
0,3,0.4,1,False
13,2,-0.30000000000000004,12,False
21,0,-0.30000000000000004,11,False
54,3,0.4,55,False
0,2,-0.30000000000000004,0,False
42,3,0.4,43,False
1,0,-0.30000000000000004,1,False
31,3,0.4,32,False
89,1,20.0,99,True
63,2,-1.3,62,False
1,3,0.4,2,False
10,1,-2.0,10,False
42,3,0.4,43,False
89,1,20.0,99,True
1,3,0.4,2,False
11,3,0.4,12,False
54,1,0.4,64,False
33,3,0.4,34,False
23,3,0.4,24,False
21,2,-0.30000000000000004,20,False
10,0,-0.30000000000000004,0,False
0,3,0.4,1,False
4,1,0.4,14,False
10,3,0.4,11,False
52,1,0.4,62,False
1,1,0.4,11,False
1,3,-2.0,1,False
61,1,0.4,71,False
1,1,0.4,11,False
11,2,-0.30000000000000004,10,False
98,3,20.0,99,True
30,2,-0.30000000000000004,30,False
0,3,0.4,1,False
1,0,-0.30000000000000004,1,False
40,0,-0.30000000000000004,30,False
0,2,-0.30000000000000004,0,False
89,1,20.0,99,True
21,1,0.4,31,False
2,2,-0.30000000000000004,1,False
31,3,0.4,32,False
20,3,0.4,21,False
10,1,0.4,20,False
89,1,20.0,99,True
13,3,0.4,14,False
13,0,-0.30000000000000004,3,False
0,1,0.4,10,False
89,1,20.0,99,True
2,3,0.4,3,False
40,3,0.4,41,False
0,1,0.4,10,False
51,1,-2.0,51,False
10,1,0.4,20,False
2,3,-2.0,2,False
11,3,0.4,12,False
21,1,0.4,31,False
0,1,0.4,10,False
11,3,0.4,12,False
0,3,-2.0,0,False
0,3,0.4,1,False
0,1,0.4,10,False
13,1,0.4,23,False
13,3,0.4,14,False
10,2,-0.30000000000000004,10,False
1,2,-0.30000000000000004,0,False
33,3,0.4,34,False
12,2,-0.30000000000000004,11,False
22,2,-0.30000000000000004,21,False
3,3,0.4,4,False
22,1,0.4,32,False
0,0,-0.30000000000000004,0,False
13,0,-0.30000000000000004,3,False
10,3,0.4,11,False
0,0,-0.30000000000000004,0,False
32,2,-0.30000000000000004,31,False
83,0,-1.3,73,False
3,1,-3.0,3,False
13,3,0.4,14,False
20,0,-0.30000000000000004,10,False
60,1,-2.0,60,False
21,1,-2.0,21,False
0,3,0.4,1,False
0,3,0.4,1,False
1,3,-2.0,1,False
14,1,0.4,24,False
33,1,0.4,43,False
32,1,0.4,42,False
42,2,-1.3,41,False
10,3,0.4,11,False
0,0,-0.30000000000000004,0,False
22,3,0.4,23,False
13,1,-3.0,13,False
34,3,-3.0,34,False
13,1,0.4,23,False
14,0,-1.3,4,False
10,3,-3.0,10,False
0,1,-2.0,0,False
21,1,0.4,31,False
10,2,-0.30000000000000004,10,False
89,1,20.0,99,True
25,2,-0.30000000000000004,24,False
0,3,0.4,1,False
61,2,-0.30000000000000004,60,False
89,1,20.0,99,True
98,3,20.0,99,True
12,2,-0.30000000000000004,11,False
22,3,0.4,23,False
89,1,20.0,99,True
1,0,-0.30000000000000004,1,False
0,2,-0.30000000000000004,0,False
2,1,0.4,12,False
1,2,-0.30000000000000004,0,False
11,1,-2.0,11,False
1,1,0.4,11,False
1,3,0.4,2,False
10,1,0.4,20,False
23,0,-0.30000000000000004,13,False
89,1,20.0,99,True
0,0,-0.30000000000000004,0,False
31,3,0.4,32,False
11,1,0.4,21,False
42,1,0.4,52,False
30,0,-0.30000000000000004,20,False
30,3,0.4,31,False
10,1,-2.0,10,False
11,3,0.4,12,False
0,2,-0.30000000000000004,0,False
15,2,-1.3,14,False
37,1,0.4,47,False
0,1,0.4,10,False
0,1,0.4,10,False
89,1,20.0,99,True
30,0,-2.0,30,False
23,2,-1.3,22,False
10,1,-2.0,10,False
11,3,-2.0,11,False
20,0,-0.30000000000000004,10,False
1,0,-0.30000000000000004,1,False
2,3,0.4,3,False
0,0,-0.30000000000000004,0,False
23,1,0.4,33,False
33,1,0.4,43,False
1,0,-1.3,1,False
0,3,0.4,1,False
11,0,-0.30000000000000004,1,False
13,3,-2.0,13,False
0,3,-2.0,0,False
13,1,0.4,23,False
43,3,0.4,44,False
31,1,0.4,41,False
2,3,0.4,3,False
24,3,0.4,25,False
1,1,-2.0,1,False
14,3,0.4,15,False
0,0,-0.30000000000000004,0,False
89,1,20.0,99,True
32,3,0.4,33,False
89,1,20.0,99,True
3,1,0.4,13,False
0,0,-0.30000000000000004,0,False
0,1,0.4,10,False
16,1,0.4,26,False
10,0,-0.30000000000000004,0,False
0,2,-0.30000000000000004,0,False
0,3,0.4,1,False
11,0,-0.30000000000000004,1,False
1,3,0.4,2,False
82,3,0.4,83,False
4,3,0.4,5,False
42,3,0.4,43,False
33,1,0.4,43,False
12,1,0.4,22,False
95,1,-1.3,95,False
0,1,0.4,10,False
10,2,-0.30000000000000004,10,False
11,1,-2.0,11,False
21,1,-2.0,21,False
1,1,0.4,11,False
5,3,0.4,6,False
4,3,0.4,5,False
1,1,-2.0,1,False
0,3,0.4,1,False
12,0,-0.30000000000000004,2,False
84,1,0.4,94,False
98,3,20.0,99,True
11,2,-0.30000000000000004,10,False
11,1,-2.0,11,False
22,3,0.4,23,False
61,1,0.4,71,False
10,3,0.4,11,False
10,0,-0.30000000000000004,0,False
20,3,0.4,21,False
0,3,-2.0,0,False
32,1,0.4,42,False
52,1,0.4,62,False
10,1,-2.0,10,False
10,3,0.4,11,False
31,3,-3.0,31,False
11,1,0.4,21,False
11,3,0.4,12,False
33,1,-3.0,33,False
1,3,0.4,2,False
11,1,0.4,21,False
98,3,20.0,99,True
10,3,-2.0,10,False
0,1,0.4,10,False
31,1,0.4,41,False
21,0,-0.30000000000000004,11,False
89,1,20.0,99,True
20,3,0.4,21,False
89,1,20.0,99,True
26,1,0.4,36,False
11,3,-2.0,11,False
22,2,-0.30000000000000004,21,False
43,3,0.4,44,False
12,1,-2.0,12,False
0,3,-2.0,0,False
20,3,0.4,21,False
46,1,0.4,56,False
33,1,0.4,43,False
89,1,20.0,99,True
2,1,0.4,12,False
1,1,0.4,11,False
42,3,0.4,43,False
1,3,0.4,2,False
37,1,0.4,47,False
11,1,0.4,21,False
0,3,-2.0,0,False
24,3,0.4,25,False
15,3,0.4,16,False
24,1,0.4,34,False
13,0,-0.30000000000000004,3,False
4,1,0.4,14,False
0,3,0.4,1,False
10,2,-0.30000000000000004,10,False
3,2,-0.30000000000000004,2,False
0,0,-0.30000000000000004,0,False
0,3,0.4,1,False
32,3,0.4,33,False
0,3,-2.0,0,False
1,0,-0.30000000000000004,1,False
32,0,-0.30000000000000004,22,False
0,0,-0.30000000000000004,0,False
21,3,0.4,22,False
19,3,-1.3,19,False
0,0,-0.30000000000000004,0,False
30,0,-0.30000000000000004,20,False
0,1,0.4,10,False
2,0,-0.30000000000000004,2,False
3,1,0.4,13,False
29,1,0.4,39,False
72,3,-0.6,73,False
11,2,-0.30000000000000004,10,False
3,2,-0.30000000000000004,2,False
2,3,0.4,3,False
61,0,-0.30000000000000004,51,False
0,3,0.4,1,False
71,3,-3.0,71,False
0,1,-2.0,0,False
23,3,0.4,24,False
0,3,-2.0,0,False
14,3,0.4,15,False
14,3,0.4,15,False
24,1,0.4,34,False
0,3,-2.0,0,False
24,0,-0.30000000000000004,14,False
20,3,0.4,21,False
20,1,0.4,30,False
10,3,-2.0,10,False
1,0,-0.30000000000000004,1,False
22,3,0.4,23,False
1,0,-0.30000000000000004,1,False
25,0,-0.30000000000000004,15,False
24,0,-1.3,14,False
0,3,0.4,1,False
0,1,0.4,10,False
0,3,-2.0,0,False
20,1,-2.0,20,False
10,3,0.4,11,False
10,0,-0.30000000000000004,0,False
11,0,-0.30000000000000004,1,False
21,3,0.4,22,False
71,2,-1.3,70,False
12,1,-2.0,12,False
98,3,20.0,99,True
24,1,-3.0,24,False
0,0,-0.30000000000000004,0,False
89,1,20.0,99,True
43,0,-1.3,33,False
4,3,0.4,5,False
1,1,0.4,11,False
23,1,-2.0,23,False
52,3,0.4,53,False
12,0,-0.30000000000000004,2,False
1,1,0.4,11,False
0,3,0.4,1,False
89,1,20.0,99,True
21,0,-0.30000000000000004,11,False
0,0,-0.30000000000000004,0,False
14,1,0.4,24,False
10,0,-0.30000000000000004,0,False
21,1,0.4,31,False
40,3,0.4,41,False
31,0,-0.30000000000000004,21,False
25,1,0.4,35,False
31,3,-2.0,31,False
23,3,-2.0,23,False
0,3,0.4,1,False
10,1,0.4,20,False
51,1,0.4,61,False
1,3,-2.0,1,False
0,3,0.4,1,False
2,0,-0.30000000000000004,2,False
21,3,-2.0,21,False
16,0,-0.30000000000000004,6,False
21,1,0.4,31,False
10,3,-2.0,10,False
11,1,0.4,21,False
10,1,0.4,20,False
0,3,0.4,1,False
0,3,0.4,1,False
11,2,-0.30000000000000004,10,False
46,2,-1.3,45,False
10,3,-2.0,10,False
20,1,0.4,30,False
0,1,-2.0,0,False
2,3,0.4,3,False
24,0,-0.30000000000000004,14,False
21,0,-0.30000000000000004,11,False
0,0,-0.30000000000000004,0,False
12,3,0.4,13,False
42,2,-2.0,42,False
11,3,0.4,12,False
0,1,0.4,10,False
11,3,0.4,12,False
22,1,-2.0,22,False
20,3,0.4,21,False
13,0,-0.30000000000000004,3,False
89,1,20.0,99,True
0,3,0.4,1,False
33,1,0.4,43,False
22,3,0.4,23,False
0,3,0.4,1,False
0,3,0.4,1,False
10,1,0.4,20,False
11,1,0.4,21,False
1,1,0.4,11,False
32,1,0.4,42,False
0,0,-0.30000000000000004,0,False
2,1,-2.0,2,False
55,2,-1.3,54,False
1,3,0.4,2,False
2,1,0.4,12,False
1,0,-0.30000000000000004,1,False
12,3,0.4,13,False
10,3,0.4,11,False
11,1,0.4,21,False
22,3,0.4,23,False
60,1,0.4,70,False
2,3,-2.0,2,False
33,3,0.4,34,False
3,1,0.4,13,False
0,0,-0.30000000000000004,0,False
40,0,-0.30000000000000004,30,False
2,3,-2.0,2,False
89,1,20.0,99,True
89,1,20.0,99,True
98,3,20.0,99,True
0,2,-0.30000000000000004,0,False
20,1,-2.0,20,False
1,3,0.4,2,False
89,1,20.0,99,True
44,3,0.4,45,False
22,1,-2.0,22,False
2,1,0.4,12,False
1,3,0.4,2,False
2,0,-0.30000000000000004,2,False
13,0,-0.30000000000000004,3,False
11,3,0.4,12,False
22,1,0.4,32,False
0,2,-0.30000000000000004,0,False
10,2,-0.30000000000000004,10,False
21,3,0.4,22,False
56,0,-1.3,46,False
0,1,0.4,10,False
0,3,0.4,1,False
89,1,20.0,99,True
4,0,-0.30000000000000004,4,False
33,2,-0.30000000000000004,32,False
3,3,0.4,4,False
20,3,0.4,21,False
30,1,0.4,40,False
20,3,0.4,21,False
31,3,0.4,32,False
12,3,0.4,13,False
11,3,0.4,12,False
22,1,0.4,32,False
11,0,-0.30000000000000004,1,False
11,3,0.4,12,False
11,3,0.4,12,False
12,3,0.4,13,False
89,1,20.0,99,True
13,1,-3.0,13,False
1,3,0.4,2,False
12,2,-1.3,11,False
10,1,-2.0,10,False
72,1,0.4,82,False
41,1,0.4,51,False
11,3,0.4,12,False
1,1,0.4,11,False
21,3,-0.6,22,False
13,3,0.4,14,False
11,3,0.4,12,False
22,0,-1.3,12,False
20,3,0.4,21,False
0,3,0.4,1,False
2,1,0.4,12,False
0,2,-0.30000000000000004,0,False
34,1,0.4,44,False
21,3,0.4,22,False
2,3,0.4,3,False
0,1,0.4,10,False
11,1,-2.0,11,False
10,1,0.4,20,False
44,3,0.4,45,False
42,2,-0.30000000000000004,41,False
1,0,-0.30000000000000004,1,False
31,1,0.4,41,False
21,3,0.4,22,False
21,3,0.4,22,False
32,3,0.4,33,False
0,3,0.4,1,False
1,3,-2.0,1,False
20,3,0.4,21,False
89,1,20.0,99,True
89,1,20.0,99,True
61,3,0.4,62,False
10,0,-0.30000000000000004,0,False
32,1,0.4,42,False
31,1,0.4,41,False
89,1,20.0,99,True
26,1,-0.6,36,False
11,3,0.4,12,False
20,2,-1.3,20,False
0,1,0.4,10,False
22,3,0.4,23,False
98,3,20.0,99,True
1,3,0.4,2,False
21,1,-2.0,21,False
6,1,0.4,16,False
89,1,20.0,99,True
1,3,0.4,2,False
21,3,0.4,22,False
0,1,0.4,10,False
1,1,-2.0,1,False
1,2,-0.30000000000000004,0,False
3,2,-0.30000000000000004,2,False
1,2,-0.30000000000000004,0,False
2,2,-0.30000000000000004,1,False
98,3,20.0,99,True
10,1,-2.0,10,False
21,3,0.4,22,False
89,1,20.0,99,True
2,3,0.4,3,False
31,3,-2.0,31,False
20,3,0.4,21,False
42,1,0.4,52,False
14,2,-0.30000000000000004,13,False
21,0,-0.30000000000000004,11,False
10,1,0.4,20,False
0,2,-0.30000000000000004,0,False
1,3,0.4,2,False
11,3,-2.0,11,False
22,2,-0.30000000000000004,21,False
23,1,-0.6,33,False
0,1,0.4,10,False
4,0,-0.30000000000000004,4,False
12,2,-0.30000000000000004,11,False
0,3,0.4,1,False
1,0,-0.30000000000000004,1,False
4,0,-0.30000000000000004,4,False
32,3,0.4,33,False
20,0,-0.30000000000000004,10,False
0,0,-0.30000000000000004,0,False
0,1,0.4,10,False
23,0,-0.30000000000000004,13,False
12,1,0.4,22,False
13,3,0.4,14,False
21,3,0.4,22,False
33,0,-0.30000000000000004,23,False
0,3,0.4,1,False
24,3,-2.0,24,False
10,1,-2.0,10,False
15,3,0.4,16,False
10,3,0.4,11,False
2,3,0.4,3,False
0,3,0.4,1,False
20,3,0.4,21,False
13,3,0.4,14,False
22,1,-2.0,22,False
13,1,0.4,23,False
0,1,0.4,10,False
2,0,-0.30000000000000004,2,False
20,1,0.4,30,False
4,2,-0.30000000000000004,3,False
0,3,-2.0,0,False
0,3,0.4,1,False
30,3,0.4,31,False
31,3,0.4,32,False
1,1,-2.0,1,False
42,1,0.4,52,False
1,1,0.4,11,False
10,2,-0.30000000000000004,10,False
11,1,-0.6,21,False
98,3,20.0,99,True
20,1,-2.0,20,False
21,1,0.4,31,False
35,1,0.4,45,False
1,3,-2.0,1,False
10,1,0.4,20,False
61,1,0.4,71,False
64,2,-1.3,63,False
11,1,0.4,21,False
24,0,-1.3,14,False
42,3,0.4,43,False
30,1,0.4,40,False
5,3,0.4,6,False
61,2,-0.30000000000000004,60,False
89,1,20.0,99,True
0,3,0.4,1,False
42,1,0.4,52,False
3,2,-0.30000000000000004,2,False
98,3,20.0,99,True
1,1,0.4,11,False
10,2,-0.30000000000000004,10,False
0,0,-0.30000000000000004,0,False
43,1,0.4,53,False
89,1,20.0,99,True
2,2,-0.30000000000000004,1,False
24,1,0.4,34,False
3,2,-0.30000000000000004,2,False
41,2,-3.0,41,False
20,2,-0.30000000000000004,20,False
0,3,-2.0,0,False
12,1,-2.0,12,False
98,3,20.0,99,True
1,1,0.4,11,False
10,3,0.4,11,False
11,2,-0.30000000000000004,10,False
0,3,0.4,1,False
89,1,20.0,99,True
4,1,-2.0,4,False
0,3,0.4,1,False
20,3,0.4,21,False
6,1,0.4,16,False
43,0,-1.3,33,False
0,1,0.4,10,False
0,3,0.4,1,False
13,1,0.4,23,False
13,0,-1.3,3,False
34,0,-0.30000000000000004,24,False
11,3,-2.0,11,False
11,2,-1.3,10,False
1,2,-0.30000000000000004,0,False
0,1,0.4,10,False
0,1,0.4,10,False
10,0,-0.30000000000000004,0,False
21,3,0.4,22,False
72,0,-1.3,62,False
20,0,-0.30000000000000004,10,False
89,1,20.0,99,True
30,3,-2.0,30,False
42,0,-0.30000000000000004,32,False
22,3,0.4,23,False
60,3,0.4,61,False
10,1,0.4,20,False
12,1,0.4,22,False
98,3,20.0,99,True
0,1,-2.0,0,False
2,3,0.4,3,False
0,3,0.4,1,False
31,2,-0.30000000000000004,30,False
10,3,0.4,11,False
42,3,-2.0,42,False
40,1,-3.0,40,False
10,1,0.4,20,False
89,1,20.0,99,True
1,0,-1.3,1,False
11,2,-0.30000000000000004,10,False
1,3,0.4,2,False
11,3,0.4,12,False
1,3,0.4,2,False
13,1,-0.6,23,False
0,3,0.4,1,False
1,2,-1.3,0,False
98,3,20.0,99,True
11,1,0.4,21,False
35,0,-3.0,35,False
23,0,-0.30000000000000004,13,False
22,1,0.4,32,False
13,1,0.4,23,False
12,1,-2.0,12,False
2,2,-1.3,1,False
11,0,-0.30000000000000004,1,False
0,2,-0.30000000000000004,0,False
1,1,0.4,11,False
0,3,-2.0,0,False
11,3,0.4,12,False
10,2,-0.30000000000000004,10,False
0,2,-0.30000000000000004,0,False
41,1,-0.6,51,False
0,1,0.4,10,False
11,1,0.4,21,False
51,1,0.4,61,False
1,3,0.4,2,False
14,1,-2.0,14,False
11,1,0.4,21,False
0,3,0.4,1,False
62,3,0.4,63,False
5,1,-3.0,5,False
20,1,0.4,30,False
40,3,-0.6,41,False
15,3,0.4,16,False
10,3,0.4,11,False
0,1,0.4,10,False
18,1,0.4,28,False
1,3,0.4,2,False
10,1,0.4,20,False
11,0,-0.30000000000000004,1,False
10,0,-0.30000000000000004,0,False
49,1,0.4,59,False
2,1,-3.0,2,False
0,1,0.4,10,False
30,0,-0.30000000000000004,20,False
24,0,-0.30000000000000004,14,False
0,3,0.4,1,False
0,3,0.4,1,False
35,1,-3.0,35,False
23,0,-1.3,13,False
20,1,0.4,30,False
41,3,0.4,42,False
10,1,0.4,20,False
0,1,0.4,10,False
43,1,-3.0,43,False
21,1,0.4,31,False
22,2,-0.30000000000000004,21,False
13,3,0.4,14,False
1,1,0.4,11,False
94,1,-1.3,94,False
54,3,0.4,55,False
11,3,0.4,12,False
0,2,-0.30000000000000004,0,False
22,2,-1.3,21,False
11,0,-0.30000000000000004,1,False
32,2,-1.3,31,False
2,1,0.4,12,False
12,1,0.4,22,False
46,1,0.4,56,False
23,3,-0.6,24,False
98,3,20.0,99,True
0,3,0.4,1,False
3,2,-0.30000000000000004,2,False
53,3,-3.0,53,False
98,3,20.0,99,True
89,1,20.0,99,True
42,0,-1.3,32,False
2,0,-0.30000000000000004,2,False
34,0,-1.3,24,False
2,1,0.4,12,False
11,1,0.4,21,False
31,1,0.4,41,False
0,0,-0.30000000000000004,0,False
32,3,0.4,33,False
12,1,0.4,22,False
1,1,0.4,11,False
0,2,-0.30000000000000004,0,False
66,1,0.4,76,False
16,0,-0.30000000000000004,6,False
22,3,0.4,23,False
0,0,-0.30000000000000004,0,False
0,3,-2.0,0,False
12,1,0.4,22,False
31,1,0.4,41,False
11,1,0.4,21,False
12,3,0.4,13,False
20,0,-0.30000000000000004,10,False
98,3,20.0,99,True
0,0,-0.30000000000000004,0,False
10,1,-2.0,10,False
0,0,-0.30000000000000004,0,False
22,2,-1.3,21,False
2,3,0.4,3,False
98,3,20.0,99,True
1,3,0.4,2,False
22,2,-0.30000000000000004,21,False
43,3,-2.0,43,False
43,2,-1.3,42,False
98,3,20.0,99,True
1,1,0.4,11,False
0,3,0.4,1,False
41,1,-2.0,41,False
0,2,-0.30000000000000004,0,False
0,0,-0.30000000000000004,0,False
12,3,0.4,13,False
0,3,0.4,1,False
23,2,-0.30000000000000004,22,False
30,1,0.4,40,False
14,3,0.4,15,False
3,3,0.4,4,False
30,0,-0.30000000000000004,20,False
12,3,0.4,13,False
98,3,20.0,99,True
15,2,-0.30000000000000004,14,False
30,0,-0.30000000000000004,20,False
10,3,-2.0,10,False
0,3,0.4,1,False
1,3,0.4,2,False
20,0,-0.30000000000000004,10,False
1,0,-0.30000000000000004,1,False
43,3,0.4,44,False
21,1,0.4,31,False
10,2,-0.30000000000000004,10,False
10,3,0.4,11,False
12,3,0.4,13,False
89,1,20.0,99,True
35,1,0.4,45,False
10,0,-0.30000000000000004,0,False
14,2,-0.30000000000000004,13,False
98,3,20.0,99,True
0,3,-2.0,0,False
0,1,0.4,10,False
2,1,0.4,12,False
98,3,20.0,99,True
89,1,20.0,99,True
22,0,-0.30000000000000004,12,False
3,3,0.4,4,False
2,3,-2.0,2,False
2,1,0.4,12,False
20,1,-2.0,20,False
13,2,-0.30000000000000004,12,False
1,2,-1.3,0,False
11,3,0.4,12,False
0,3,0.4,1,False
0,2,-0.30000000000000004,0,False
11,1,0.4,21,False
10,3,0.4,11,False
10,3,0.4,11,False
0,3,0.4,1,False
25,0,-1.3,15,False
22,3,0.4,23,False
22,0,-0.30000000000000004,12,False
22,3,-2.0,22,False
21,0,-0.30000000000000004,11,False
11,1,0.4,21,False
2,3,0.4,3,False
21,3,0.4,22,False
51,0,-1.3,41,False
0,0,-0.30000000000000004,0,False
0,1,0.4,10,False
61,2,-3.0,61,False
2,2,-1.3,1,False
98,3,20.0,99,True
0,0,-0.30000000000000004,0,False
21,1,0.4,31,False
13,2,-0.30000000000000004,12,False
11,3,0.4,12,False
13,1,0.4,23,False
11,3,0.4,12,False
12,0,-0.30000000000000004,2,False
89,1,20.0,99,True
89,1,20.0,99,True
89,1,20.0,99,True
54,0,-1.3,44,False
10,1,0.4,20,False
12,3,0.4,13,False
0,0,-0.30000000000000004,0,False
54,1,0.4,64,False
3,2,-0.30000000000000004,2,False
1,3,0.4,2,False
12,1,0.4,22,False
89,1,20.0,99,True
0,3,0.4,1,False
0,0,-0.30000000000000004,0,False
0,0,-0.30000000000000004,0,False
21,2,-0.30000000000000004,20,False
12,0,-0.30000000000000004,2,False
0,2,-0.30000000000000004,0,False
2,0,-0.30000000000000004,2,False
12,1,0.4,22,False
30,1,0.4,40,False
30,3,0.4,31,False
31,3,0.4,32,False
23,3,0.4,24,False
11,0,-0.30000000000000004,1,False
42,3,0.4,43,False
20,2,-0.30000000000000004,20,False
0,0,-0.30000000000000004,0,False
31,1,0.4,41,False
1,3,0.4,2,False
0,3,0.4,1,False
10,3,0.4,11,False
1,1,-2.0,1,False
10,3,0.4,11,False
0,1,0.4,10,False
89,1,20.0,99,True
20,1,-2.0,20,False
37,0,-1.3,27,False
53,1,0.4,63,False
6,3,0.4,7,False
33,1,0.4,43,False
14,1,0.4,24,False
20,2,-0.30000000000000004,20,False
0,2,-0.30000000000000004,0,False
12,3,0.4,13,False
98,3,20.0,99,True
2,1,-2.0,2,False
23,3,0.4,24,False
31,1,-0.6,41,False
98,3,20.0,99,True
11,1,0.4,21,False
14,0,-0.30000000000000004,4,False
13,1,0.4,23,False
0,0,-0.30000000000000004,0,False
98,3,20.0,99,True
1,2,-0.30000000000000004,0,False
3,1,-3.0,3,False
32,3,0.4,33,False
54,2,-3.0,54,False
11,3,0.4,12,False
22,1,-2.0,22,False
1,0,-0.30000000000000004,1,False
0,2,-0.30000000000000004,0,False
23,0,-0.30000000000000004,13,False
1,3,-2.0,1,False
10,1,0.4,20,False
89,1,20.0,99,True
23,1,0.4,33,False
1,1,0.4,11,False
98,3,20.0,99,True
25,0,-0.30000000000000004,15,False
50,3,0.4,51,False
22,1,0.4,32,False
14,1,0.4,24,False
16,1,0.4,26,False
0,1,0.4,10,False
11,3,0.4,12,False
3,3,-2.0,3,False
98,3,20.0,99,True
1,1,0.4,11,False
34,3,-3.0,34,False
15,1,-0.6,25,False
31,1,0.4,41,False
14,0,-0.30000000000000004,4,False
25,1,0.4,35,False
45,1,-3.0,45,False
2,1,0.4,12,False
20,3,0.4,21,False
32,2,-0.30000000000000004,31,False
20,3,-2.0,20,False
0,3,0.4,1,False
31,0,-0.30000000000000004,21,False
89,1,20.0,99,True
66,3,0.4,67,False
0,2,-0.30000000000000004,0,False
0,0,-0.30000000000000004,0,False
20,1,0.4,30,False
33,0,-0.30000000000000004,23,False
0,3,0.4,1,False
33,3,-3.0,33,False
89,1,20.0,99,True
11,3,0.4,12,False
0,1,0.4,10,False
31,2,-0.30000000000000004,30,False
20,1,0.4,30,False
3,2,-0.30000000000000004,2,False
72,3,0.4,73,False
0,1,-2.0,0,False
0,2,-0.30000000000000004,0,False
12,2,-0.30000000000000004,11,False
24,0,-1.3,14,False
4,2,-1.3,3,False
98,3,20.0,99,True
0,3,0.4,1,False
10,1,0.4,20,False
0,3,0.4,1,False
14,1,0.4,24,False
21,0,-0.30000000000000004,11,False
14,3,0.4,15,False
0,3,0.4,1,False
21,2,-0.30000000000000004,20,False
46,1,-0.6,56,False
0,2,-0.30000000000000004,0,False
12,3,0.4,13,False
22,3,0.4,23,False
35,0,-3.0,35,False
10,3,0.4,11,False
18,1,0.4,28,False
10,0,-0.30000000000000004,0,False
0,1,0.4,10,False
1,3,0.4,2,False
0,1,-2.0,0,False
11,0,-0.30000000000000004,1,False
11,2,-0.30000000000000004,10,False
11,3,0.4,12,False
89,1,20.0,99,True
15,2,-0.30000000000000004,14,False
1,1,-2.0,1,False
31,1,0.4,41,False
25,1,0.4,35,False
45,2,-1.3,44,False
12,3,-2.0,12,False
0,2,-0.30000000000000004,0,False
0,2,-0.30000000000000004,0,False
14,2,-1.3,13,False
31,1,0.4,41,False
35,1,0.4,45,False
20,1,0.4,30,False
89,1,20.0,99,True
0,3,0.4,1,False
89,1,20.0,99,True
30,3,0.4,31,False
30,2,-0.30000000000000004,30,False
0,0,-0.30000000000000004,0,False
27,0,-0.30000000000000004,17,False
0,3,0.4,1,False
11,1,-2.0,11,False
22,1,0.4,32,False
11,1,0.4,21,False
0,3,-2.0,0,False
61,0,-0.30000000000000004,51,False
0,2,-0.30000000000000004,0,False
43,1,0.4,53,False
0,3,0.4,1,False
1,3,0.4,2,False
89,1,20.0,99,True
14,1,0.4,24,False
12,3,0.4,13,False
0,3,-0.6,1,False
13,0,-0.30000000000000004,3,False
23,3,0.4,24,False
3,1,0.4,13,False
89,1,20.0,99,True
52,3,0.4,53,False
10,1,0.4,20,False
23,2,-3.0,23,False
30,0,-0.30000000000000004,20,False
20,1,0.4,30,False
31,2,-2.0,31,False
16,3,0.4,17,False
89,1,20.0,99,True
10,1,0.4,20,False
42,3,0.4,43,False
0,2,-0.30000000000000004,0,False
89,1,20.0,99,True
35,3,0.4,36,False
0,3,0.4,1,False
10,0,-0.30000000000000004,0,False
0,1,0.4,10,False
10,3,0.4,11,False
13,1,0.4,23,False
22,2,-0.30000000000000004,21,False
1,3,0.4,2,False
11,1,0.4,21,False
0,1,0.4,10,False
52,3,0.4,53,False
1,3,0.4,2,False
0,1,-2.0,0,False
0,1,0.4,10,False
10,1,0.4,20,False
2,3,-2.0,2,False
0,1,0.4,10,False
0,3,0.4,1,False
1,3,0.4,2,False
0,1,0.4,10,False
41,1,0.4,51,False
2,3,0.4,3,False
21,0,-0.30000000000000004,11,False
2,2,-2.0,2,False
0,3,0.4,1,False
1,3,0.4,2,False
32,3,0.4,33,False
22,2,-0.30000000000000004,21,False
10,3,0.4,11,False
0,2,-0.30000000000000004,0,False
11,3,-2.0,11,False
1,0,-0.30000000000000004,1,False
0,1,0.4,10,False
42,1,0.4,52,False
10,3,0.4,11,False
0,1,-2.0,0,False
1,3,-2.0,1,False
10,0,-0.30000000000000004,0,False
33,3,0.4,34,False
0,1,-2.0,0,False
0,3,0.4,1,False
1,3,-2.0,1,False
41,1,0.4,51,False
0,1,0.4,10,False
0,3,0.4,1,False
98,3,20.0,99,True
2,1,0.4,12,False
89,1,20.0,99,True
4,3,0.4,5,False
14,1,-0.6,24,False
2,0,-0.30000000000000004,2,False
11,3,0.4,12,False
33,3,0.4,34,False
50,0,-0.30000000000000004,40,False
89,1,20.0,99,True
11,1,-2.0,11,False
2,1,0.4,12,False
11,1,0.4,21,False
89,1,20.0,99,True
64,1,0.4,74,False
1,0,-0.30000000000000004,1,False
2,2,-0.30000000000000004,1,False
10,2,-0.30000000000000004,10,False
41,3,0.4,42,False
5,3,0.4,6,False
30,3,0.4,31,False
20,2,-0.30000000000000004,20,False
1,1,0.4,11,False
14,1,-3.0,14,False
3,1,0.4,13,False
22,2,-2.0,22,False
12,0,-1.3,2,False
89,1,20.0,99,True
10,2,-0.30000000000000004,10,False
10,3,-2.0,10,False
1,3,0.4,2,False
11,1,-2.0,11,False
22,1,-2.0,22,False
0,2,-0.30000000000000004,0,False
2,2,-0.30000000000000004,1,False
2,2,-0.30000000000000004,1,False
13,0,-0.30000000000000004,3,False
11,3,-0.6,12,False
63,2,-0.30000000000000004,62,False
26,3,0.4,27,False
0,1,0.4,10,False
33,1,0.4,43,False
12,3,0.4,13,False
1,2,-0.30000000000000004,0,False
0,3,0.4,1,False
3,3,0.4,4,False
12,3,-2.0,12,False
20,0,-1.3,10,False
10,0,-0.30000000000000004,0,False
0,1,0.4,10,False
12,0,-0.30000000000000004,2,False
31,1,0.4,41,False
48,1,-0.6,58,False
3,1,0.4,13,False
0,1,0.4,10,False
11,0,-0.30000000000000004,1,False
13,1,0.4,23,False
0,2,-0.30000000000000004,0,False
32,3,0.4,33,False
62,3,0.4,63,False
52,3,0.4,53,False
10,2,-0.30000000000000004,10,False
1,0,-0.30000000000000004,1,False
14,2,-0.30000000000000004,13,False
30,1,0.4,40,False
0,0,-0.30000000000000004,0,False
34,2,-1.3,33,False
98,3,20.0,99,True
98,3,20.0,99,True
3,1,0.4,13,False
0,3,0.4,1,False
12,3,0.4,13,False
98,3,20.0,99,True
0,2,-0.30000000000000004,0,False
21,1,-2.0,21,False
26,3,0.4,27,False
0,0,-0.30000000000000004,0,False
12,3,0.4,13,False
3,1,0.4,13,False
89,1,20.0,99,True
22,3,0.4,23,False
98,3,20.0,99,True
20,1,0.4,30,False
44,3,0.4,45,False
23,1,0.4,33,False
1,3,-2.0,1,False
0,3,0.4,1,False
12,1,0.4,22,False
12,3,0.4,13,False
22,0,-0.30000000000000004,12,False
98,3,20.0,99,True
98,3,20.0,99,True
10,3,0.4,11,False
0,3,0.4,1,False
89,1,20.0,99,True
10,1,0.4,20,False
11,2,-0.30000000000000004,10,False
63,3,0.4,64,False
10,3,0.4,11,False
20,3,0.4,21,False
0,1,0.4,10,False
0,3,0.4,1,False
11,0,-0.30000000000000004,1,False
43,2,-1.3,42,False
31,0,-0.30000000000000004,21,False
10,3,0.4,11,False
89,1,20.0,99,True
24,1,0.4,34,False
1,1,0.4,11,False
40,3,0.4,41,False
0,3,-2.0,0,False
10,2,-0.30000000000000004,10,False
14,0,-1.3,4,False
10,0,-0.30000000000000004,0,False
25,3,0.4,26,False
89,1,20.0,99,True
42,3,0.4,43,False
54,1,0.4,64,False
1,1,-2.0,1,False
20,3,0.4,21,False
10,1,0.4,20,False
11,1,0.4,21,False
0,1,0.4,10,False
0,3,-2.0,0,False
21,3,0.4,22,False
31,1,0.4,41,False
10,1,0.4,20,False
12,0,-0.30000000000000004,2,False
10,1,0.4,20,False
2,3,0.4,3,False
89,1,20.0,99,True
0,3,0.4,1,False
72,3,0.4,73,False
12,1,0.4,22,False
22,3,0.4,23,False
11,1,-2.0,11,False
1,0,-0.30000000000000004,1,False
14,3,0.4,15,False
1,0,-0.30000000000000004,1,False
30,3,0.4,31,False
20,0,-0.30000000000000004,10,False
44,1,0.4,54,False
33,3,0.4,34,False
31,3,-2.0,31,False
1,0,-0.30000000000000004,1,False
1,3,0.4,2,False
31,1,0.4,41,False
11,2,-0.30000000000000004,10,False
0,0,-0.30000000000000004,0,False
2,1,0.4,12,False
21,3,0.4,22,False
12,3,-2.0,12,False
55,1,0.4,65,False
0,0,-0.30000000000000004,0,False
3,3,0.4,4,False
11,1,0.4,21,False
0,1,-2.0,0,False
21,0,-0.30000000000000004,11,False
0,1,-2.0,0,False
21,3,0.4,22,False
10,0,-0.30000000000000004,0,False
2,2,-0.30000000000000004,1,False
21,3,0.4,22,False
11,2,-0.30000000000000004,10,False
0,1,0.4,10,False
12,3,-0.6,13,False
98,3,20.0,99,True
33,3,-2.0,33,False
1,1,0.4,11,False
21,1,0.4,31,False
0,2,-0.30000000000000004,0,False
25,3,0.4,26,False
2,1,0.4,12,False
98,3,20.0,99,True
11,0,-0.30000000000000004,1,False
98,3,20.0,99,True
33,0,-0.30000000000000004,23,False
11,2,-0.30000000000000004,10,False
0,1,0.4,10,False
14,1,0.4,24,False
4,1,0.4,14,False
43,3,0.4,44,False
10,3,0.4,11,False
0,1,-2.0,0,False
21,1,0.4,31,False
54,1,0.4,64,False
20,3,0.4,21,False
64,1,0.4,74,False
98,3,20.0,99,True
89,1,20.0,99,True
0,3,0.4,1,False
13,0,-0.30000000000000004,3,False
0,3,0.4,1,False
31,0,-0.30000000000000004,21,False
12,1,-2.0,12,False
22,0,-0.30000000000000004,12,False
11,1,0.4,21,False
20,3,0.4,21,False
11,3,0.4,12,False
21,2,-0.30000000000000004,20,False
31,1,0.4,41,False
89,1,20.0,99,True
10,1,-2.0,10,False
98,3,20.0,99,True
20,3,0.4,21,False
14,2,-0.30000000000000004,13,False
22,0,-3.0,22,False
20,3,0.4,21,False
31,3,0.4,32,False
20,3,0.4,21,False
43,2,-0.30000000000000004,42,False
22,0,-1.3,12,False
32,3,0.4,33,False
2,1,0.4,12,False
54,3,0.4,55,False
1,1,0.4,11,False
10,1,0.4,20,False
10,1,0.4,20,False
89,1,20.0,99,True
0,1,0.4,10,False
10,0,-0.30000000000000004,0,False
1,1,0.4,11,False
89,1,20.0,99,True
89,1,20.0,99,True
43,0,-1.3,33,False
0,0,-0.30000000000000004,0,False
1,1,0.4,11,False
0,1,0.4,10,False
13,0,-0.30000000000000004,3,False
5,2,-0.30000000000000004,4,False
53,0,-0.30000000000000004,43,False
1,1,0.4,11,False
0,2,-0.30000000000000004,0,False
20,3,-2.0,20,False
21,0,-0.30000000000000004,11,False
10,1,0.4,20,False
1,1,0.4,11,False
11,0,-0.30000000000000004,1,False
43,1,0.4,53,False
45,1,0.4,55,False
12,0,-0.30000000000000004,2,False
0,3,-2.0,0,False
0,1,0.4,10,False
42,3,0.4,43,False
31,0,-0.30000000000000004,21,False
11,3,-2.0,11,False
89,1,20.0,99,True
14,0,-0.30000000000000004,4,False
4,1,0.4,14,False
1,3,0.4,2,False
22,3,0.4,23,False
0,3,0.4,1,False
1,1,0.4,11,False
12,2,-0.30000000000000004,11,False
0,2,-0.30000000000000004,0,False
30,1,-3.0,30,False
12,2,-0.30000000000000004,11,False
89,1,20.0,99,True
0,1,0.4,10,False
30,3,-2.0,30,False
10,1,0.4,20,False
32,0,-0.30000000000000004,22,False
20,3,0.4,21,False
21,3,0.4,22,False
1,2,-0.30000000000000004,0,False
44,3,0.4,45,False
11,1,0.4,21,False
11,3,-2.0,11,False
0,2,-0.30000000000000004,0,False
12,3,0.4,13,False
21,1,-2.0,21,False
0,3,-2.0,0,False
11,1,0.4,21,False
22,1,0.4,32,False
0,3,0.4,1,False
2,2,-0.30000000000000004,1,False
50,3,0.4,51,False
26,0,-1.3,16,False
57,0,-0.30000000000000004,47,False
0,3,0.4,1,False
20,0,-0.30000000000000004,10,False
22,1,0.4,32,False
1,1,0.4,11,False
0,1,0.4,10,False
0,1,0.4,10,False
11,3,0.4,12,False
22,1,0.4,32,False
5,1,0.4,15,False
20,3,-2.0,20,False
12,3,0.4,13,False
11,1,0.4,21,False
0,3,0.4,1,False
0,3,-2.0,0,False
89,1,20.0,99,True
0,1,-0.6,10,False
23,3,0.4,24,False
35,1,0.4,45,False
20,3,-2.0,20,False
1,1,-2.0,1,False
4,2,-0.30000000000000004,3,False
89,1,20.0,99,True
21,0,-0.30000000000000004,11,False
0,1,0.4,10,False
1,0,-0.30000000000000004,1,False
27,3,0.4,28,False
10,2,-0.30000000000000004,10,False
0,1,0.4,10,False
21,3,0.4,22,False
21,3,0.4,22,False
23,3,-2.0,23,False
0,3,-2.0,0,False
12,0,-0.30000000000000004,2,False
12,1,-2.0,12,False
1,2,-0.30000000000000004,0,False
1,2,-0.30000000000000004,0,False
98,3,20.0,99,True
32,1,0.4,42,False
10,3,0.4,11,False
0,1,0.4,10,False
25,3,-3.0,25,False
21,2,-1.3,20,False
1,0,-0.30000000000000004,1,False
10,2,-0.30000000000000004,10,False
0,1,0.4,10,False
0,3,0.4,1,False
30,1,0.4,40,False
6,1,0.4,16,False
10,1,0.4,20,False
1,1,0.4,11,False
98,3,20.0,99,True
12,3,0.4,13,False
2,1,-2.0,2,False
98,3,20.0,99,True
20,1,0.4,30,False
20,1,0.4,30,False
13,1,0.4,23,False
98,3,20.0,99,True
10,2,-0.30000000000000004,10,False
89,1,20.0,99,True
11,1,0.4,21,False
2,1,-2.0,2,False
11,3,0.4,12,False
0,1,0.4,10,False
2,0,-0.30000000000000004,2,False
31,3,-0.6,32,False
1,0,-0.30000000000000004,1,False
89,1,20.0,99,True
11,2,-0.30000000000000004,10,False
1,2,-0.30000000000000004,0,False
12,0,-1.3,2,False
43,1,0.4,53,False
20,3,0.4,21,False
10,1,0.4,20,False
20,1,0.4,30,False
10,1,0.4,20,False
11,3,0.4,12,False
30,3,0.4,31,False
0,0,-0.30000000000000004,0,False
2,3,0.4,3,False
22,0,-0.30000000000000004,12,False
1,1,-2.0,1,False
10,1,0.4,20,False
90,3,-0.6,91,False
12,3,0.4,13,False
31,0,-0.30000000000000004,21,False
21,3,0.4,22,False
15,3,0.4,16,False
0,1,0.4,10,False
24,1,0.4,34,False
0,3,0.4,1,False
89,1,20.0,99,True
32,0,-0.30000000000000004,22,False
22,1,0.4,32,False
89,1,20.0,99,True
17,3,-3.0,17,False
0,1,0.4,10,False
41,0,-0.30000000000000004,31,False
33,2,-0.30000000000000004,32,False
0,3,-2.0,0,False
10,3,0.4,11,False
84,1,0.4,94,False
12,3,-0.6,13,False
13,3,0.4,14,False
0,1,0.4,10,False
11,3,0.4,12,False
3,1,-2.0,3,False
1,3,0.4,2,False
89,1,20.0,99,True
3,0,-0.30000000000000004,3,False
30,3,-2.0,30,False
21,2,-0.30000000000000004,20,False
30,3,-2.0,30,False
10,3,-2.0,10,False
24,3,-3.0,24,False
1,3,0.4,2,False
72,0,-1.3,62,False
6,0,-1.3,6,False
62,0,-1.3,52,False
89,1,20.0,99,True
2,3,0.4,3,False
0,3,0.4,1,False
23,2,-1.3,22,False
11,1,0.4,21,False
2,2,-0.30000000000000004,1,False
0,1,0.4,10,False
89,1,20.0,99,True
12,3,-2.0,12,False
98,3,20.0,99,True
1,3,0.4,2,False
12,0,-0.30000000000000004,2,False
14,0,-1.3,4,False
11,0,-0.30000000000000004,1,False
1,3,-2.0,1,False
11,3,0.4,12,False
42,3,-2.0,42,False
62,3,0.4,63,False
12,1,0.4,22,False
30,3,0.4,31,False
89,1,20.0,99,True
10,3,0.4,11,False
89,1,20.0,99,True
82,0,-1.3,72,False
22,1,0.4,32,False
89,1,20.0,99,True
0,1,0.4,10,False
13,3,0.4,14,False
2,3,0.4,3,False
0,3,-2.0,0,False
2,1,0.4,12,False
89,1,20.0,99,True
40,3,0.4,41,False
20,2,-0.30000000000000004,20,False
12,3,0.4,13,False
0,2,-0.30000000000000004,0,False
0,0,-0.30000000000000004,0,False
4,3,0.4,5,False
0,3,0.4,1,False
30,3,0.4,31,False
89,1,20.0,99,True
10,3,0.4,11,False
11,1,0.4,21,False
98,3,20.0,99,True
0,3,0.4,1,False
14,2,-0.30000000000000004,13,False
1,0,-0.30000000000000004,1,False
0,1,0.4,10,False
10,3,0.4,11,False
0,3,0.4,1,False
12,1,0.4,22,False
89,1,20.0,99,True
13,1,-2.0,13,False
2,1,0.4,12,False
0,0,-1.3,0,False
1,3,0.4,2,False
26,1,0.4,36,False
32,1,0.4,42,False
40,1,0.4,50,False
11,2,-0.30000000000000004,10,False
30,1,0.4,40,False
22,2,-1.3,21,False
50,1,0.4,60,False
0,3,0.4,1,False
54,3,0.4,55,False
4,0,-0.30000000000000004,4,False
1,1,0.4,11,False
24,2,-0.30000000000000004,23,False
13,3,0.4,14,False
30,1,0.4,40,False
12,1,-2.0,12,False
14,2,-0.30000000000000004,13,False
0,3,0.4,1,False
21,0,-0.30000000000000004,11,False
11,3,-2.0,11,False
1,3,0.4,2,False
14,1,0.4,24,False
89,1,20.0,99,True
51,1,0.4,61,False
11,1,0.4,21,False
13,3,-2.0,13,False
10,1,0.4,20,False
31,3,0.4,32,False
10,3,0.4,11,False
20,1,0.4,30,False
89,1,20.0,99,True
54,1,0.4,64,False
21,1,0.4,31,False
43,0,-0.30000000000000004,33,False
1,0,-0.30000000000000004,1,False
10,3,0.4,11,False
11,1,0.4,21,False
0,0,-0.30000000000000004,0,False
10,0,-0.30000000000000004,0,False
0,1,0.4,10,False
20,3,0.4,21,False
22,1,0.4,32,False
0,0,-0.30000000000000004,0,False
0,1,0.4,10,False
61,0,-1.3,51,False
0,3,0.4,1,False
12,1,-2.0,12,False
0,3,0.4,1,False
22,1,0.4,32,False
1,2,-0.30000000000000004,0,False
11,0,-2.0,11,False
0,2,-0.30000000000000004,0,False
11,3,0.4,12,False
46,1,0.4,56,False
21,1,0.4,31,False
1,1,0.4,11,False
89,1,20.0,99,True
30,3,0.4,31,False
14,1,0.4,24,False
21,0,-0.30000000000000004,11,False
89,1,20.0,99,True
20,3,-2.0,20,False
0,3,0.4,1,False
0,3,-2.0,0,False
11,3,0.4,12,False
98,3,20.0,99,True
22,1,0.4,32,False
64,3,0.4,65,False
0,1,0.4,10,False
89,1,20.0,99,True
34,1,0.4,44,False
32,0,-0.30000000000000004,22,False
21,3,0.4,22,False
10,1,0.4,20,False
0,0,-0.30000000000000004,0,False
2,3,0.4,3,False
46,3,0.4,47,False
40,3,0.4,41,False
13,1,-2.0,13,False
60,1,0.4,70,False
0,1,-2.0,0,False
1,1,0.4,11,False
22,1,0.4,32,False
11,3,0.4,12,False
22,1,0.4,32,False
32,1,0.4,42,False
0,0,-0.30000000000000004,0,False
0,3,0.4,1,False
31,1,0.4,41,False
89,1,20.0,99,True
1,1,0.4,11,False
2,3,0.4,3,False
0,0,-0.30000000000000004,0,False
1,2,-0.30000000000000004,0,False
0,1,0.4,10,False
98,3,20.0,99,True
12,1,0.4,22,False
1,0,-0.30000000000000004,1,False
10,2,-0.30000000000000004,10,False
43,3,0.4,44,False
5,2,-0.30000000000000004,4,False
3,1,0.4,13,False
0,1,0.4,10,False
0,1,0.4,10,False
23,0,-1.3,13,False
1,2,-0.30000000000000004,0,False
1,3,0.4,2,False
98,3,20.0,99,True
11,3,0.4,12,False
0,1,0.4,10,False
23,0,-1.3,13,False
21,3,0.4,22,False
42,1,0.4,52,False
89,1,20.0,99,True
10,0,-0.30000000000000004,0,False
1,2,-0.30000000000000004,0,False
31,3,0.4,32,False
3,3,0.4,4,False
12,1,0.4,22,False
0,3,-0.6,1,False
4,3,0.4,5,False
31,3,0.4,32,False
23,1,0.4,33,False
10,1,0.4,20,False
0,3,0.4,1,False
2,3,0.4,3,False
64,3,0.4,65,False
23,0,-0.30000000000000004,13,False
0,1,0.4,10,False
22,0,-1.3,12,False
98,3,20.0,99,True
10,2,-0.30000000000000004,10,False
2,3,0.4,3,False
10,2,-0.30000000000000004,10,False
12,3,-2.0,12,False
0,3,0.4,1,False
12,1,0.4,22,False
0,3,0.4,1,False
1,1,0.4,11,False
22,3,0.4,23,False
98,3,20.0,99,True
0,1,0.4,10,False
31,1,0.4,41,False
20,1,0.4,30,False
1,3,0.4,2,False
50,1,0.4,60,False
13,1,0.4,23,False
13,1,0.4,23,False
11,1,0.4,21,False
43,1,-0.6,53,False
20,2,-0.30000000000000004,20,False
74,0,-1.3,64,False
0,1,0.4,10,False
89,1,20.0,99,True
89,1,20.0,99,True
12,3,0.4,13,False
30,1,-2.0,30,False
11,3,0.4,12,False
22,0,-1.3,12,False
22,1,0.4,32,False
10,2,-0.30000000000000004,10,False
1,1,0.4,11,False
11,1,0.4,21,False
30,0,-0.30000000000000004,20,False
33,0,-1.3,23,False
10,1,0.4,20,False
11,1,0.4,21,False
22,2,-0.30000000000000004,21,False
1,2,-0.30000000000000004,0,False
0,3,0.4,1,False
0,1,-2.0,0,False
89,1,20.0,99,True
0,1,0.4,10,False
0,2,-0.30000000000000004,0,False
40,1,0.4,50,False
2,3,0.4,3,False
13,3,0.4,14,False
20,3,-2.0,20,False
0,3,-2.0,0,False
50,2,-1.3,50,False
21,3,-2.0,21,False
98,3,20.0,99,True
31,3,0.4,32,False
23,3,0.4,24,False
64,0,-3.0,64,False
22,2,-0.30000000000000004,21,False
44,3,0.4,45,False
20,3,-2.0,20,False
1,1,0.4,11,False
0,3,-0.6,1,False
10,1,0.4,20,False
1,2,-1.3,0,False
98,3,20.0,99,True
23,0,-0.30000000000000004,13,False
22,2,-0.30000000000000004,21,False
10,0,-0.30000000000000004,0,False
13,3,0.4,14,False
20,1,0.4,30,False
12,1,0.4,22,False
11,1,-2.0,11,False
1,1,0.4,11,False
14,0,-0.30000000000000004,4,False
53,3,0.4,54,False
14,3,0.4,15,False
22,3,-3.0,22,False
10,3,0.4,11,False
98,3,20.0,99,True
0,1,0.4,10,False
21,0,-0.30000000000000004,11,False
21,2,-2.0,21,False
2,2,-0.30000000000000004,1,False
25,1,0.4,35,False
40,2,-0.30000000000000004,40,False
0,2,-0.30000000000000004,0,False
1,3,0.4,2,False
23,3,0.4,24,False
10,3,0.4,11,False
3,3,0.4,4,False
0,3,-2.0,0,False
51,0,-1.3,41,False
0,2,-0.30000000000000004,0,False
0,1,0.4,10,False
0,3,0.4,1,False
32,2,-0.30000000000000004,31,False
2,3,0.4,3,False
0,3,-2.0,0,False
35,3,-3.0,35,False
65,1,0.4,75,False
11,1,0.4,21,False
10,3,0.4,11,False
14,0,-3.0,14,False
11,3,0.4,12,False
12,1,0.4,22,False
89,1,20.0,99,True
89,1,20.0,99,True
11,3,-2.0,11,False
0,3,0.4,1,False
20,3,0.4,21,False
55,0,-3.0,55,False
10,2,-0.30000000000000004,10,False
13,1,-2.0,13,False
52,0,-0.30000000000000004,42,False
10,1,-2.0,10,False
0,1,0.4,10,False
12,1,-2.0,12,False
32,2,-0.30000000000000004,31,False
94,3,0.4,95,False
11,3,-2.0,11,False
12,1,0.4,22,False
12,2,-0.30000000000000004,11,False
22,3,0.4,23,False
9,0,-1.3,9,False
89,1,20.0,99,True
34,1,0.4,44,False
41,3,0.4,42,False
4,1,0.4,14,False
38,3,0.4,39,False
41,2,-0.30000000000000004,40,False
31,2,-3.0,31,False
0,0,-0.30000000000000004,0,False
34,3,0.4,35,False
32,1,0.4,42,False
22,3,0.4,23,False
12,1,0.4,22,False
3,1,0.4,13,False
11,0,-0.30000000000000004,1,False
12,2,-0.30000000000000004,11,False
0,1,0.4,10,False
36,2,-0.30000000000000004,35,False
0,0,-0.30000000000000004,0,False
0,3,0.4,1,False
3,0,-0.30000000000000004,3,False
11,2,-2.0,11,False
89,1,20.0,99,True
15,2,-0.30000000000000004,14,False
22,3,0.4,23,False
11,3,0.4,12,False
21,3,-0.6,22,False
0,2,-0.30000000000000004,0,False
25,0,-0.30000000000000004,15,False
23,2,-0.30000000000000004,22,False
12,1,0.4,22,False
98,3,20.0,99,True
2,2,-0.30000000000000004,1,False
21,1,0.4,31,False
2,1,0.4,12,False
10,1,0.4,20,False
12,0,-0.30000000000000004,2,False
42,1,0.4,52,False
2,3,-2.0,2,False
0,1,0.4,10,False
51,1,0.4,61,False
89,1,20.0,99,True
20,3,0.4,21,False
89,1,20.0,99,True
12,3,0.4,13,False
3,1,-2.0,3,False
89,1,20.0,99,True
10,1,-2.0,10,False
89,1,20.0,99,True
0,1,0.4,10,False
42,3,0.4,43,False
2,3,0.4,3,False
0,1,0.4,10,False
14,0,-1.3,4,False
10,0,-1.3,0,False
23,0,-0.30000000000000004,13,False
12,1,0.4,22,False
0,3,0.4,1,False
12,2,-2.0,12,False
0,1,-2.0,0,False
2,3,0.4,3,False
12,0,-0.30000000000000004,2,False
21,0,-0.30000000000000004,11,False
12,1,0.4,22,False
89,1,20.0,99,True
11,0,-0.30000000000000004,1,False
10,3,-2.0,10,False
21,2,-0.30000000000000004,20,False
1,1,0.4,11,False
20,3,0.4,21,False
1,0,-0.30000000000000004,1,False
10,2,-0.30000000000000004,10,False
25,1,0.4,35,False
40,0,-0.30000000000000004,30,False
21,1,0.4,31,False
1,3,0.4,2,False
11,1,0.4,21,False
34,3,0.4,35,False
62,2,-0.30000000000000004,61,False
2,3,-2.0,2,False
11,3,0.4,12,False
3,3,-2.0,3,False
30,1,0.4,40,False
41,0,-0.30000000000000004,31,False
23,3,0.4,24,False
0,0,-0.30000000000000004,0,False
21,1,0.4,31,False
42,0,-1.3,32,False
13,2,-0.30000000000000004,12,False
11,3,0.4,12,False
3,1,0.4,13,False
10,0,-0.30000000000000004,0,False
4,1,0.4,14,False
0,3,0.4,1,False
98,3,20.0,99,True
0,1,0.4,10,False
23,2,-0.30000000000000004,22,False
10,3,0.4,11,False
0,3,0.4,1,False
12,1,-0.6,22,False
0,0,-0.30000000000000004,0,False
0,1,0.4,10,False
11,1,0.4,21,False
0,3,0.4,1,False
0,3,0.4,1,False
23,3,0.4,24,False
32,1,-2.0,32,False
13,0,-0.30000000000000004,3,False
89,1,20.0,99,True
20,3,-2.0,20,False
12,3,0.4,13,False
62,3,0.4,63,False
11,3,0.4,12,False
0,2,-0.30000000000000004,0,False
0,3,-2.0,0,False
62,0,-1.3,52,False
30,1,0.4,40,False
1,0,-0.30000000000000004,1,False
22,3,0.4,23,False
1,2,-0.30000000000000004,0,False
89,1,20.0,99,True
21,0,-0.30000000000000004,11,False
14,1,0.4,24,False
58,1,-3.0,58,False
10,0,-0.30000000000000004,0,False
98,3,20.0,99,True
1,0,-0.30000000000000004,1,False
0,0,-0.30000000000000004,0,False
0,3,0.4,1,False
23,0,-1.3,13,False
0,2,-0.30000000000000004,0,False
10,3,0.4,11,False
98,3,20.0,99,True
52,1,-3.0,52,False
1,3,0.4,2,False
52,3,-3.0,52,False
31,1,0.4,41,False
11,1,0.4,21,False
2,1,0.4,12,False
12,1,-2.0,12,False
11,3,0.4,12,False
30,3,0.4,31,False
1,0,-0.30000000000000004,1,False
13,2,-0.30000000000000004,12,False
11,3,0.4,12,False
0,2,-0.30000000000000004,0,False
11,3,0.4,12,False
44,1,0.4,54,False
2,0,-0.30000000000000004,2,False
0,1,-2.0,0,False
10,3,-2.0,10,False
33,3,-0.6,34,False
21,3,0.4,22,False
11,3,0.4,12,False
11,1,0.4,21,False
32,1,0.4,42,False
11,1,0.4,21,False
14,0,-0.30000000000000004,4,False
1,0,-0.30000000000000004,1,False
98,3,20.0,99,True
11,0,-0.30000000000000004,1,False
10,3,0.4,11,False
98,3,20.0,99,True
20,3,0.4,21,False
23,3,0.4,24,False
1,1,-2.0,1,False
0,2,-0.30000000000000004,0,False
12,2,-0.30000000000000004,11,False
0,2,-0.30000000000000004,0,False
54,0,-1.3,44,False
1,3,0.4,2,False
11,1,0.4,21,False
10,1,0.4,20,False
2,0,-0.30000000000000004,2,False
2,1,0.4,12,False
12,2,-0.30000000000000004,11,False
0,3,0.4,1,False
30,3,0.4,31,False
12,1,0.4,22,False
13,3,0.4,14,False
1,1,0.4,11,False
0,2,-0.30000000000000004,0,False
12,0,-0.30000000000000004,2,False
5,1,0.4,15,False
0,1,0.4,10,False
1,1,0.4,11,False
10,3,0.4,11,False
11,3,0.4,12,False
44,1,0.4,54,False
41,0,-0.30000000000000004,31,False
32,1,0.4,42,False
0,3,0.4,1,False
98,3,20.0,99,True
2,1,-3.0,2,False
89,1,20.0,99,True
98,3,20.0,99,True
25,2,-1.3,24,False
30,2,-0.30000000000000004,30,False
11,2,-0.30000000000000004,10,False
21,2,-1.3,20,False
89,1,20.0,99,True
20,3,0.4,21,False
98,3,20.0,99,True
40,0,-0.30000000000000004,30,False
12,0,-0.30000000000000004,2,False
43,3,-2.0,43,False
10,3,0.4,11,False
21,3,0.4,22,False
1,3,0.4,2,False
13,2,-0.30000000000000004,12,False
11,1,0.4,21,False
0,1,-2.0,0,False
22,3,0.4,23,False
89,1,20.0,99,True
89,1,20.0,99,True
0,0,-0.30000000000000004,0,False
42,0,-0.30000000000000004,32,False
13,2,-0.30000000000000004,12,False
10,3,0.4,11,False
21,1,0.4,31,False
21,0,-0.30000000000000004,11,False
11,0,-0.30000000000000004,1,False
32,1,0.4,42,False
11,3,0.4,12,False
1,3,0.4,2,False
31,1,0.4,41,False
20,1,0.4,30,False
1,0,-0.30000000000000004,1,False
98,3,20.0,99,True
1,3,-2.0,1,False
3,2,-0.30000000000000004,2,False
89,1,20.0,99,True
0,3,0.4,1,False
20,1,0.4,30,False
11,0,-2.0,11,False
22,0,-0.30000000000000004,12,False
41,0,-0.30000000000000004,31,False
1,1,-2.0,1,False
0,0,-0.30000000000000004,0,False
10,1,0.4,20,False
21,2,-0.30000000000000004,20,False
2,3,0.4,3,False
0,1,0.4,10,False
89,1,20.0,99,True
0,3,0.4,1,False
13,1,0.4,23,False
32,1,0.4,42,False
30,3,0.4,31,False
11,1,0.4,21,False
98,3,20.0,99,True
0,0,-0.30000000000000004,0,False
10,3,0.4,11,False
0,1,0.4,10,False
98,3,20.0,99,True
22,2,-0.30000000000000004,21,False
1,3,0.4,2,False
89,1,20.0,99,True
84,1,0.4,94,False
1,0,-0.30000000000000004,1,False
2,1,0.4,12,False
20,0,-0.30000000000000004,10,False
45,1,0.4,55,False
1,3,0.4,2,False
3,1,-2.0,3,False
11,1,0.4,21,False
0,1,0.4,10,False
10,3,-0.6,11,False
4,1,0.4,14,False
2,3,0.4,3,False
0,1,0.4,10,False
0,1,0.4,10,False
62,1,0.4,72,False
0,0,-0.30000000000000004,0,False
13,1,0.4,23,False
0,3,-2.0,0,False
20,3,-2.0,20,False
0,3,0.4,1,False
10,3,-0.6,11,False
26,3,0.4,27,False
31,1,0.4,41,False
23,3,0.4,24,False
0,3,0.4,1,False
11,1,0.4,21,False
22,3,0.4,23,False
0,3,0.4,1,False
12,1,-2.0,12,False
23,1,0.4,33,False
0,2,-0.30000000000000004,0,False
4,2,-1.3,3,False
98,3,20.0,99,True
2,0,-0.30000000000000004,2,False
55,2,-0.30000000000000004,54,False
11,1,0.4,21,False
30,3,0.4,31,False
10,0,-0.30000000000000004,0,False
63,0,-0.30000000000000004,53,False
89,1,20.0,99,True
32,0,-0.30000000000000004,22,False
11,1,0.4,21,False
2,0,-0.30000000000000004,2,False
0,1,0.4,10,False
98,3,20.0,99,True
89,1,20.0,99,True
10,0,-0.30000000000000004,0,False
98,3,20.0,99,True
31,1,0.4,41,False
98,3,20.0,99,True
32,3,0.4,33,False
32,2,-1.3,31,False
33,0,-1.3,23,False
1,0,-0.30000000000000004,1,False
20,3,0.4,21,False
0,3,0.4,1,False
2,3,0.4,3,False
0,3,0.4,1,False
23,2,-0.30000000000000004,22,False
0,1,0.4,10,False
41,3,0.4,42,False
4,3,0.4,5,False
0,1,0.4,10,False
13,1,0.4,23,False
53,1,0.4,63,False
50,3,0.4,51,False
89,1,20.0,99,True
89,1,20.0,99,True
0,0,-0.30000000000000004,0,False
98,3,20.0,99,True
32,3,0.4,33,False
0,1,0.4,10,False
30,1,0.4,40,False
15,1,0.4,25,False
10,3,-2.0,10,False
0,0,-0.30000000000000004,0,False
30,1,0.4,40,False
22,2,-0.30000000000000004,21,False
3,1,0.4,13,False
34,3,0.4,35,False
2,1,0.4,12,False
41,3,0.4,42,False
10,2,-0.30000000000000004,10,False
30,3,0.4,31,False
22,2,-0.30000000000000004,21,False
63,3,0.4,64,False
40,0,-0.30000000000000004,30,False
31,1,0.4,41,False
11,2,-0.30000000000000004,10,False
23,1,0.4,33,False
11,3,0.4,12,False
3,3,0.4,4,False
22,0,-0.30000000000000004,12,False
5,3,0.4,6,False
89,1,20.0,99,True
32,1,-2.0,32,False
0,3,0.4,1,False
0,2,-0.30000000000000004,0,False
0,1,0.4,10,False
12,3,0.4,13,False
52,3,-0.6,53,False
12,3,0.4,13,False
21,1,-2.0,21,False
43,1,0.4,53,False
12,2,-0.30000000000000004,11,False
0,3,0.4,1,False
1,3,-2.0,1,False
13,2,-0.30000000000000004,12,False
81,3,-0.6,82,False
23,1,-2.0,23,False
0,0,-0.30000000000000004,0,False
20,3,0.4,21,False
5,2,-1.3,4,False
11,1,0.4,21,False
10,1,0.4,20,False
89,1,20.0,99,True
31,3,0.4,32,False
0,1,0.4,10,False
22,0,-0.30000000000000004,12,False
11,3,0.4,12,False
20,1,0.4,30,False
62,1,0.4,72,False
3,1,0.4,13,False
10,3,0.4,11,False
42,0,-0.30000000000000004,32,False
22,3,0.4,23,False
1,3,0.4,2,False
11,2,-0.30000000000000004,10,False
89,1,20.0,99,True
10,3,0.4,11,False
30,1,0.4,40,False
41,1,0.4,51,False
20,2,-0.30000000000000004,20,False
89,1,20.0,99,True
22,1,0.4,32,False
1,1,0.4,11,False
20,1,-2.0,20,False
14,2,-0.30000000000000004,13,False
0,1,0.4,10,False
10,3,0.4,11,False
89,1,20.0,99,True
56,3,0.4,57,False
13,2,-0.30000000000000004,12,False
2,3,-2.0,2,False
15,2,-1.3,14,False
89,1,20.0,99,True
11,2,-0.30000000000000004,10,False
0,1,0.4,10,False
10,3,-2.0,10,False
11,0,-0.30000000000000004,1,False
0,3,0.4,1,False
54,2,-0.30000000000000004,53,False
1,1,0.4,11,False
14,1,0.4,24,False
13,3,0.4,14,False
26,1,-3.0,26,False
51,1,0.4,61,False
98,3,20.0,99,True
34,2,-0.30000000000000004,33,False
0,0,-0.30000000000000004,0,False
33,1,0.4,43,False
56,1,0.4,66,False
22,1,0.4,32,False
98,3,20.0,99,True
21,3,0.4,22,False
0,0,-0.30000000000000004,0,False
89,1,20.0,99,True
53,0,-1.3,43,False
12,2,-0.30000000000000004,11,False
4,3,0.4,5,False
44,0,-1.3,34,False
2,3,0.4,3,False
15,1,-3.0,15,False
10,1,0.4,20,False
11,1,0.4,21,False
89,1,20.0,99,True
89,1,20.0,99,True
1,0,-0.30000000000000004,1,False
11,1,0.4,21,False
21,1,-2.0,21,False
11,2,-0.30000000000000004,10,False
89,1,20.0,99,True
22,3,0.4,23,False
15,1,-0.6,25,False
11,0,-0.30000000000000004,1,False
1,2,-0.30000000000000004,0,False
10,1,0.4,20,False
30,3,0.4,31,False
10,1,0.4,20,False
13,1,0.4,23,False
0,1,0.4,10,False
10,3,-2.0,10,False
23,3,0.4,24,False
1,3,0.4,2,False
41,3,-0.6,42,False
14,1,0.4,24,False
50,1,0.4,60,False
89,1,20.0,99,True
0,2,-0.30000000000000004,0,False
12,1,0.4,22,False
3,3,0.4,4,False
21,3,-2.0,21,False
0,1,0.4,10,False
0,3,0.4,1,False
11,2,-0.30000000000000004,10,False
40,3,0.4,41,False
11,0,-0.30000000000000004,1,False
20,1,0.4,30,False
43,3,0.4,44,False
14,3,0.4,15,False
15,1,-3.0,15,False
31,3,0.4,32,False
23,1,0.4,33,False
21,1,0.4,31,False
24,3,0.4,25,False
21,1,0.4,31,False
45,0,-0.30000000000000004,35,False
30,1,0.4,40,False
0,1,0.4,10,False
1,1,0.4,11,False
12,3,0.4,13,False
2,1,0.4,12,False
3,1,0.4,13,False
32,1,0.4,42,False
31,1,0.4,41,False
10,3,0.4,11,False
1,1,0.4,11,False
10,2,-0.30000000000000004,10,False
0,1,0.4,10,False
35,3,0.4,36,False
10,1,0.4,20,False
89,1,20.0,99,True
20,3,0.4,21,False
23,3,0.4,24,False
12,3,0.4,13,False
0,3,0.4,1,False
3,3,-2.0,3,False
23,1,0.4,33,False
75,2,-0.30000000000000004,74,False
12,1,0.4,22,False
0,1,0.4,10,False
1,3,0.4,2,False
11,3,0.4,12,False
53,1,-2.0,53,False
10,3,0.4,11,False
40,3,0.4,41,False
1,0,-0.30000000000000004,1,False
32,1,0.4,42,False
10,1,0.4,20,False
89,1,20.0,99,True
10,0,-0.30000000000000004,0,False
26,1,0.4,36,False
12,3,0.4,13,False
21,3,0.4,22,False
2,2,-0.30000000000000004,1,False
22,1,-2.0,22,False
3,2,-0.30000000000000004,2,False
21,0,-0.30000000000000004,11,False
0,2,-0.30000000000000004,0,False
12,3,0.4,13,False
1,0,-0.30000000000000004,1,False
10,3,0.4,11,False
13,3,-0.6,14,False
32,1,0.4,42,False
2,0,-1.3,2,False
55,3,0.4,56,False
42,3,-3.0,42,False
40,3,0.4,41,False
20,3,0.4,21,False
42,3,0.4,43,False
33,3,0.4,34,False
0,1,0.4,10,False
20,1,0.4,30,False
20,3,0.4,21,False
11,3,0.4,12,False
0,1,0.4,10,False
89,1,20.0,99,True
11,3,-2.0,11,False
21,1,0.4,31,False
2,1,0.4,12,False
24,0,-0.30000000000000004,14,False
1,2,-0.30000000000000004,0,False
1,3,0.4,2,False
10,0,-0.30000000000000004,0,False
58,3,0.4,59,False
89,1,20.0,99,True
11,3,0.4,12,False
89,1,20.0,99,True
0,1,0.4,10,False
1,1,0.4,11,False
20,1,-2.0,20,False
44,1,0.4,54,False
63,3,0.4,64,False
0,1,0.4,10,False
32,0,-1.3,22,False
98,3,20.0,99,True
10,3,0.4,11,False
0,3,0.4,1,False
22,1,0.4,32,False
11,3,0.4,12,False
42,3,-0.6,43,False
21,1,0.4,31,False
20,2,-0.30000000000000004,20,False
32,2,-0.30000000000000004,31,False
41,1,0.4,51,False
22,0,-0.30000000000000004,12,False
89,1,20.0,99,True
14,1,0.4,24,False
51,1,0.4,61,False
64,3,0.4,65,False
43,0,-0.30000000000000004,33,False
20,1,-2.0,20,False
3,1,0.4,13,False
0,0,-0.30000000000000004,0,False
32,2,-1.3,31,False
0,0,-0.30000000000000004,0,False
1,0,-0.30000000000000004,1,False
0,3,0.4,1,False
10,0,-0.30000000000000004,0,False
31,0,-0.30000000000000004,21,False
0,0,-0.30000000000000004,0,False
0,0,-0.30000000000000004,0,False
22,1,0.4,32,False
32,1,0.4,42,False
0,3,-2.0,0,False
31,3,0.4,32,False
98,3,20.0,99,True
1,3,0.4,2,False
1,0,-0.30000000000000004,1,False
1,2,-0.30000000000000004,0,False
25,2,-0.30000000000000004,24,False
10,3,0.4,11,False
2,1,0.4,12,False
42,1,0.4,52,False
89,1,20.0,99,True
11,2,-0.30000000000000004,10,False
1,2,-1.3,0,False
31,0,-0.30000000000000004,21,False
11,2,-2.0,11,False
0,3,0.4,1,False
23,3,0.4,24,False
1,3,0.4,2,False
12,3,-2.0,12,False
98,3,20.0,99,True
40,1,0.4,50,False
22,2,-0.30000000000000004,21,False
11,3,0.4,12,False
51,2,-0.30000000000000004,50,False
20,3,0.4,21,False
21,3,0.4,22,False
42,2,-0.30000000000000004,41,False
0,1,0.4,10,False
1,1,0.4,11,False
47,1,0.4,57,False
11,0,-0.30000000000000004,1,False
44,1,0.4,54,False
21,3,0.4,22,False
13,2,-0.30000000000000004,12,False
14,0,-2.0,14,False
0,0,-0.30000000000000004,0,False
20,0,-0.30000000000000004,10,False
13,1,0.4,23,False
12,1,0.4,22,False
0,1,0.4,10,False
0,1,0.4,10,False
30,1,0.4,40,False
0,3,0.4,1,False
61,0,-0.30000000000000004,51,False
31,3,0.4,32,False
24,1,0.4,34,False
21,3,0.4,22,False
21,3,-2.0,21,False
33,2,-0.30000000000000004,32,False
21,1,-2.0,21,False
11,0,-2.0,11,False
40,0,-0.30000000000000004,30,False
0,3,0.4,1,False
11,2,-0.30000000000000004,10,False
0,3,0.4,1,False
2,3,0.4,3,False
10,1,0.4,20,False
24,0,-0.30000000000000004,14,False
1,3,0.4,2,False
22,1,0.4,32,False
22,3,0.4,23,False
2,1,0.4,12,False
31,1,-2.0,31,False
1,0,-0.30000000000000004,1,False
11,0,-0.30000000000000004,1,False
4,3,0.4,5,False
30,0,-0.30000000000000004,20,False
2,1,-2.0,2,False
10,1,0.4,20,False
0,1,0.4,10,False
10,1,0.4,20,False
11,2,-0.30000000000000004,10,False
0,3,-2.0,0,False
0,3,0.4,1,False
0,1,0.4,10,False
21,3,-2.0,21,False
3,1,0.4,13,False
98,3,20.0,99,True
1,0,-0.30000000000000004,1,False
42,1,0.4,52,False
21,1,0.4,31,False
89,1,20.0,99,True
62,3,0.4,63,False
31,1,0.4,41,False
1,1,0.4,11,False
11,2,-0.30000000000000004,10,False
10,3,0.4,11,False
10,1,-2.0,10,False
10,3,0.4,11,False
89,1,20.0,99,True
43,3,-0.6,44,False
32,0,-0.30000000000000004,22,False
1,1,0.4,11,False
3,3,0.4,4,False
1,1,0.4,11,False
22,1,-2.0,22,False
2,3,0.4,3,False
33,0,-0.30000000000000004,23,False
58,1,0.4,68,False
11,2,-0.30000000000000004,10,False
22,0,-0.30000000000000004,12,False
12,2,-0.30000000000000004,11,False
8,3,0.4,9,False
1,1,-2.0,1,False
0,0,-0.30000000000000004,0,False
89,1,20.0,99,True
2,2,-0.30000000000000004,1,False
30,0,-0.30000000000000004,20,False
89,1,20.0,99,True
3,1,-2.0,3,False
11,1,0.4,21,False
20,2,-0.30000000000000004,20,False
11,3,0.4,12,False
33,3,0.4,34,False
0,2,-0.30000000000000004,0,False
1,3,-2.0,1,False
20,2,-0.30000000000000004,20,False
20,0,-0.30000000000000004,10,False
23,0,-0.30000000000000004,13,False
0,1,-2.0,0,False
53,2,-1.3,52,False
10,2,-0.30000000000000004,10,False
2,3,0.4,3,False
20,3,-2.0,20,False
10,3,-2.0,10,False
0,1,0.4,10,False
0,2,-0.30000000000000004,0,False
98,3,20.0,99,True
11,1,-0.6,21,False
1,3,0.4,2,False
2,1,-2.0,2,False
89,1,20.0,99,True
89,1,20.0,99,True
13,1,0.4,23,False
50,3,0.4,51,False
40,1,0.4,50,False
1,3,0.4,2,False
0,1,-2.0,0,False
32,1,0.4,42,False
2,2,-0.30000000000000004,1,False
89,1,20.0,99,True
98,3,20.0,99,True
0,1,-2.0,0,False
89,1,20.0,99,True
35,3,-3.0,35,False
14,1,0.4,24,False
89,1,20.0,99,True
31,3,0.4,32,False
13,1,0.4,23,False
11,1,0.4,21,False
15,2,-0.30000000000000004,14,False
30,3,0.4,31,False
61,1,0.4,71,False
89,1,20.0,99,True
1,3,0.4,2,False
89,1,20.0,99,True
2,1,-2.0,2,False
80,1,0.4,90,False
41,0,-1.3,31,False
98,3,20.0,99,True
11,3,-2.0,11,False
55,3,0.4,56,False
89,1,20.0,99,True
0,1,-2.0,0,False
89,1,20.0,99,True
21,0,-0.30000000000000004,11,False
98,3,20.0,99,True
45,1,0.4,55,False
53,2,-3.0,53,False
13,3,0.4,14,False
10,3,-2.0,10,False
1,1,0.4,11,False
51,2,-0.30000000000000004,50,False
2,0,-0.30000000000000004,2,False
15,3,0.4,16,False
33,2,-0.30000000000000004,32,False
98,3,20.0,99,True
22,3,0.4,23,False
89,1,20.0,99,True
43,1,0.4,53,False
2,3,0.4,3,False
1,1,0.4,11,False
12,1,-2.0,12,False
2,3,0.4,3,False
11,1,-2.0,11,False
10,3,0.4,11,False
20,2,-0.30000000000000004,20,False
31,3,0.4,32,False
0,3,0.4,1,False
22,1,0.4,32,False
25,3,0.4,26,False
23,3,-2.0,23,False
32,1,0.4,42,False
21,1,-2.0,21,False
0,3,-2.0,0,False
10,3,-2.0,10,False
1,0,-0.30000000000000004,1,False
11,1,0.4,21,False
11,1,0.4,21,False
14,2,-1.3,13,False
31,0,-0.30000000000000004,21,False
4,0,-1.3,4,False
33,1,0.4,43,False
0,1,0.4,10,False
0,1,-2.0,0,False
10,1,0.4,20,False
1,3,0.4,2,False
0,3,0.4,1,False
12,2,-0.30000000000000004,11,False
12,3,0.4,13,False
14,1,0.4,24,False
36,3,0.4,37,False
10,3,0.4,11,False
53,0,-1.3,43,False
11,2,-0.30000000000000004,10,False
20,2,-0.30000000000000004,20,False
33,3,0.4,34,False
22,1,-2.0,22,False
70,1,0.4,80,False
1,3,0.4,2,False
3,2,-0.30000000000000004,2,False
1,3,-2.0,1,False
1,0,-0.30000000000000004,1,False
11,2,-0.30000000000000004,10,False
1,2,-0.30000000000000004,0,False
10,1,0.4,20,False
11,1,0.4,21,False
11,0,-0.30000000000000004,1,False
31,1,0.4,41,False
10,3,0.4,11,False
11,2,-1.3,10,False
10,3,0.4,11,False
0,1,0.4,10,False
0,3,0.4,1,False
1,1,0.4,11,False
30,2,-1.3,30,False
12,2,-0.30000000000000004,11,False
22,3,0.4,23,False
12,0,-0.30000000000000004,2,False
21,3,0.4,22,False
10,3,-2.0,10,False
1,3,0.4,2,False
1,0,-0.30000000000000004,1,False
11,1,0.4,21,False
12,1,0.4,22,False
21,2,-0.30000000000000004,20,False
23,2,-0.30000000000000004,22,False
0,0,-0.30000000000000004,0,False
12,1,0.4,22,False
2,3,0.4,3,False
98,3,20.0,99,True
98,3,20.0,99,True
0,1,0.4,10,False
22,1,0.4,32,False
21,3,0.4,22,False
0,3,0.4,1,False
11,1,0.4,21,False
10,2,-0.30000000000000004,10,False
11,1,0.4,21,False
12,1,-3.0,12,False
30,1,-2.0,30,False
25,3,0.4,26,False
14,1,0.4,24,False
1,1,0.4,11,False
1,2,-0.30000000000000004,0,False
24,2,-1.3,23,False
89,1,20.0,99,True
23,0,-0.30000000000000004,13,False
31,0,-0.30000000000000004,21,False
62,0,-1.3,52,False
0,1,0.4,10,False
0,0,-0.30000000000000004,0,False
10,1,-2.0,10,False
1,1,0.4,11,False
20,1,0.4,30,False
0,3,0.4,1,False
10,1,0.4,20,False
0,1,0.4,10,False
10,3,0.4,11,False
15,3,0.4,16,False
13,1,0.4,23,False
11,1,-2.0,11,False
20,3,0.4,21,False
20,0,-0.30000000000000004,10,False
0,2,-0.30000000000000004,0,False
2,3,0.4,3,False
10,1,-2.0,10,False
0,0,-0.30000000000000004,0,False
1,3,0.4,2,False
41,2,-1.3,40,False
1,3,0.4,2,False
1,1,0.4,11,False
41,3,0.4,42,False
30,1,0.4,40,False
11,0,-0.30000000000000004,1,False
31,1,0.4,41,False
2,3,0.4,3,False
1,3,-2.0,1,False
11,0,-0.30000000000000004,1,False
11,2,-0.30000000000000004,10,False
10,3,0.4,11,False
37,2,-0.30000000000000004,36,False
0,1,-2.0,0,False
89,1,20.0,99,True
2,2,-0.30000000000000004,1,False
13,0,-0.30000000000000004,3,False
10,2,-0.30000000000000004,10,False
0,3,-2.0,0,False
0,1,0.4,10,False
11,3,0.4,12,False
0,1,0.4,10,False
2,0,-0.30000000000000004,2,False
1,3,0.4,2,False
23,3,0.4,24,False
53,3,-3.0,53,False
21,0,-0.30000000000000004,11,False
0,0,-0.30000000000000004,0,False
13,1,0.4,23,False
0,1,0.4,10,False
10,0,-0.30000000000000004,0,False
4,0,-1.3,4,False
3,0,-0.30000000000000004,3,False
12,0,-1.3,2,False
37,2,-1.3,36,False
1,1,0.4,11,False
4,1,-2.0,4,False
89,1,20.0,99,True
0,3,0.4,1,False
14,1,0.4,24,False
1,1,0.4,11,False
11,0,-2.0,11,False
0,0,-0.30000000000000004,0,False
22,3,0.4,23,False
1,1,-2.0,1,False
89,1,20.0,99,True
32,3,-0.6,33,False
2,1,0.4,12,False
89,1,20.0,99,True
73,1,-3.0,73,False
33,2,-0.30000000000000004,32,False
2,2,-0.30000000000000004,1,False
13,3,0.4,14,False
6,3,0.4,7,False
1,1,0.4,11,False
0,0,-0.30000000000000004,0,False
31,1,0.4,41,False
56,1,0.4,66,False
55,1,0.4,65,False
0,1,0.4,10,False
11,3,0.4,12,False
0,3,0.4,1,False
22,1,0.4,32,False
89,1,20.0,99,True
12,1,0.4,22,False
35,1,0.4,45,False
11,2,-0.30000000000000004,10,False
21,2,-2.0,21,False
22,1,-0.6,32,False
51,0,-1.3,41,False
0,2,-0.30000000000000004,0,False
0,1,-2.0,0,False
2,3,0.4,3,False
62,1,0.4,72,False
20,1,0.4,30,False
12,0,-0.30000000000000004,2,False
32,2,-0.30000000000000004,31,False
31,3,-3.0,31,False
0,3,0.4,1,False
42,3,-3.0,42,False
98,3,20.0,99,True
98,3,20.0,99,True
0,3,0.4,1,False
33,3,0.4,34,False
10,3,-2.0,10,False
0,1,0.4,10,False
14,1,0.4,24,False
34,1,0.4,44,False
0,1,0.4,10,False
10,3,0.4,11,False
1,3,0.4,2,False
13,3,-0.6,14,False
10,1,0.4,20,False
0,2,-0.30000000000000004,0,False
0,3,0.4,1,False
0,3,0.4,1,False
11,2,-0.30000000000000004,10,False
31,1,0.4,41,False
10,1,-2.0,10,False
1,1,-2.0,1,False
0,3,0.4,1,False
2,1,0.4,12,False
0,1,0.4,10,False
10,3,0.4,11,False
98,3,20.0,99,True
31,2,-2.0,31,False
11,2,-3.0,11,False
33,3,0.4,34,False
10,1,0.4,20,False
1,0,-0.30000000000000004,1,False
10,3,0.4,11,False
20,1,0.4,30,False
98,3,20.0,99,True
0,3,-2.0,0,False
89,1,20.0,99,True
20,3,0.4,21,False
10,3,0.4,11,False
13,3,0.4,14,False
0,1,0.4,10,False
34,1,-3.0,34,False
0,2,-0.30000000000000004,0,False
0,1,0.4,10,False
20,3,0.4,21,False
20,3,0.4,21,False
30,2,-0.30000000000000004,30,False
1,2,-0.30000000000000004,0,False
89,1,20.0,99,True
43,1,0.4,53,False
21,2,-0.30000000000000004,20,False
31,2,-0.30000000000000004,30,False
20,3,-2.0,20,False
42,0,-0.30000000000000004,32,False
10,1,0.4,20,False
10,3,0.4,11,False
0,3,0.4,1,False
11,3,-2.0,11,False
36,1,0.4,46,False
31,0,-0.30000000000000004,21,False
1,2,-0.30000000000000004,0,False
31,3,0.4,32,False
0,1,0.4,10,False
24,1,-3.0,24,False
11,3,-2.0,11,False
0,2,-0.30000000000000004,0,False
6,1,0.4,16,False
89,1,20.0,99,True
2,3,0.4,3,False
11,0,-0.30000000000000004,1,False
11,3,0.4,12,False
98,3,20.0,99,True
11,2,-0.30000000000000004,10,False
2,1,0.4,12,False
0,0,-0.30000000000000004,0,False
0,1,0.4,10,False
0,1,0.4,10,False
0,1,0.4,10,False
10,2,-0.30000000000000004,10,False
53,1,0.4,63,False
10,1,0.4,20,False
0,0,-0.30000000000000004,0,False
10,3,-2.0,10,False
30,3,0.4,31,False
2,1,0.4,12,False
17,1,0.4,27,False
98,3,20.0,99,True
10,3,-2.0,10,False
22,0,-1.3,12,False
10,0,-0.30000000000000004,0,False
15,3,-2.0,15,False
63,1,0.4,73,False
13,1,0.4,23,False
1,1,0.4,11,False
62,2,-3.0,62,False
22,0,-0.30000000000000004,12,False
3,3,0.4,4,False
0,2,-0.30000000000000004,0,False
23,2,-0.30000000000000004,22,False
0,1,-2.0,0,False
0,3,0.4,1,False
89,1,20.0,99,True
13,2,-0.30000000000000004,12,False
10,1,0.4,20,False
21,3,0.4,22,False
52,0,-1.3,42,False
20,2,-0.30000000000000004,20,False
0,1,0.4,10,False
12,3,0.4,13,False
20,1,-2.0,20,False
10,0,-0.30000000000000004,0,False
10,3,0.4,11,False
21,3,-0.6,22,False
33,0,-0.30000000000000004,23,False
1,3,0.4,2,False
2,1,0.4,12,False
89,1,20.0,99,True
0,1,-2.0,0,False
1,3,0.4,2,False
25,1,0.4,35,False
0,3,0.4,1,False
89,1,20.0,99,True
32,1,0.4,42,False
11,3,0.4,12,False
21,3,0.4,22,False
20,3,0.4,21,False
0,1,0.4,10,False
0,1,0.4,10,False
32,1,0.4,42,False
12,0,-0.30000000000000004,2,False
0,2,-0.30000000000000004,0,False
0,1,0.4,10,False
32,3,0.4,33,False
31,1,0.4,41,False
13,3,0.4,14,False
0,1,0.4,10,False
89,1,20.0,99,True
3,3,-3.0,3,False
98,3,20.0,99,True
12,3,0.4,13,False
10,0,-0.30000000000000004,0,False
10,2,-0.30000000000000004,10,False
3,0,-1.3,3,False
21,0,-0.30000000000000004,11,False
20,0,-1.3,10,False
0,1,0.4,10,False
0,2,-0.30000000000000004,0,False
24,1,-3.0,24,False
25,2,-0.30000000000000004,24,False
12,3,0.4,13,False
0,2,-0.30000000000000004,0,False
1,1,0.4,11,False
20,1,0.4,30,False
17,3,0.4,18,False
0,1,-2.0,0,False
1,1,0.4,11,False
17,3,0.4,18,False
44,2,-1.3,43,False
13,3,0.4,14,False
13,1,0.4,23,False
32,1,0.4,42,False
46,2,-1.3,45,False
21,3,0.4,22,False
32,0,-1.3,22,False
11,2,-0.30000000000000004,10,False
0,3,0.4,1,False
0,0,-0.30000000000000004,0,False
10,3,0.4,11,False
0,3,-2.0,0,False
11,3,0.4,12,False
0,1,0.4,10,False
2,2,-0.30000000000000004,1,False
10,3,0.4,11,False
23,1,0.4,33,False
0,3,0.4,1,False
10,0,-0.30000000000000004,0,False
89,1,20.0,99,True
22,0,-0.30000000000000004,12,False
36,3,0.4,37,False
12,2,-0.30000000000000004,11,False
89,1,20.0,99,True
11,3,0.4,12,False
1,1,0.4,11,False
42,3,-2.0,42,False
23,2,-0.30000000000000004,22,False
11,1,0.4,21,False
62,2,-0.30000000000000004,61,False
1,3,-0.6,2,False
51,3,0.4,52,False
11,3,-2.0,11,False
14,1,0.4,24,False
10,3,-2.0,10,False
89,1,20.0,99,True
20,3,0.4,21,False
0,2,-0.30000000000000004,0,False
0,1,0.4,10,False
47,3,0.4,48,False
1,0,-0.30000000000000004,1,False
64,1,-0.6,74,False
0,0,-0.30000000000000004,0,False
10,3,-2.0,10,False
3,2,-0.30000000000000004,2,False
32,3,-0.6,33,False
0,3,0.4,1,False
10,1,0.4,20,False
1,1,0.4,11,False
23,2,-0.30000000000000004,22,False
0,1,0.4,10,False
10,2,-0.30000000000000004,10,False
16,1,0.4,26,False
89,1,20.0,99,True
44,2,-0.30000000000000004,43,False
1,3,-2.0,1,False
21,1,0.4,31,False
1,2,-0.30000000000000004,0,False
12,3,0.4,13,False
10,1,0.4,20,False
26,0,-0.30000000000000004,16,False
0,3,-2.0,0,False
24,3,0.4,25,False
33,1,0.4,43,False
20,1,0.4,30,False
0,0,-0.30000000000000004,0,False
89,1,20.0,99,True
11,3,-2.0,11,False
21,2,-0.30000000000000004,20,False
89,1,20.0,99,True
3,3,0.4,4,False
89,1,20.0,99,True
62,3,0.4,63,False
1,3,0.4,2,False
13,1,0.4,23,False
41,3,0.4,42,False
14,3,0.4,15,False
1,1,0.4,11,False
89,1,20.0,99,True
21,3,-2.0,21,False
10,1,0.4,20,False
10,0,-0.30000000000000004,0,False
11,1,0.4,21,False
23,2,-1.3,22,False
32,2,-0.30000000000000004,31,False
0,2,-0.30000000000000004,0,False
11,1,0.4,21,False
20,0,-0.30000000000000004,10,False
22,1,0.4,32,False
0,2,-0.30000000000000004,0,False
0,3,0.4,1,False
89,1,20.0,99,True
10,3,-2.0,10,False
16,1,0.4,26,False
14,1,-3.0,14,False
1,3,-2.0,1,False
34,0,-0.30000000000000004,24,False
20,2,-0.30000000000000004,20,False
66,1,0.4,76,False
3,3,-2.0,3,False
1,1,0.4,11,False
89,1,20.0,99,True
47,1,0.4,57,False
3,3,-2.0,3,False
3,3,0.4,4,False
11,2,-0.30000000000000004,10,False
21,1,0.4,31,False
98,3,20.0,99,True
2,0,-0.30000000000000004,2,False
11,1,0.4,21,False
1,3,0.4,2,False
98,3,20.0,99,True
65,3,0.4,66,False
20,1,0.4,30,False
21,2,-0.30000000000000004,20,False
0,1,0.4,10,False
14,0,-0.30000000000000004,4,False
0,3,0.4,1,False
62,1,0.4,72,False
21,1,0.4,31,False
0,3,0.4,1,False
14,3,0.4,15,False
11,2,-0.30000000000000004,10,False
57,0,-1.3,47,False
98,3,20.0,99,True
24,1,0.4,34,False
3,3,0.4,4,False
0,1,-2.0,0,False
66,3,-3.0,66,False
31,2,-0.30000000000000004,30,False
12,1,0.4,22,False
70,0,-0.30000000000000004,60,False
0,0,-0.30000000000000004,0,False
52,3,0.4,53,False
89,1,20.0,99,True
12,1,0.4,22,False
1,2,-0.30000000000000004,0,False
43,2,-1.3,42,False
98,3,20.0,99,True
5,1,0.4,15,False
1,1,0.4,11,False
31,1,0.4,41,False
2,2,-0.30000000000000004,1,False
11,1,-2.0,11,False
13,3,0.4,14,False
31,1,0.4,41,False
42,2,-0.30000000000000004,41,False
6,0,-1.3,6,False
0,3,0.4,1,False
98,3,20.0,99,True
20,0,-0.30000000000000004,10,False
89,1,20.0,99,True
11,1,0.4,21,False
34,1,0.4,44,False
13,1,-2.0,13,False
11,0,-0.30000000000000004,1,False
10,1,0.4,20,False
25,1,0.4,35,False
11,2,-0.30000000000000004,10,False
0,1,-2.0,0,False
0,3,0.4,1,False
0,3,-2.0,0,False
21,1,-2.0,21,False
89,1,20.0,99,True
12,0,-0.30000000000000004,2,False
10,1,0.4,20,False
11,3,0.4,12,False
11,1,0.4,21,False
89,1,20.0,99,True
0,1,0.4,10,False
10,1,0.4,20,False
3,2,-0.30000000000000004,2,False
10,2,-0.30000000000000004,10,False
12,1,0.4,22,False
89,1,20.0,99,True
3,0,-1.3,3,False
98,3,20.0,99,True
0,1,0.4,10,False
0,3,0.4,1,False
10,1,-2.0,10,False
14,2,-0.30000000000000004,13,False
11,3,-2.0,11,False
12,3,0.4,13,False
35,3,0.4,36,False
98,3,20.0,99,True
11,2,-0.30000000000000004,10,False
14,0,-0.30000000000000004,4,False
42,3,0.4,43,False
1,2,-0.30000000000000004,0,False
98,3,20.0,99,True
10,2,-0.30000000000000004,10,False
0,1,0.4,10,False
11,0,-0.30000000000000004,1,False
2,3,-2.0,2,False
30,1,0.4,40,False
11,3,0.4,12,False
24,2,-0.30000000000000004,23,False
1,3,0.4,2,False
12,3,0.4,13,False
20,3,-2.0,20,False
0,3,0.4,1,False
98,3,20.0,99,True
11,3,0.4,12,False
98,3,20.0,99,True
1,1,-2.0,1,False
20,2,-0.30000000000000004,20,False
0,2,-0.30000000000000004,0,False
76,1,0.4,86,False
23,1,-0.6,33,False
10,1,0.4,20,False
1,0,-0.30000000000000004,1,False
98,3,20.0,99,True
0,0,-0.30000000000000004,0,False
11,3,0.4,12,False
21,2,-0.30000000000000004,20,False
0,3,-2.0,0,False
2,0,-0.30000000000000004,2,False
0,0,-0.30000000000000004,0,False
22,3,0.4,23,False
10,1,0.4,20,False
89,1,20.0,99,True
1,0,-0.30000000000000004,1,False
0,2,-0.30000000000000004,0,False
1,2,-0.30000000000000004,0,False
45,3,0.4,46,False
89,1,20.0,99,True
1,2,-0.30000000000000004,0,False
20,3,0.4,21,False
14,3,0.4,15,False
0,1,0.4,10,False
1,1,0.4,11,False
53,1,0.4,63,False
3,0,-0.30000000000000004,3,False
0,1,0.4,10,False
22,3,0.4,23,False
1,0,-0.30000000000000004,1,False
14,0,-0.30000000000000004,4,False
27,3,0.4,28,False
20,3,-2.0,20,False
0,3,0.4,1,False
11,1,-2.0,11,False
94,3,0.4,95,False
22,3,-3.0,22,False
0,1,0.4,10,False
2,3,0.4,3,False
33,3,0.4,34,False
0,3,0.4,1,False
22,3,0.4,23,False
52,1,-3.0,52,False
12,2,-2.0,12,False
20,3,0.4,21,False
0,0,-0.30000000000000004,0,False
89,1,20.0,99,True
13,0,-0.30000000000000004,3,False
30,0,-0.30000000000000004,20,False
26,1,0.4,36,False
11,1,0.4,21,False
11,1,0.4,21,False
32,3,-0.6,33,False
13,0,-0.30000000000000004,3,False
11,0,-0.30000000000000004,1,False
13,2,-0.30000000000000004,12,False
36,2,-0.30000000000000004,35,False
24,3,0.4,25,False
1,0,-0.30000000000000004,1,False
2,2,-0.30000000000000004,1,False
10,1,0.4,20,False
33,0,-3.0,33,False
0,2,-0.30000000000000004,0,False
52,1,0.4,62,False
2,3,-2.0,2,False
5,1,0.4,15,False
0,3,0.4,1,False
89,1,20.0,99,True
10,2,-0.30000000000000004,10,False
14,3,-2.0,14,False
11,1,0.4,21,False
89,1,20.0,99,True
67,1,0.4,77,False
10,3,0.4,11,False
2,1,0.4,12,False
3,2,-0.30000000000000004,2,False
20,1,0.4,30,False
1,3,0.4,2,False
42,2,-0.30000000000000004,41,False
3,2,-0.30000000000000004,2,False
2,1,0.4,12,False
13,3,0.4,14,False
31,3,0.4,32,False
2,1,0.4,12,False
21,0,-0.30000000000000004,11,False
10,2,-0.30000000000000004,10,False
2,0,-0.30000000000000004,2,False
10,1,-2.0,10,False
0,2,-0.30000000000000004,0,False
1,0,-0.30000000000000004,1,False
13,0,-0.30000000000000004,3,False
14,2,-0.30000000000000004,13,False
16,1,0.4,26,False
10,0,-0.30000000000000004,0,False
11,1,0.4,21,False
32,1,0.4,42,False
0,2,-0.30000000000000004,0,False
10,3,0.4,11,False
30,3,0.4,31,False
12,1,-2.0,12,False
43,1,-3.0,43,False
0,3,0.4,1,False
13,3,0.4,14,False
0,1,-2.0,0,False
1,3,0.4,2,False
0,3,-2.0,0,False
0,1,0.4,10,False
98,3,20.0,99,True
32,0,-0.30000000000000004,22,False
12,2,-0.30000000000000004,11,False
3,0,-0.30000000000000004,3,False
1,3,-2.0,1,False
11,1,0.4,21,False
23,0,-0.30000000000000004,13,False
0,1,0.4,10,False
30,1,0.4,40,False
2,1,0.4,12,False
32,3,0.4,33,False
44,1,0.4,54,False
98,3,20.0,99,True
30,2,-0.30000000000000004,30,False
0,3,0.4,1,False
6,1,0.4,16,False
20,3,0.4,21,False
3,3,0.4,4,False
1,2,-0.30000000000000004,0,False
3,1,0.4,13,False
1,1,0.4,11,False
11,1,0.4,21,False
89,1,20.0,99,True
11,0,-0.30000000000000004,1,False
10,0,-0.30000000000000004,0,False
11,1,0.4,21,False
1,0,-0.30000000000000004,1,False
1,3,0.4,2,False
98,3,20.0,99,True
0,3,0.4,1,False
25,3,-3.0,25,False
12,1,-3.0,12,False
89,1,20.0,99,True
54,1,-3.0,54,False
12,0,-0.30000000000000004,2,False
0,3,0.4,1,False
13,3,0.4,14,False
89,1,20.0,99,True
40,1,-2.0,40,False
98,3,20.0,99,True
0,2,-0.30000000000000004,0,False
3,3,0.4,4,False
89,1,20.0,99,True
31,0,-0.30000000000000004,21,False
53,3,0.4,54,False
33,0,-0.30000000000000004,23,False
89,1,20.0,99,True
2,0,-1.3,2,False
12,1,0.4,22,False
11,3,0.4,12,False
11,1,0.4,21,False
0,1,0.4,10,False
10,3,0.4,11,False
30,3,0.4,31,False
10,1,0.4,20,False
0,3,0.4,1,False
89,1,20.0,99,True
98,3,20.0,99,True
11,3,0.4,12,False
0,1,-2.0,0,False
10,1,0.4,20,False
16,0,-0.30000000000000004,6,False
30,1,-2.0,30,False
1,1,0.4,11,False
43,1,0.4,53,False
11,1,0.4,21,False
12,3,0.4,13,False
0,0,-0.30000000000000004,0,False
41,1,0.4,51,False
0,3,0.4,1,False
0,3,0.4,1,False
34,2,-0.30000000000000004,33,False
1,0,-0.30000000000000004,1,False
98,3,20.0,99,True
89,1,20.0,99,True
11,1,0.4,21,False
1,3,0.4,2,False
51,1,0.4,61,False
42,3,-2.0,42,False
10,1,0.4,20,False
21,3,0.4,22,False
89,1,20.0,99,True
1,1,-2.0,1,False
42,1,0.4,52,False
40,3,0.4,41,False
0,0,-0.30000000000000004,0,False
2,0,-0.30000000000000004,2,False
22,2,-0.30000000000000004,21,False
1,3,0.4,2,False
53,2,-1.3,52,False
20,3,0.4,21,False
2,2,-0.30000000000000004,1,False
10,1,0.4,20,False
30,2,-0.30000000000000004,30,False
23,0,-0.30000000000000004,13,False
10,1,0.4,20,False
11,1,0.4,21,False
20,1,0.4,30,False
14,3,-2.0,14,False
10,1,0.4,20,False
0,3,-2.0,0,False
22,2,-0.30000000000000004,21,False
21,3,0.4,22,False
98,3,20.0,99,True
42,3,0.4,43,False
2,0,-0.30000000000000004,2,False
14,3,0.4,15,False
2,1,0.4,12,False
11,3,0.4,12,False
2,0,-0.30000000000000004,2,False
11,2,-0.30000000000000004,10,False
0,3,0.4,1,False
21,3,0.4,22,False
20,0,-0.30000000000000004,10,False
11,1,0.4,21,False
3,3,0.4,4,False
3,2,-0.30000000000000004,2,False
25,1,-3.0,25,False
60,3,-0.6,61,False
12,1,-2.0,12,False
10,1,0.4,20,False
1,2,-0.30000000000000004,0,False
22,1,0.4,32,False
14,2,-0.30000000000000004,13,False
11,3,0.4,12,False
0,0,-0.30000000000000004,0,False
1,1,0.4,11,False
20,1,0.4,30,False
4,1,-2.0,4,False
57,1,0.4,67,False
21,1,0.4,31,False
0,3,-2.0,0,False
0,0,-0.30000000000000004,0,False
0,1,0.4,10,False
20,2,-0.30000000000000004,20,False
89,1,20.0,99,True
13,0,-2.0,13,False
31,1,-2.0,31,False
22,1,0.4,32,False
98,3,20.0,99,True
24,1,0.4,34,False
21,3,0.4,22,False
50,1,0.4,60,False
89,1,20.0,99,True
13,1,0.4,23,False
2,1,0.4,12,False
65,1,0.4,75,False
0,0,-0.30000000000000004,0,False
22,1,0.4,32,False
2,0,-0.30000000000000004,2,False
41,3,0.4,42,False
98,3,20.0,99,True
0,1,0.4,10,False
12,3,-2.0,12,False
51,0,-0.30000000000000004,41,False
15,1,-2.0,15,False
0,0,-0.30000000000000004,0,False
12,1,0.4,22,False
2,3,0.4,3,False
3,3,0.4,4,False
11,3,-2.0,11,False
89,1,20.0,99,True
40,1,0.4,50,False
12,0,-0.30000000000000004,2,False
1,1,0.4,11,False
18,1,0.4,28,False
98,3,20.0,99,True
98,3,20.0,99,True
0,0,-0.30000000000000004,0,False
30,2,-1.3,30,False
30,3,0.4,31,False
10,2,-0.30000000000000004,10,False
0,2,-0.30000000000000004,0,False
11,3,0.4,12,False
11,0,-0.30000000000000004,1,False
20,2,-0.30000000000000004,20,False
11,2,-0.30000000000000004,10,False
12,1,-2.0,12,False
89,1,20.0,99,True
15,1,0.4,25,False
12,2,-0.30000000000000004,11,False
0,3,0.4,1,False
12,1,-0.6,22,False
22,1,0.4,32,False
13,1,0.4,23,False
22,0,-0.30000000000000004,12,False
23,3,-3.0,23,False
0,1,0.4,10,False
2,1,0.4,12,False
51,3,0.4,52,False
89,1,20.0,99,True
21,3,0.4,22,False
10,0,-0.30000000000000004,0,False
11,3,0.4,12,False
52,1,0.4,62,False
12,3,0.4,13,False
30,3,-2.0,30,False
0,2,-0.30000000000000004,0,False
1,3,-2.0,1,False
0,3,0.4,1,False
20,3,0.4,21,False
35,1,0.4,45,False
32,3,0.4,33,False
2,1,0.4,12,False
0,0,-0.30000000000000004,0,False
21,2,-0.30000000000000004,20,False
3,3,0.4,4,False
1,2,-0.30000000000000004,0,False
85,2,-1.3,84,False
1,1,0.4,11,False
1,0,-0.30000000000000004,1,False
11,0,-0.30000000000000004,1,False
22,2,-1.3,21,False
32,0,-0.30000000000000004,22,False
56,2,-1.3,55,False
89,1,20.0,99,True
12,0,-0.30000000000000004,2,False
13,3,0.4,14,False
1,2,-0.30000000000000004,0,False
10,1,0.4,20,False
0,3,0.4,1,False
12,1,0.4,22,False
0,3,0.4,1,False
0,2,-0.30000000000000004,0,False
11,3,0.4,12,False
11,1,-0.6,21,False
30,1,0.4,40,False
89,1,20.0,99,True
0,3,0.4,1,False
0,0,-0.30000000000000004,0,False
10,0,-0.30000000000000004,0,False
25,3,0.4,26,False
0,1,0.4,10,False
0,0,-0.30000000000000004,0,False
0,1,0.4,10,False
89,1,20.0,99,True
30,2,-1.3,30,False
31,0,-3.0,31,False
14,2,-0.30000000000000004,13,False
2,1,0.4,12,False
61,1,0.4,71,False
12,3,0.4,13,False
21,3,0.4,22,False
1,3,0.4,2,False
14,3,-3.0,14,False
10,3,0.4,11,False
13,0,-0.30000000000000004,3,False
0,1,0.4,10,False
53,1,0.4,63,False
10,3,0.4,11,False
2,3,0.4,3,False
52,1,-3.0,52,False
5,1,0.4,15,False
20,1,-2.0,20,False
50,2,-0.30000000000000004,50,False
12,2,-0.30000000000000004,11,False
20,3,0.4,21,False
10,3,-3.0,10,False
11,2,-0.30000000000000004,10,False
34,2,-0.30000000000000004,33,False
21,2,-0.30000000000000004,20,False
2,3,0.4,3,False
15,3,0.4,16,False
13,3,0.4,14,False
20,1,-2.0,20,False
32,1,0.4,42,False
89,1,20.0,99,True
0,1,0.4,10,False
21,1,0.4,31,False
10,3,0.4,11,False
0,2,-0.30000000000000004,0,False
1,2,-0.30000000000000004,0,False
73,3,0.4,74,False
0,0,-0.30000000000000004,0,False
98,3,20.0,99,True
11,0,-0.30000000000000004,1,False
22,1,0.4,32,False
53,0,-0.30000000000000004,43,False
3,0,-0.30000000000000004,3,False
12,0,-0.30000000000000004,2,False
6,3,0.4,7,False
98,3,20.0,99,True
14,1,0.4,24,False
10,1,0.4,20,False
0,2,-0.30000000000000004,0,False
63,1,0.4,73,False
43,1,0.4,53,False
5,3,0.4,6,False
30,1,-3.0,30,False
40,0,-2.0,40,False
72,3,0.4,73,False
11,0,-0.30000000000000004,1,False
0,1,0.4,10,False
52,1,0.4,62,False
10,2,-0.30000000000000004,10,False
24,1,0.4,34,False
11,3,0.4,12,False
20,3,-3.0,20,False
0,1,0.4,10,False
61,3,-3.0,61,False
14,2,-1.3,13,False
2,3,0.4,3,False
12,3,-2.0,12,False
1,0,-0.30000000000000004,1,False
89,1,20.0,99,True
0,1,0.4,10,False
0,2,-0.30000000000000004,0,False
10,1,0.4,20,False
23,3,0.4,24,False
13,2,-0.30000000000000004,12,False
42,3,0.4,43,False
42,1,0.4,52,False
53,3,0.4,54,False
89,1,20.0,99,True
1,1,0.4,11,False
11,1,0.4,21,False
41,3,-0.6,42,False
40,2,-0.30000000000000004,40,False
1,1,0.4,11,False
0,3,0.4,1,False
0,3,0.4,1,False
0,3,0.4,1,False
0,2,-0.30000000000000004,0,False
1,3,0.4,2,False
12,3,0.4,13,False
1,1,0.4,11,False
10,3,-2.0,10,False
13,3,-2.0,13,False
0,2,-0.30000000000000004,0,False
31,3,-2.0,31,False
10,3,0.4,11,False
1,3,-2.0,1,False
41,0,-0.30000000000000004,31,False
65,3,0.4,66,False
40,1,0.4,50,False
10,3,0.4,11,False
34,0,-1.3,24,False
20,1,0.4,30,False
3,3,0.4,4,False
32,3,0.4,33,False
10,0,-0.30000000000000004,0,False
89,1,20.0,99,True
4,0,-1.3,4,False
12,1,0.4,22,False
0,3,-2.0,0,False
32,1,-3.0,32,False
89,1,20.0,99,True
3,1,0.4,13,False
1,3,0.4,2,False
11,1,0.4,21,False
1,3,0.4,2,False
20,3,0.4,21,False
3,1,-3.0,3,False
10,3,-0.6,11,False
23,1,0.4,33,False
41,3,0.4,42,False
0,1,-2.0,0,False
1,1,0.4,11,False
20,1,0.4,30,False
10,0,-0.30000000000000004,0,False
24,3,0.4,25,False
14,3,0.4,15,False
20,3,0.4,21,False
12,1,0.4,22,False
1,0,-0.30000000000000004,1,False
2,1,0.4,12,False
89,1,20.0,99,True
98,3,20.0,99,True
32,1,0.4,42,False
0,1,0.4,10,False
98,3,20.0,99,True
1,2,-0.30000000000000004,0,False
22,0,-0.30000000000000004,12,False
3,1,0.4,13,False
98,3,20.0,99,True
11,2,-0.30000000000000004,10,False
22,1,-2.0,22,False
1,1,0.4,11,False
0,1,-2.0,0,False
0,3,0.4,1,False
34,1,0.4,44,False
73,3,-3.0,73,False
13,3,0.4,14,False
82,3,0.4,83,False
0,3,0.4,1,False
0,1,0.4,10,False
1,2,-0.30000000000000004,0,False
2,1,-2.0,2,False
89,1,20.0,99,True
0,3,0.4,1,False
98,3,20.0,99,True
0,3,0.4,1,False
2,3,0.4,3,False
42,1,0.4,52,False
11,0,-0.30000000000000004,1,False
2,3,0.4,3,False
23,0,-0.30000000000000004,13,False
1,3,0.4,2,False
89,1,20.0,99,True
71,2,-1.3,70,False
0,3,-2.0,0,False
30,1,0.4,40,False
0,1,0.4,10,False
0,1,-2.0,0,False
1,1,0.4,11,False
51,0,-0.30000000000000004,41,False
12,3,-2.0,12,False
42,3,0.4,43,False
0,1,0.4,10,False
15,1,0.4,25,False
21,2,-0.30000000000000004,20,False
10,2,-0.30000000000000004,10,False
10,2,-0.30000000000000004,10,False
22,0,-0.30000000000000004,12,False
33,2,-1.3,32,False
30,1,0.4,40,False
0,1,0.4,10,False
2,3,-2.0,2,False
33,1,0.4,43,False
16,0,-0.30000000000000004,6,False
89,1,20.0,99,True
11,1,-3.0,11,False
41,3,0.4,42,False
24,3,0.4,25,False
20,0,-0.30000000000000004,10,False
1,3,-2.0,1,False
0,3,0.4,1,False
13,1,0.4,23,False
11,2,-0.30000000000000004,10,False
20,2,-0.30000000000000004,20,False
0,1,0.4,10,False
31,2,-1.3,30,False
0,3,0.4,1,False
23,1,0.4,33,False
98,3,20.0,99,True
11,1,-2.0,11,False
14,3,0.4,15,False
22,1,0.4,32,False
13,3,0.4,14,False
1,3,0.4,2,False
42,3,0.4,43,False
21,1,0.4,31,False
13,1,0.4,23,False
1,3,0.4,2,False
1,3,0.4,2,False
21,3,0.4,22,False
0,1,0.4,10,False
10,3,-3.0,10,False
0,1,0.4,10,False
0,3,-0.6,1,False
1,1,0.4,11,False
21,3,0.4,22,False
0,0,-0.30000000000000004,0,False
21,3,-2.0,21,False
42,1,0.4,52,False
14,2,-0.30000000000000004,13,False
10,2,-0.30000000000000004,10,False
24,2,-0.30000000000000004,23,False
31,1,0.4,41,False
15,3,0.4,16,False
35,2,-1.3,34,False
98,3,20.0,99,True
2,1,0.4,12,False
4,2,-0.30000000000000004,3,False
40,1,0.4,50,False
0,3,0.4,1,False
1,1,0.4,11,False
32,1,0.4,42,False
21,2,-1.3,20,False
3,2,-0.30000000000000004,2,False
31,3,0.4,32,False
10,1,0.4,20,False
0,1,0.4,10,False
89,1,20.0,99,True
89,1,20.0,99,True
12,2,-0.30000000000000004,11,False
20,1,-2.0,20,False
45,3,-0.6,46,False
0,0,-0.30000000000000004,0,False
11,1,0.4,21,False
11,1,0.4,21,False
14,0,-0.30000000000000004,4,False
1,3,0.4,2,False
98,3,20.0,99,True
48,3,-3.0,48,False
0,3,0.4,1,False
12,1,-0.6,22,False
0,0,-0.30000000000000004,0,False
42,2,-3.0,42,False
23,3,0.4,24,False
11,3,-2.0,11,False
5,0,-1.3,5,False
30,0,-1.3,20,False
0,1,0.4,10,False
42,2,-2.0,42,False
0,0,-0.30000000000000004,0,False
2,1,0.4,12,False
10,1,-2.0,10,False
0,1,-2.0,0,False
0,3,-2.0,0,False
21,1,0.4,31,False
10,2,-0.30000000000000004,10,False
32,1,0.4,42,False
10,3,-2.0,10,False
0,0,-0.30000000000000004,0,False
31,3,-2.0,31,False
12,1,0.4,22,False
50,2,-0.30000000000000004,50,False
36,1,0.4,46,False
1,3,-2.0,1,False
0,3,0.4,1,False
22,0,-0.30000000000000004,12,False
10,2,-0.30000000000000004,10,False
56,0,-0.30000000000000004,46,False
30,3,0.4,31,False
1,1,0.4,11,False
33,3,0.4,34,False
31,3,0.4,32,False
1,2,-0.30000000000000004,0,False
15,1,0.4,25,False
0,2,-0.30000000000000004,0,False
13,2,-0.30000000000000004,12,False
32,3,0.4,33,False
89,1,20.0,99,True
1,1,0.4,11,False
98,3,20.0,99,True
89,1,20.0,99,True
11,2,-0.30000000000000004,10,False
0,3,0.4,1,False
0,3,0.4,1,False
2,0,-0.30000000000000004,2,False
31,2,-2.0,31,False
1,1,0.4,11,False
14,3,0.4,15,False
0,3,0.4,1,False
11,3,0.4,12,False
55,1,0.4,65,False
0,1,0.4,10,False
12,1,-2.0,12,False
34,3,0.4,35,False
3,1,0.4,13,False
41,1,-3.0,41,False
0,0,-0.30000000000000004,0,False
10,2,-0.30000000000000004,10,False
23,2,-0.30000000000000004,22,False
21,3,0.4,22,False
1,2,-0.30000000000000004,0,False
14,0,-1.3,4,False
62,1,0.4,72,False
13,1,0.4,23,False
1,3,-2.0,1,False
3,1,0.4,13,False
12,1,0.4,22,False
11,2,-0.30000000000000004,10,False
21,1,0.4,31,False
89,1,20.0,99,True
0,0,-0.30000000000000004,0,False
20,0,-0.30000000000000004,10,False
11,3,0.4,12,False
98,3,20.0,99,True
83,3,0.4,84,False
20,3,0.4,21,False
0,2,-0.30000000000000004,0,False
30,3,0.4,31,False
10,3,-2.0,10,False
0,3,0.4,1,False
0,0,-0.30000000000000004,0,False
34,0,-0.30000000000000004,24,False
4,3,0.4,5,False
1,1,0.4,11,False
0,1,-2.0,0,False
10,1,0.4,20,False
23,0,-2.0,23,False
1,2,-0.30000000000000004,0,False
2,0,-1.3,2,False
98,3,20.0,99,True
10,1,0.4,20,False
21,0,-0.30000000000000004,11,False
1,0,-0.30000000000000004,1,False
89,1,20.0,99,True
0,3,0.4,1,False
3,3,0.4,4,False
5,1,0.4,15,False
12,2,-0.30000000000000004,11,False
21,3,0.4,22,False
2,1,-2.0,2,False
20,3,0.4,21,False
0,3,0.4,1,False
11,2,-0.30000000000000004,10,False
12,1,-2.0,12,False
31,3,0.4,32,False
12,1,0.4,22,False
10,1,0.4,20,False
1,3,-2.0,1,False
11,3,0.4,12,False
1,1,0.4,11,False
2,1,0.4,12,False
1,2,-1.3,0,False
24,1,-2.0,24,False
20,0,-0.30000000000000004,10,False
12,3,0.4,13,False
0,2,-0.30000000000000004,0,False
1,1,0.4,11,False
98,3,20.0,99,True
11,1,0.4,21,False
0,3,0.4,1,False
12,1,0.4,22,False
0,0,-0.30000000000000004,0,False
1,0,-0.30000000000000004,1,False
20,1,0.4,30,False
10,3,0.4,11,False
1,3,0.4,2,False
44,1,0.4,54,False
43,3,0.4,44,False
12,1,0.4,22,False
0,0,-0.30000000000000004,0,False
2,3,-2.0,2,False
23,1,-3.0,23,False
56,2,-0.30000000000000004,55,False
10,0,-0.30000000000000004,0,False
98,3,20.0,99,True
30,1,0.4,40,False
23,3,0.4,24,False
2,2,-0.30000000000000004,1,False
1,0,-0.30000000000000004,1,False
21,1,-3.0,21,False
22,0,-0.30000000000000004,12,False
11,1,0.4,21,False
21,0,-0.30000000000000004,11,False
1,3,0.4,2,False
10,3,0.4,11,False
0,3,0.4,1,False
98,3,20.0,99,True
1,3,0.4,2,False
15,3,0.4,16,False
1,0,-0.30000000000000004,1,False
1,1,-2.0,1,False
1,1,0.4,11,False
2,0,-0.30000000000000004,2,False
10,1,-2.0,10,False
21,1,0.4,31,False
20,3,0.4,21,False
31,1,0.4,41,False
0,3,-2.0,0,False
0,3,0.4,1,False
11,3,0.4,12,False
0,1,0.4,10,False
89,1,20.0,99,True
1,0,-0.30000000000000004,1,False
43,2,-0.30000000000000004,42,False
89,1,20.0,99,True
20,1,0.4,30,False
12,1,0.4,22,False
2,1,0.4,12,False
12,1,-3.0,12,False
0,2,-0.30000000000000004,0,False
10,2,-0.30000000000000004,10,False
14,1,0.4,24,False
3,2,-0.30000000000000004,2,False
43,1,0.4,53,False
0,2,-0.30000000000000004,0,False
12,3,0.4,13,False
12,3,0.4,13,False
21,1,0.4,31,False
89,1,20.0,99,True
1,0,-0.30000000000000004,1,False
80,1,0.4,90,False
1,3,0.4,2,False
0,1,0.4,10,False
10,2,-0.30000000000000004,10,False
23,0,-0.30000000000000004,13,False
98,3,20.0,99,True
0,2,-0.30000000000000004,0,False
0,1,0.4,10,False
4,3,0.4,5,False
65,2,-1.3,64,False
2,3,0.4,3,False
1,2,-0.30000000000000004,0,False
21,1,0.4,31,False
11,3,0.4,12,False
43,1,0.4,53,False
31,3,0.4,32,False
15,3,0.4,16,False
0,0,-0.30000000000000004,0,False
2,1,-2.0,2,False
31,1,-3.0,31,False
10,3,0.4,11,False
11,1,0.4,21,False
10,3,0.4,11,False
20,2,-0.30000000000000004,20,False
2,2,-0.30000000000000004,1,False
20,3,0.4,21,False
22,0,-0.30000000000000004,12,False
30,1,0.4,40,False
1,2,-0.30000000000000004,0,False
12,1,0.4,22,False
0,2,-0.30000000000000004,0,False
22,3,0.4,23,False
4,3,0.4,5,False
30,2,-0.30000000000000004,30,False
1,1,0.4,11,False
0,2,-0.30000000000000004,0,False
23,2,-1.3,22,False
62,3,0.4,63,False
0,2,-0.30000000000000004,0,False
98,3,20.0,99,True
13,3,0.4,14,False
98,3,20.0,99,True
12,1,0.4,22,False
10,2,-0.30000000000000004,10,False
0,0,-0.30000000000000004,0,False
35,1,0.4,45,False
10,0,-0.30000000000000004,0,False
13,3,0.4,14,False
2,0,-0.30000000000000004,2,False
11,3,0.4,12,False
89,1,20.0,99,True
2,0,-0.30000000000000004,2,False
12,3,0.4,13,False
52,3,0.4,53,False
22,0,-0.30000000000000004,12,False
1,1,0.4,11,False
13,1,0.4,23,False
23,0,-0.30000000000000004,13,False
23,3,0.4,24,False
89,1,20.0,99,True
21,3,-2.0,21,False
11,1,0.4,21,False
0,3,-2.0,0,False
32,2,-0.30000000000000004,31,False
0,3,0.4,1,False
3,1,0.4,13,False
89,1,20.0,99,True
40,1,0.4,50,False
13,3,0.4,14,False
11,3,0.4,12,False
0,1,0.4,10,False
89,1,20.0,99,True
43,0,-0.30000000000000004,33,False
20,1,0.4,30,False
32,1,0.4,42,False
13,3,0.4,14,False
2,3,0.4,3,False
0,3,0.4,1,False
40,1,-2.0,40,False
41,0,-0.30000000000000004,31,False
7,3,0.4,8,False
35,1,-0.6,45,False
10,2,-0.30000000000000004,10,False
21,2,-0.30000000000000004,20,False
89,1,20.0,99,True
10,1,0.4,20,False
14,1,-3.0,14,False
0,0,-0.30000000000000004,0,False
36,0,-1.3,26,False
0,3,0.4,1,False
89,1,20.0,99,True
12,3,0.4,13,False
1,2,-0.30000000000000004,0,False
13,2,-1.3,12,False
2,3,0.4,3,False
10,3,0.4,11,False
43,3,0.4,44,False
31,1,0.4,41,False
98,3,20.0,99,True
48,1,0.4,58,False
2,2,-0.30000000000000004,1,False
11,0,-0.30000000000000004,1,False
23,1,0.4,33,False
24,1,-2.0,24,False
0,3,0.4,1,False
0,1,-2.0,0,False
41,3,0.4,42,False
31,2,-0.30000000000000004,30,False
1,0,-0.30000000000000004,1,False
55,1,-3.0,55,False
2,3,0.4,3,False
2,0,-0.30000000000000004,2,False
0,3,-2.0,0,False
43,2,-0.30000000000000004,42,False
10,1,0.4,20,False
1,3,0.4,2,False
0,0,-0.30000000000000004,0,False
14,3,0.4,15,False
12,3,-2.0,12,False
1,0,-0.30000000000000004,1,False
0,3,0.4,1,False
0,2,-0.30000000000000004,0,False
11,1,0.4,21,False
32,1,0.4,42,False
0,2,-0.30000000000000004,0,False
11,0,-0.30000000000000004,1,False
13,2,-0.30000000000000004,12,False
12,3,0.4,13,False
1,2,-0.30000000000000004,0,False
98,3,20.0,99,True
11,0,-0.30000000000000004,1,False
0,1,0.4,10,False
23,2,-0.30000000000000004,22,False
20,2,-0.30000000000000004,20,False
11,1,0.4,21,False
0,3,0.4,1,False
20,2,-1.3,20,False
13,3,0.4,14,False
11,1,-2.0,11,False
0,3,0.4,1,False
89,1,20.0,99,True
45,1,0.4,55,False
20,1,0.4,30,False
52,2,-0.30000000000000004,51,False
89,1,20.0,99,True
0,1,-2.0,0,False
0,3,-2.0,0,False
1,3,0.4,2,False
3,1,0.4,13,False
10,1,0.4,20,False
11,0,-0.30000000000000004,1,False
11,3,-2.0,11,False
35,3,0.4,36,False
20,1,0.4,30,False
98,3,20.0,99,True
31,0,-0.30000000000000004,21,False
0,1,-2.0,0,False
21,3,0.4,22,False
1,1,0.4,11,False
42,0,-0.30000000000000004,32,False
0,1,0.4,10,False
81,1,0.4,91,False
20,1,0.4,30,False
72,1,0.4,82,False
26,2,-1.3,25,False
0,3,0.4,1,False
10,3,-2.0,10,False
2,1,0.4,12,False
42,2,-1.3,41,False
21,1,-2.0,21,False
12,1,0.4,22,False
3,2,-1.3,2,False
0,2,-0.30000000000000004,0,False
1,0,-0.30000000000000004,1,False
30,3,0.4,31,False
24,1,0.4,34,False
89,1,20.0,99,True
26,1,0.4,36,False
11,3,0.4,12,False
43,3,0.4,44,False
20,3,0.4,21,False
10,1,0.4,20,False
1,1,0.4,11,False
10,1,0.4,20,False
2,0,-0.30000000000000004,2,False
10,2,-0.30000000000000004,10,False
21,3,-3.0,21,False
24,2,-1.3,23,False
3,2,-0.30000000000000004,2,False
0,1,0.4,10,False
12,1,0.4,22,False
16,2,-1.3,15,False
22,3,0.4,23,False
3,0,-0.30000000000000004,3,False
32,1,-2.0,32,False
10,2,-1.3,10,False
55,3,0.4,56,False
81,0,-1.3,71,False
24,0,-1.3,14,False
0,3,0.4,1,False
0,3,0.4,1,False
44,1,0.4,54,False
0,0,-0.30000000000000004,0,False
0,1,0.4,10,False
44,1,-0.6,54,False
0,2,-0.30000000000000004,0,False
10,2,-0.30000000000000004,10,False
1,1,0.4,11,False
20,3,0.4,21,False
31,3,0.4,32,False
61,1,0.4,71,False
63,1,0.4,73,False
11,3,0.4,12,False
56,3,0.4,57,False
24,3,-3.0,24,False
24,0,-0.30000000000000004,14,False
11,1,0.4,21,False
34,3,0.4,35,False
0,3,-2.0,0,False
30,3,0.4,31,False
1,1,0.4,11,False
12,1,0.4,22,False
89,1,20.0,99,True
0,0,-0.30000000000000004,0,False
40,1,-2.0,40,False
21,1,0.4,31,False
10,1,0.4,20,False
13,3,0.4,14,False
23,3,0.4,24,False
0,3,-2.0,0,False
35,2,-0.30000000000000004,34,False
12,0,-2.0,12,False
25,3,-3.0,25,False
3,3,0.4,4,False
89,1,20.0,99,True
11,3,0.4,12,False
10,0,-0.30000000000000004,0,False
21,3,0.4,22,False
2,2,-0.30000000000000004,1,False
2,3,0.4,3,False
1,0,-0.30000000000000004,1,False
22,0,-3.0,22,False
0,2,-0.30000000000000004,0,False
44,1,-0.6,54,False
23,3,0.4,24,False
10,2,-0.30000000000000004,10,False
21,3,0.4,22,False
22,2,-0.30000000000000004,21,False
0,1,0.4,10,False
10,3,0.4,11,False
30,0,-0.30000000000000004,20,False
13,3,0.4,14,False
65,3,0.4,66,False
66,3,0.4,67,False
23,1,0.4,33,False
22,0,-0.30000000000000004,12,False
10,1,0.4,20,False
34,3,0.4,35,False
51,3,0.4,52,False
32,3,0.4,33,False
41,1,0.4,51,False
30,3,0.4,31,False
89,1,20.0,99,True
0,0,-0.30000000000000004,0,False
89,1,20.0,99,True
0,2,-0.30000000000000004,0,False
12,1,0.4,22,False
52,3,0.4,53,False
0,3,0.4,1,False
0,0,-0.30000000000000004,0,False
30,1,0.4,40,False
14,2,-3.0,14,False
1,1,-2.0,1,False
20,3,0.4,21,False
3,3,0.4,4,False
10,1,0.4,20,False
13,1,-2.0,13,False
0,3,-2.0,0,False
22,2,-0.30000000000000004,21,False
10,3,0.4,11,False
31,2,-0.30000000000000004,30,False
0,3,0.4,1,False
31,0,-0.30000000000000004,21,False
41,3,0.4,42,False
0,1,0.4,10,False
21,3,-2.0,21,False
21,3,0.4,22,False
2,1,0.4,12,False
12,1,0.4,22,False
11,2,-0.30000000000000004,10,False
30,1,0.4,40,False
10,1,0.4,20,False
30,1,0.4,40,False
3,1,-2.0,3,False
24,0,-0.30000000000000004,14,False
36,0,-1.3,26,False
10,3,0.4,11,False
20,3,0.4,21,False
30,2,-0.30000000000000004,30,False
89,1,20.0,99,True
89,1,20.0,99,True
31,3,0.4,32,False
44,3,-3.0,44,False
11,1,-2.0,11,False
12,3,0.4,13,False
31,0,-0.30000000000000004,21,False
2,3,0.4,3,False
24,1,0.4,34,False
10,0,-0.30000000000000004,0,False
20,2,-0.30000000000000004,20,False
20,2,-1.3,20,False
51,0,-0.30000000000000004,41,False
32,0,-0.30000000000000004,22,False
89,1,20.0,99,True
31,2,-1.3,30,False
0,1,0.4,10,False
30,1,0.4,40,False
15,0,-0.30000000000000004,5,False
0,3,0.4,1,False
22,1,-0.6,32,False
0,3,0.4,1,False
13,3,0.4,14,False
12,0,-0.30000000000000004,2,False
32,1,0.4,42,False
2,1,-2.0,2,False
0,1,0.4,10,False
11,3,0.4,12,False
34,3,-2.0,34,False
21,1,0.4,31,False
35,1,-3.0,35,False
10,0,-0.30000000000000004,0,False
2,1,0.4,12,False
98,3,20.0,99,True
10,2,-0.30000000000000004,10,False
11,2,-0.30000000000000004,10,False
0,2,-0.30000000000000004,0,False
35,1,0.4,45,False
3,2,-1.3,2,False
32,1,0.4,42,False
42,3,0.4,43,False
89,1,20.0,99,True
32,1,0.4,42,False
10,1,0.4,20,False
0,1,-2.0,0,False
20,3,0.4,21,False
22,3,-0.6,23,False
0,1,0.4,10,False
21,3,0.4,22,False
4,1,0.4,14,False
40,2,-0.30000000000000004,40,False
23,1,0.4,33,False
0,1,0.4,10,False
21,1,0.4,31,False
43,3,-0.6,44,False
1,3,0.4,2,False
23,3,0.4,24,False
0,2,-0.30000000000000004,0,False
64,1,0.4,74,False
0,1,-2.0,0,False
0,3,-2.0,0,False
2,3,0.4,3,False
24,0,-3.0,24,False
32,1,0.4,42,False
1,3,-2.0,1,False
10,0,-0.30000000000000004,0,False
89,1,20.0,99,True
10,1,-2.0,10,False
1,1,-0.6,11,False
33,0,-1.3,23,False
12,3,0.4,13,False
5,3,0.4,6,False
24,0,-1.3,14,False
2,1,-0.6,12,False
0,1,0.4,10,False
89,1,20.0,99,True
3,2,-0.30000000000000004,2,False
41,3,0.4,42,False
2,0,-0.30000000000000004,2,False
0,1,0.4,10,False
30,3,0.4,31,False
40,1,-2.0,40,False
4,3,0.4,5,False
0,2,-0.30000000000000004,0,False
11,3,0.4,12,False
10,1,0.4,20,False
22,2,-0.30000000000000004,21,False
20,3,-2.0,20,False
20,2,-0.30000000000000004,20,False
89,1,20.0,99,True
21,1,0.4,31,False
3,1,0.4,13,False
0,3,0.4,1,False
20,1,0.4,30,False
30,1,0.4,40,False
10,1,0.4,20,False
43,3,-3.0,43,False
2,3,0.4,3,False
10,3,0.4,11,False
21,1,0.4,31,False
11,3,0.4,12,False
55,3,0.4,56,False
23,1,0.4,33,False
0,3,0.4,1,False
30,2,-0.30000000000000004,30,False
2,2,-0.30000000000000004,1,False
2,1,0.4,12,False
21,0,-1.3,11,False
98,3,20.0,99,True
0,1,-2.0,0,False
13,0,-0.30000000000000004,3,False
35,2,-0.30000000000000004,34,False
12,0,-1.3,2,False
32,3,0.4,33,False
1,1,0.4,11,False
41,3,0.4,42,False
32,1,0.4,42,False
89,1,20.0,99,True
10,1,0.4,20,False
22,1,0.4,32,False
0,3,0.4,1,False
20,2,-0.30000000000000004,20,False
0,3,-2.0,0,False
0,0,-0.30000000000000004,0,False
0,1,0.4,10,False
0,3,0.4,1,False
72,1,-3.0,72,False
0,2,-0.30000000000000004,0,False
22,2,-1.3,21,False
36,2,-0.30000000000000004,35,False
21,3,0.4,22,False
10,3,0.4,11,False
30,3,0.4,31,False
42,3,0.4,43,False
1,1,0.4,11,False
11,1,0.4,21,False
1,1,-2.0,1,False
1,1,0.4,11,False
23,3,-2.0,23,False
0,3,0.4,1,False
0,1,-2.0,0,False
3,3,0.4,4,False
0,1,0.4,10,False
31,1,0.4,41,False
11,1,0.4,21,False
0,3,0.4,1,False
1,1,0.4,11,False
0,3,0.4,1,False
89,1,20.0,99,True
13,1,0.4,23,False
11,3,0.4,12,False
0,0,-0.30000000000000004,0,False
23,1,0.4,33,False
0,3,-2.0,0,False
10,3,0.4,11,False
1,3,0.4,2,False
0,1,-2.0,0,False
23,3,0.4,24,False
11,1,0.4,21,False
42,1,0.4,52,False
42,3,0.4,43,False
89,1,20.0,99,True
1,3,0.4,2,False
11,2,-0.30000000000000004,10,False
2,3,0.4,3,False
37,2,-1.3,36,False
89,1,20.0,99,True
11,1,0.4,21,False
13,3,0.4,14,False
10,3,0.4,11,False
20,1,0.4,30,False
3,1,0.4,13,False
32,1,0.4,42,False
14,2,-0.30000000000000004,13,False
0,2,-0.30000000000000004,0,False
98,3,20.0,99,True
33,0,-0.30000000000000004,23,False
0,0,-0.30000000000000004,0,False
0,1,0.4,10,False
2,0,-1.3,2,False
0,1,0.4,10,False
89,1,20.0,99,True
12,1,0.4,22,False
89,1,20.0,99,True
24,1,0.4,34,False
30,1,-0.6,40,False
44,1,0.4,54,False
33,3,0.4,34,False
10,1,0.4,20,False
0,1,0.4,10,False
22,1,0.4,32,False
53,0,-0.30000000000000004,43,False
33,3,0.4,34,False
89,1,20.0,99,True
13,3,0.4,14,False
89,1,20.0,99,True
2,1,-2.0,2,False
20,3,0.4,21,False
12,3,0.4,13,False
30,3,0.4,31,False
11,3,0.4,12,False
11,3,-0.6,12,False
20,3,0.4,21,False
21,1,-0.6,31,False
46,0,-0.30000000000000004,36,False
5,1,0.4,15,False
14,2,-0.30000000000000004,13,False
1,1,0.4,11,False
10,3,0.4,11,False
20,1,0.4,30,False
0,1,0.4,10,False
54,1,0.4,64,False
89,1,20.0,99,True
31,3,0.4,32,False
0,3,-2.0,0,False
1,3,0.4,2,False
20,0,-0.30000000000000004,10,False
20,2,-0.30000000000000004,20,False
50,1,0.4,60,False
41,3,0.4,42,False
41,1,0.4,51,False
11,1,0.4,21,False
89,1,20.0,99,True
24,1,0.4,34,False
0,3,-2.0,0,False
98,3,20.0,99,True
11,3,0.4,12,False
1,1,0.4,11,False
33,3,0.4,34,False
0,1,0.4,10,False
10,3,0.4,11,False
23,3,0.4,24,False
51,2,-0.30000000000000004,50,False
43,1,0.4,53,False
20,3,-3.0,20,False
21,2,-0.30000000000000004,20,False
33,2,-1.3,32,False
31,1,0.4,41,False
0,0,-0.30000000000000004,0,False
21,3,0.4,22,False
87,3,0.4,88,False
16,3,-2.0,16,False
2,1,0.4,12,False
21,2,-0.30000000000000004,20,False
11,1,-2.0,11,False
0,1,0.4,10,False
30,1,0.4,40,False
1,1,0.4,11,False
46,0,-1.3,36,False
31,0,-1.3,21,False
89,1,20.0,99,True
11,2,-0.30000000000000004,10,False
10,3,0.4,11,False
10,0,-0.30000000000000004,0,False
3,3,0.4,4,False
0,0,-0.30000000000000004,0,False
10,2,-0.30000000000000004,10,False
20,3,0.4,21,False
89,1,20.0,99,True
1,1,0.4,11,False
11,2,-0.30000000000000004,10,False
25,2,-0.30000000000000004,24,False
0,3,0.4,1,False
44,1,0.4,54,False
34,1,-3.0,34,False
10,3,0.4,11,False
0,1,0.4,10,False
21,3,0.4,22,False
0,3,0.4,1,False
32,3,-2.0,32,False
89,1,20.0,99,True
31,3,0.4,32,False
0,2,-0.30000000000000004,0,False
0,3,-2.0,0,False
1,3,0.4,2,False
11,3,0.4,12,False
41,1,0.4,51,False
32,3,0.4,33,False
30,1,0.4,40,False
20,1,0.4,30,False
12,3,0.4,13,False
21,1,0.4,31,False
2,1,0.4,12,False
0,1,0.4,10,False
10,3,0.4,11,False
0,1,0.4,10,False
1,3,0.4,2,False
89,1,20.0,99,True
0,3,0.4,1,False
22,3,0.4,23,False
10,2,-0.30000000000000004,10,False
10,3,0.4,11,False
6,3,0.4,7,False
0,1,-2.0,0,False
11,1,0.4,21,False
84,1,0.4,94,False
10,1,-2.0,10,False
5,1,0.4,15,False
98,3,20.0,99,True
1,0,-0.30000000000000004,1,False
0,0,-0.30000000000000004,0,False
10,3,0.4,11,False
20,3,0.4,21,False
23,0,-0.30000000000000004,13,False
52,3,0.4,53,False
0,3,0.4,1,False
2,0,-0.30000000000000004,2,False
14,0,-0.30000000000000004,4,False
0,0,-0.30000000000000004,0,False
98,3,20.0,99,True
10,3,0.4,11,False
98,3,20.0,99,True
0,2,-0.30000000000000004,0,False
24,3,0.4,25,False
89,1,20.0,99,True
41,3,0.4,42,False
1,1,-2.0,1,False
21,1,0.4,31,False
10,3,0.4,11,False
1,2,-0.30000000000000004,0,False
12,0,-0.30000000000000004,2,False
24,3,-3.0,24,False
12,0,-0.30000000000000004,2,False
1,3,-2.0,1,False
0,1,0.4,10,False
10,3,0.4,11,False
20,1,-2.0,20,False
40,2,-1.3,40,False
41,3,0.4,42,False
41,1,0.4,51,False
32,3,-2.0,32,False
10,3,-2.0,10,False
89,1,20.0,99,True
2,1,-2.0,2,False
16,2,-1.3,15,False
2,3,-2.0,2,False
12,2,-0.30000000000000004,11,False
1,0,-0.30000000000000004,1,False
98,3,20.0,99,True
23,2,-1.3,22,False
31,1,0.4,41,False
1,0,-0.30000000000000004,1,False
11,3,0.4,12,False
0,2,-0.30000000000000004,0,False
11,3,0.4,12,False
0,0,-0.30000000000000004,0,False
1,1,-2.0,1,False
3,1,0.4,13,False
60,2,-1.3,60,False
31,3,0.4,32,False
32,1,-2.0,32,False
10,0,-0.30000000000000004,0,False
0,3,0.4,1,False
32,1,0.4,42,False
10,2,-0.30000000000000004,10,False
1,3,-2.0,1,False
10,0,-0.30000000000000004,0,False
13,2,-0.30000000000000004,12,False
15,3,0.4,16,False
13,1,0.4,23,False
0,0,-0.30000000000000004,0,False
21,3,0.4,22,False
24,1,0.4,34,False
32,1,-3.0,32,False
0,3,-3.0,0,False
42,2,-0.30000000000000004,41,False
21,0,-2.0,21,False
14,3,0.4,15,False
33,1,0.4,43,False
0,2,-0.30000000000000004,0,False
21,0,-0.30000000000000004,11,False
45,3,0.4,46,False
0,3,-2.0,0,False
1,3,0.4,2,False
1,1,0.4,11,False
12,3,0.4,13,False
0,1,0.4,10,False
98,3,20.0,99,True
62,1,0.4,72,False
10,0,-1.3,0,False
23,1,-2.0,23,False
20,3,0.4,21,False
2,3,0.4,3,False
12,3,0.4,13,False
10,1,0.4,20,False
36,3,0.4,37,False
0,3,0.4,1,False
13,2,-0.30000000000000004,12,False
12,1,0.4,22,False
11,3,0.4,12,False
11,3,0.4,12,False
0,0,-0.30000000000000004,0,False
52,1,0.4,62,False
72,2,-0.30000000000000004,71,False
1,2,-0.30000000000000004,0,False
98,3,20.0,99,True
34,0,-0.30000000000000004,24,False
89,1,20.0,99,True
21,0,-0.30000000000000004,11,False
0,3,0.4,1,False
30,2,-0.30000000000000004,30,False
31,3,0.4,32,False
89,1,20.0,99,True
10,1,0.4,20,False
1,2,-0.30000000000000004,0,False
0,3,0.4,1,False
12,3,0.4,13,False
33,2,-0.30000000000000004,32,False
0,0,-0.30000000000000004,0,False
0,1,0.4,10,False
25,0,-0.30000000000000004,15,False
89,1,20.0,99,True
11,0,-1.3,1,False
2,2,-0.30000000000000004,1,False
16,3,0.4,17,False
22,3,-0.6,23,False
33,0,-0.30000000000000004,23,False
1,0,-0.30000000000000004,1,False
30,1,0.4,40,False
22,3,0.4,23,False
0,3,0.4,1,False
13,1,0.4,23,False
11,1,-2.0,11,False
0,1,0.4,10,False
13,3,0.4,14,False
89,1,20.0,99,True
2,2,-0.30000000000000004,1,False
20,1,0.4,30,False
0,1,0.4,10,False
22,3,0.4,23,False
62,3,0.4,63,False
10,1,0.4,20,False
2,3,-2.0,2,False
25,3,0.4,26,False
63,3,0.4,64,False
22,2,-2.0,22,False
14,1,0.4,24,False
89,1,20.0,99,True
10,3,0.4,11,False
63,3,0.4,64,False
3,0,-0.30000000000000004,3,False
10,1,0.4,20,False
2,0,-0.30000000000000004,2,False
11,1,0.4,21,False
11,3,0.4,12,False
89,1,20.0,99,True
35,1,0.4,45,False
4,2,-0.30000000000000004,3,False
21,2,-0.30000000000000004,20,False
0,1,0.4,10,False
89,1,20.0,99,True
89,1,20.0,99,True
13,3,0.4,14,False
10,3,0.4,11,False
0,3,0.4,1,False
0,0,-0.30000000000000004,0,False
98,3,20.0,99,True
11,1,0.4,21,False
0,1,0.4,10,False
20,1,0.4,30,False
1,2,-0.30000000000000004,0,False
20,1,0.4,30,False
10,0,-0.30000000000000004,0,False
0,1,0.4,10,False
10,1,0.4,20,False
51,1,0.4,61,False
23,2,-1.3,22,False
89,1,20.0,99,True
30,3,0.4,31,False
11,1,-2.0,11,False
20,2,-0.30000000000000004,20,False
10,2,-0.30000000000000004,10,False
11,1,0.4,21,False
89,1,20.0,99,True
0,1,0.4,10,False
0,3,0.4,1,False
31,1,-2.0,31,False
31,3,-2.0,31,False
1,1,0.4,11,False
0,1,-2.0,0,False
42,3,0.4,43,False
2,3,-2.0,2,False
12,3,0.4,13,False
21,1,0.4,31,False
4,1,0.4,14,False
1,0,-0.30000000000000004,1,False
0,1,0.4,10,False
89,1,20.0,99,True
0,1,-2.0,0,False
89,1,20.0,99,True
62,1,-0.6,72,False
50,3,0.4,51,False
20,0,-0.30000000000000004,10,False
98,3,20.0,99,True
12,1,0.4,22,False
98,3,20.0,99,True
41,3,0.4,42,False
2,1,-0.6,12,False
33,1,-3.0,33,False
21,1,0.4,31,False
89,1,20.0,99,True
33,1,0.4,43,False
10,2,-0.30000000000000004,10,False
10,0,-0.30000000000000004,0,False
34,0,-1.3,24,False
41,3,0.4,42,False
30,3,0.4,31,False
0,3,-2.0,0,False
22,2,-0.30000000000000004,21,False
1,1,0.4,11,False
42,1,0.4,52,False
15,1,0.4,25,False
13,0,-2.0,13,False
11,0,-0.30000000000000004,1,False
38,1,0.4,48,False
1,0,-1.3,1,False
98,3,20.0,99,True
20,1,0.4,30,False
1,0,-0.30000000000000004,1,False
11,1,0.4,21,False
4,2,-1.3,3,False
11,3,0.4,12,False
10,3,0.4,11,False
23,3,0.4,24,False
0,3,-2.0,0,False
2,2,-0.30000000000000004,1,False
40,3,0.4,41,False
22,2,-1.3,21,False
0,3,0.4,1,False
10,1,-2.0,10,False
31,1,0.4,41,False
10,2,-0.30000000000000004,10,False
1,1,0.4,11,False
12,2,-0.30000000000000004,11,False
1,1,-2.0,1,False
40,3,-2.0,40,False
2,3,0.4,3,False
31,1,0.4,41,False
3,2,-0.30000000000000004,2,False
11,1,0.4,21,False
89,1,20.0,99,True
89,1,20.0,99,True
1,2,-0.30000000000000004,0,False
11,0,-0.30000000000000004,1,False
34,3,-0.6,35,False
30,1,0.4,40,False
22,1,0.4,32,False
14,0,-0.30000000000000004,4,False
4,0,-0.30000000000000004,4,False
44,3,0.4,45,False
43,1,0.4,53,False
21,3,0.4,22,False
0,3,0.4,1,False
72,1,0.4,82,False
41,3,0.4,42,False
10,3,0.4,11,False
98,3,20.0,99,True
1,1,0.4,11,False
13,3,0.4,14,False
4,1,0.4,14,False
42,3,0.4,43,False
30,0,-0.30000000000000004,20,False
31,1,0.4,41,False
11,1,-2.0,11,False
3,1,0.4,13,False
0,1,0.4,10,False
20,3,0.4,21,False
0,1,0.4,10,False
12,1,-2.0,12,False
0,2,-0.30000000000000004,0,False
89,1,20.0,99,True
1,1,0.4,11,False
30,3,0.4,31,False
20,1,0.4,30,False
13,0,-0.30000000000000004,3,False
11,2,-2.0,11,False
12,1,-2.0,12,False
2,0,-0.30000000000000004,2,False
24,1,0.4,34,False
0,3,0.4,1,False
1,0,-0.30000000000000004,1,False
3,1,-0.6,13,False
11,1,-0.6,21,False
89,1,20.0,99,True
24,2,-0.30000000000000004,23,False
5,1,0.4,15,False
0,1,0.4,10,False
12,0,-0.30000000000000004,2,False
2,3,0.4,3,False
10,3,0.4,11,False
2,3,0.4,3,False
20,1,0.4,30,False
42,0,-0.30000000000000004,32,False
12,1,0.4,22,False
43,3,0.4,44,False
23,2,-0.30000000000000004,22,False
89,1,20.0,99,True
0,3,0.4,1,False
0,3,0.4,1,False
89,1,20.0,99,True
0,1,0.4,10,False
11,3,0.4,12,False
21,1,0.4,31,False
0,0,-0.30000000000000004,0,False
89,1,20.0,99,True
43,3,0.4,44,False
21,0,-0.30000000000000004,11,False
11,3,0.4,12,False
23,2,-0.30000000000000004,22,False
10,2,-0.30000000000000004,10,False
32,1,0.4,42,False
3,1,0.4,13,False
61,0,-0.30000000000000004,51,False
22,1,0.4,32,False
0,3,0.4,1,False
0,3,-2.0,0,False
1,0,-0.30000000000000004,1,False
89,1,20.0,99,True
10,1,0.4,20,False
5,1,0.4,15,False
0,3,0.4,1,False
3,1,0.4,13,False
13,0,-0.30000000000000004,3,False
89,1,20.0,99,True
11,3,-3.0,11,False
2,1,0.4,12,False
0,2,-0.30000000000000004,0,False
0,1,0.4,10,False
0,2,-0.30000000000000004,0,False
0,2,-0.30000000000000004,0,False
41,1,0.4,51,False
15,0,-0.30000000000000004,5,False
26,2,-0.30000000000000004,25,False
0,0,-0.30000000000000004,0,False
0,1,0.4,10,False
12,1,-3.0,12,False
42,3,0.4,43,False
0,3,-2.0,0,False
21,0,-1.3,11,False
35,2,-1.3,34,False
0,1,0.4,10,False
22,3,0.4,23,False
24,2,-0.30000000000000004,23,False
20,3,0.4,21,False
0,3,-2.0,0,False
3,3,0.4,4,False
10,0,-0.30000000000000004,0,False
42,1,-2.0,42,False
0,3,0.4,1,False
13,0,-0.30000000000000004,3,False
13,1,0.4,23,False
6,3,0.4,7,False
10,3,0.4,11,False
1,3,0.4,2,False
10,1,0.4,20,False
12,1,-0.6,22,False
0,3,0.4,1,False
0,3,-2.0,0,False
2,0,-0.30000000000000004,2,False
15,1,0.4,25,False
10,1,0.4,20,False
21,1,0.4,31,False
1,3,0.4,2,False
21,3,0.4,22,False
11,3,0.4,12,False
98,3,20.0,99,True
1,3,0.4,2,False
0,3,-2.0,0,False
10,3,0.4,11,False
54,2,-0.30000000000000004,53,False
0,1,0.4,10,False
20,3,0.4,21,False
12,3,0.4,13,False
32,2,-1.3,31,False
2,1,0.4,12,False
22,3,0.4,23,False
0,2,-0.30000000000000004,0,False
22,1,-2.0,22,False
0,3,-2.0,0,False
4,3,0.4,5,False
1,0,-0.30000000000000004,1,False
98,3,20.0,99,True
89,1,20.0,99,True
74,1,0.4,84,False
89,1,20.0,99,True
0,0,-0.30000000000000004,0,False
11,3,-2.0,11,False
11,3,0.4,12,False
0,3,0.4,1,False
3,1,-2.0,3,False
41,3,-0.6,42,False
0,0,-0.30000000000000004,0,False
1,3,0.4,2,False
98,3,20.0,99,True
21,1,0.4,31,False
12,0,-0.30000000000000004,2,False
40,1,0.4,50,False
0,1,0.4,10,False
21,2,-0.30000000000000004,20,False
10,1,0.4,20,False
1,3,0.4,2,False
98,3,20.0,99,True
21,3,-0.6,22,False
0,3,0.4,1,False
13,1,0.4,23,False
89,1,20.0,99,True
20,3,-2.0,20,False
10,1,0.4,20,False
0,3,-2.0,0,False
23,3,0.4,24,False
10,1,0.4,20,False
3,0,-0.30000000000000004,3,False
20,3,0.4,21,False
10,3,0.4,11,False
0,2,-0.30000000000000004,0,False
50,2,-0.30000000000000004,50,False
14,2,-0.30000000000000004,13,False
0,0,-0.30000000000000004,0,False
89,1,20.0,99,True
10,3,-2.0,10,False
0,2,-0.30000000000000004,0,False
23,2,-2.0,23,False
2,3,0.4,3,False
44,1,0.4,54,False
22,3,0.4,23,False
1,1,0.4,11,False
32,3,0.4,33,False
2,0,-0.30000000000000004,2,False
13,3,-2.0,13,False
1,3,0.4,2,False
10,1,0.4,20,False
12,0,-0.30000000000000004,2,False
21,3,0.4,22,False
89,1,20.0,99,True
30,0,-0.30000000000000004,20,False
10,2,-0.30000000000000004,10,False
1,1,-2.0,1,False
0,1,0.4,10,False
51,1,0.4,61,False
13,2,-0.30000000000000004,12,False
14,1,0.4,24,False
48,3,0.4,49,False
98,3,20.0,99,True
20,0,-0.30000000000000004,10,False
52,1,0.4,62,False
89,1,20.0,99,True
24,3,-2.0,24,False
42,3,0.4,43,False
1,3,0.4,2,False
22,1,0.4,32,False
1,0,-0.30000000000000004,1,False
1,1,-2.0,1,False
22,3,-2.0,22,False
0,1,-2.0,0,False
0,1,0.4,10,False
10,3,0.4,11,False
21,2,-0.30000000000000004,20,False
1,1,-3.0,1,False
1,3,0.4,2,False
98,3,20.0,99,True
16,3,0.4,17,False
89,1,20.0,99,True
13,0,-0.30000000000000004,3,False
40,1,0.4,50,False
52,3,0.4,53,False
35,1,0.4,45,False
31,3,-2.0,31,False
21,1,0.4,31,False
11,2,-0.30000000000000004,10,False
20,0,-0.30000000000000004,10,False
89,1,20.0,99,True
13,3,0.4,14,False
10,1,0.4,20,False
45,1,0.4,55,False
1,3,0.4,2,False
11,3,0.4,12,False
4,1,0.4,14,False
0,2,-0.30000000000000004,0,False
31,3,0.4,32,False
